/*
||===============================================================================================================
||
||  ELEMENTS:
||
||===============================================================================================================
*/
-- CR ELEMENTS
INSERT INTO "CR_ELEMENTS" ("ELEMENT_ID", "DESCRIPTION", "TIME_STAMP", "USER_ID", "ORDER", "TYPE", "WIDTH", "DECIMAL", "DEFAULT_VALUE", "HIDE", "ELEMENT_TABLE", "GL_ACTUAL_OR_BUDGET", "GL_ELEMENT", "ELEMENT_PIPELINE", "FIELD_SEARCH_VIEW", "ELEMENT_COLUMN", "CAPITAL_ENTRY", "EXPENSE_ENTRY", "STRUCTURE_ID", "BUDGETING_ELEMENT", "BUDGET_STEP1_COLUMN", "BUDGET_STEP1_ROWS", "BUDGET_STEP2_ALLOC", "COL_WIDTH", "CR_SUM_AB_ROLLUP", "ELEMENT_WHERE", "INCLUDE_CR_BALANCES", "VALUES_BY_COMPANY") VALUES (1, 'Company', to_date('2011-07-20 10:35:53', 'yyyy-mm-dd hh24:mi:ss'), 'PWRPLANT', 1, 'VarChar2', 4, 0, ' ', 0, 'cr_md_company', 0, 'company', null, null, 'company', null, null, null, 'company', null, null, null, 247, 0, null, 1, 0) ; 
INSERT INTO "CR_ELEMENTS" ("ELEMENT_ID", "DESCRIPTION", "TIME_STAMP", "USER_ID", "ORDER", "TYPE", "WIDTH", "DECIMAL", "DEFAULT_VALUE", "HIDE", "ELEMENT_TABLE", "GL_ACTUAL_OR_BUDGET", "GL_ELEMENT", "ELEMENT_PIPELINE", "FIELD_SEARCH_VIEW", "ELEMENT_COLUMN", "CAPITAL_ENTRY", "EXPENSE_ENTRY", "STRUCTURE_ID", "BUDGETING_ELEMENT", "BUDGET_STEP1_COLUMN", "BUDGET_STEP1_ROWS", "BUDGET_STEP2_ALLOC", "COL_WIDTH", "CR_SUM_AB_ROLLUP", "ELEMENT_WHERE", "INCLUDE_CR_BALANCES", "VALUES_BY_COMPANY") VALUES (2, 'Cost Center', to_date('2011-07-20 10:35:53', 'yyyy-mm-dd hh24:mi:ss'), 'PWRPLANT', 2, 'VarChar2', 10, 0, ' ', 0, 'cr_md_cost_center', 0, 'cost_center', null, null, 'cost_center', null, null, null, 'cost_center', null, null, null, 229, 0, null, 0, 1) ; 
INSERT INTO "CR_ELEMENTS" ("ELEMENT_ID", "DESCRIPTION", "TIME_STAMP", "USER_ID", "ORDER", "TYPE", "WIDTH", "DECIMAL", "DEFAULT_VALUE", "HIDE", "ELEMENT_TABLE", "GL_ACTUAL_OR_BUDGET", "GL_ELEMENT", "ELEMENT_PIPELINE", "FIELD_SEARCH_VIEW", "ELEMENT_COLUMN", "CAPITAL_ENTRY", "EXPENSE_ENTRY", "STRUCTURE_ID", "BUDGETING_ELEMENT", "BUDGET_STEP1_COLUMN", "BUDGET_STEP1_ROWS", "BUDGET_STEP2_ALLOC", "COL_WIDTH", "CR_SUM_AB_ROLLUP", "ELEMENT_WHERE", "INCLUDE_CR_BALANCES", "VALUES_BY_COMPANY") VALUES (3, 'Cost Element', to_date('2011-07-20 10:35:53', 'yyyy-mm-dd hh24:mi:ss'), 'PWRPLANT', 3, 'VarChar2', 10, 0, ' ', 0, 'cr_md_cost_element', 0, 'cost_element', null, null, 'cost_element', null, null, null, 'cost_element', null, null, 1, 210, 0, null, 0, 1) ; 
INSERT INTO "CR_ELEMENTS" ("ELEMENT_ID", "DESCRIPTION", "TIME_STAMP", "USER_ID", "ORDER", "TYPE", "WIDTH", "DECIMAL", "DEFAULT_VALUE", "HIDE", "ELEMENT_TABLE", "GL_ACTUAL_OR_BUDGET", "GL_ELEMENT", "ELEMENT_PIPELINE", "FIELD_SEARCH_VIEW", "ELEMENT_COLUMN", "CAPITAL_ENTRY", "EXPENSE_ENTRY", "STRUCTURE_ID", "BUDGETING_ELEMENT", "BUDGET_STEP1_COLUMN", "BUDGET_STEP1_ROWS", "BUDGET_STEP2_ALLOC", "COL_WIDTH", "CR_SUM_AB_ROLLUP", "ELEMENT_WHERE", "INCLUDE_CR_BALANCES", "VALUES_BY_COMPANY") VALUES (4, 'Work Order Number', to_date('2011-07-20 10:35:53', 'yyyy-mm-dd hh24:mi:ss'), 'PWRPLANT', 4, 'VarChar2', 35, 0, ' ', 0, 'cr_md_work_order_number', 0, 'work_order_number', null, null, 'work_order_number', null, null, null, 'work_order_number', 1, null, null, 229, 0, null, 0, 1) ; 
INSERT INTO "CR_ELEMENTS" ("ELEMENT_ID", "DESCRIPTION", "TIME_STAMP", "USER_ID", "ORDER", "TYPE", "WIDTH", "DECIMAL", "DEFAULT_VALUE", "HIDE", "ELEMENT_TABLE","GL_ACTUAL_OR_BUDGET", "GL_ELEMENT", "ELEMENT_PIPELINE", "FIELD_SEARCH_VIEW", "ELEMENT_COLUMN", "CAPITAL_ENTRY", "EXPENSE_ENTRY", "STRUCTURE_ID", "BUDGETING_ELEMENT", "BUDGET_STEP1_COLUMN", "BUDGET_STEP1_ROWS", "BUDGET_STEP2_ALLOC", "COL_WIDTH", "CR_SUM_AB_ROLLUP", "ELEMENT_WHERE", "INCLUDE_CR_BALANCES", "VALUES_BY_COMPANY") VALUES (5, 'Operation', to_date('2011-12-14 11:34:09', 'yyyy-mm-dd hh24:mi:ss'), 'PWRPLANT', 7, 'VarChar2', 35, 0, ' ', 0, 'cr_md_operation', 0, 'operation', null, null, 'operation', null, null, null, 'operation', null, null, null, 100, 0, null, 0, 1) ; 
INSERT INTO "CR_ELEMENTS" ("ELEMENT_ID", "DESCRIPTION", "TIME_STAMP", "USER_ID", "ORDER", "TYPE", "WIDTH", "DECIMAL", "DEFAULT_VALUE", "HIDE", "ELEMENT_TABLE", "GL_ACTUAL_OR_BUDGET", "GL_ELEMENT", "ELEMENT_PIPELINE", "FIELD_SEARCH_VIEW", "ELEMENT_COLUMN", "CAPITAL_ENTRY", "EXPENSE_ENTRY", "STRUCTURE_ID", "BUDGETING_ELEMENT", "BUDGET_STEP1_COLUMN", "BUDGET_STEP1_ROWS", "BUDGET_STEP2_ALLOC", "COL_WIDTH", "CR_SUM_AB_ROLLUP", "ELEMENT_WHERE", "INCLUDE_CR_BALANCES", "VALUES_BY_COMPANY") VALUES (6, 'Profit Center', to_date('2011-07-20 10:35:53', 'yyyy-mm-dd hh24:mi:ss'), 'PWRPLANT', 8, 'VarChar2', 10, 0, ' ', 0, 'cr_md_profit_center', 0, 'profit_center', null, null, 'profit_center', null, null, null, 'profit_center', null, null, null, 302, 0, null, 0, 1) ; 
INSERT INTO "CR_ELEMENTS" ("ELEMENT_ID", "DESCRIPTION", "TIME_STAMP", "USER_ID", "ORDER", "TYPE", "WIDTH", "DECIMAL", "DEFAULT_VALUE", "HIDE", "ELEMENT_TABLE", "GL_ACTUAL_OR_BUDGET", "GL_ELEMENT", "ELEMENT_PIPELINE", "FIELD_SEARCH_VIEW", "ELEMENT_COLUMN", "CAPITAL_ENTRY", "EXPENSE_ENTRY", "STRUCTURE_ID", "BUDGETING_ELEMENT", "BUDGET_STEP1_COLUMN", "BUDGET_STEP1_ROWS", "BUDGET_STEP2_ALLOC", "COL_WIDTH", "CR_SUM_AB_ROLLUP", "ELEMENT_WHERE", "INCLUDE_CR_BALANCES", "VALUES_BY_COMPANY") VALUES (7, 'Account', to_date('2011-07-20 10:35:53', 'yyyy-mm-dd hh24:mi:ss'), 'PWRPLANT', 9, 'VarChar2', 10, 0, ' ', 0, 'cr_md_account', 0, 'account', null, null, 'account', null, null, null, 'account', null, 1, null, 300, 0, null, 1, 1) ; 
INSERT INTO "CR_ELEMENTS" ("ELEMENT_ID", "DESCRIPTION", "TIME_STAMP", "USER_ID", "ORDER", "TYPE", "WIDTH", "DECIMAL", "DEFAULT_VALUE", "HIDE", "ELEMENT_TABLE", "GL_ACTUAL_OR_BUDGET", "GL_ELEMENT", "ELEMENT_PIPELINE", "FIELD_SEARCH_VIEW", "ELEMENT_COLUMN", "CAPITAL_ENTRY", "EXPENSE_ENTRY", "STRUCTURE_ID", "BUDGETING_ELEMENT", "BUDGET_STEP1_COLUMN", "BUDGET_STEP1_ROWS", "BUDGET_STEP2_ALLOC", "COL_WIDTH", "CR_SUM_AB_ROLLUP", "ELEMENT_WHERE", "INCLUDE_CR_BALANCES", "VALUES_BY_COMPANY") VALUES (8, 'Assignment', to_date('2011-07-20 10:35:53', 'yyyy-mm-dd hh24:mi:ss'), 'PWRPLANT', 10, 'VarChar2', 18, 0, ' ', 0, 'cr_md_assignment', 0, 'assignment', null, null, 'assignment', null, null, null, 'assignment', null, null, null, 375, 0, null, 0, 0) ; 
INSERT INTO "CR_ELEMENTS" ("ELEMENT_ID", "DESCRIPTION", "TIME_STAMP", "USER_ID", "ORDER", "TYPE", "WIDTH", "DECIMAL", "DEFAULT_VALUE", "HIDE", "ELEMENT_TABLE", "GL_ACTUAL_OR_BUDGET", "GL_ELEMENT", "ELEMENT_PIPELINE", "FIELD_SEARCH_VIEW", "ELEMENT_COLUMN", "CAPITAL_ENTRY", "EXPENSE_ENTRY", "STRUCTURE_ID", "BUDGETING_ELEMENT", "BUDGET_STEP1_COLUMN", "BUDGET_STEP1_ROWS", "BUDGET_STEP2_ALLOC", "COL_WIDTH", "CR_SUM_AB_ROLLUP", "ELEMENT_WHERE", "INCLUDE_CR_BALANCES", "VALUES_BY_COMPANY") VALUES (9, 'Posting Order', to_date('2011-07-20 11:04:07', 'yyyy-mm-dd hh24:mi:ss'), 'PWRPLANT', 17, 'VarChar2', 12, 0, ' ', 0, 'cr_md_order_number', 0, 'order_number', null, null, 'order_number', null, null, null, 'order_number', null, null, null, 375, 0, null, 0, 1) ; 
INSERT INTO "CR_ELEMENTS" ("ELEMENT_ID", "DESCRIPTION", "TIME_STAMP", "USER_ID", "ORDER", "TYPE", "WIDTH", "DECIMAL", "DEFAULT_VALUE", "HIDE", "ELEMENT_TABLE", "GL_ACTUAL_OR_BUDGET", "GL_ELEMENT", "ELEMENT_PIPELINE", "FIELD_SEARCH_VIEW", "ELEMENT_COLUMN", "CAPITAL_ENTRY", "EXPENSE_ENTRY", "STRUCTURE_ID", "BUDGETING_ELEMENT", "BUDGET_STEP1_COLUMN", "BUDGET_STEP1_ROWS", "BUDGET_STEP2_ALLOC", "COL_WIDTH", "CR_SUM_AB_ROLLUP", "ELEMENT_WHERE", "INCLUDE_CR_BALANCES", "VALUES_BY_COMPANY") VALUES (10, 'Posting Operation', to_date('2011-07-20 11:04:07', 'yyyy-mm-dd hh24:mi:ss'), 'PWRPLANT', 18, 'VarChar2', 4, 0, ' ', 0, 'cr_md_posting_operation', 0, 'operation', null, null, 'operation', null, null, null, 'operation', null, null, null, 224, 0, null, 0, 1) ; 
INSERT INTO "CR_ELEMENTS" ("ELEMENT_ID", "DESCRIPTION", "TIME_STAMP", "USER_ID", "ORDER", "TYPE", "WIDTH", "DECIMAL", "DEFAULT_VALUE", "HIDE", "ELEMENT_TABLE", "GL_ACTUAL_OR_BUDGET", "GL_ELEMENT", "ELEMENT_PIPELINE", "FIELD_SEARCH_VIEW", "ELEMENT_COLUMN", "CAPITAL_ENTRY", "EXPENSE_ENTRY", "STRUCTURE_ID", "BUDGETING_ELEMENT", "BUDGET_STEP1_COLUMN", "BUDGET_STEP1_ROWS", "BUDGET_STEP2_ALLOC", "COL_WIDTH", "CR_SUM_AB_ROLLUP", "ELEMENT_WHERE", "INCLUDE_CR_BALANCES", "VALUES_BY_COMPANY") VALUES (11, 'Posting WBS', to_date('2011-07-20 11:04:07', 'yyyy-mm-dd hh24:mi:ss'), 'PWRPLANT', 19, 'VarChar2', 24, 0, ' ', 0, 'cr_md_wbs', 0, 'wbs', null, null, 'wbs', null, null, null, 'wbs', null, null, null, 315, 1, null, 0, 1) ; 
INSERT INTO "CR_ELEMENTS" ("ELEMENT_ID", "DESCRIPTION", "TIME_STAMP", "USER_ID", "ORDER", "TYPE", "WIDTH", "DECIMAL", "DEFAULT_VALUE", "HIDE", "ELEMENT_TABLE", "GL_ACTUAL_OR_BUDGET", "GL_ELEMENT", "ELEMENT_PIPELINE", "FIELD_SEARCH_VIEW", "ELEMENT_COLUMN", "CAPITAL_ENTRY", "EXPENSE_ENTRY", "STRUCTURE_ID", "BUDGETING_ELEMENT", "BUDGET_STEP1_COLUMN", "BUDGET_STEP1_ROWS", "BUDGET_STEP2_ALLOC", "COL_WIDTH", "CR_SUM_AB_ROLLUP", "ELEMENT_WHERE", "INCLUDE_CR_BALANCES", "VALUES_BY_COMPANY") VALUES (12, 'Posting Cost Center', to_date('2011-07-20 11:04:07', 'yyyy-mm-dd hh24:mi:ss'), 'PWRPLANT', 20, 'VarChar2', 10, 0, ' ', 0, 'cr_md_cost_center', 0, 'cost_center', null, null, 'cost_center', null, null, null, 'cost_center', null, null, null, 229, 0, null, 0, 1) ; 
INSERT INTO "CR_ELEMENTS" ("ELEMENT_ID", "DESCRIPTION", "TIME_STAMP", "USER_ID", "ORDER", "TYPE", "WIDTH", "DECIMAL", "DEFAULT_VALUE", "HIDE", "ELEMENT_TABLE", "GL_ACTUAL_OR_BUDGET", "GL_ELEMENT", "ELEMENT_PIPELINE", "FIELD_SEARCH_VIEW", "ELEMENT_COLUMN", "CAPITAL_ENTRY", "EXPENSE_ENTRY", "STRUCTURE_ID", "BUDGETING_ELEMENT", "BUDGET_STEP1_COLUMN", "BUDGET_STEP1_ROWS", "BUDGET_STEP2_ALLOC", "COL_WIDTH", "CR_SUM_AB_ROLLUP", "ELEMENT_WHERE", "INCLUDE_CR_BALANCES", "VALUES_BY_COMPANY") VALUES (13, 'Trading Partner', to_date('2011-07-20 10:54:49', 'yyyy-mm-dd hh24:mi:ss'), 'PWRPLANT', 16, 'VarChar2', 6, 0, ' ', 0, 'cr_md_trading_partner', 0, 'trading_partner', null, null, 'trading_partner', null, null, null, 'trading_partner', null, null, null, 250, 0, null, 0, 0) ; 
INSERT INTO "CR_ELEMENTS" ("ELEMENT_ID", "DESCRIPTION", "TIME_STAMP", "USER_ID", "ORDER", "TYPE", "WIDTH", "DECIMAL", "DEFAULT_VALUE", "HIDE", "ELEMENT_TABLE", "GL_ACTUAL_OR_BUDGET", "GL_ELEMENT", "ELEMENT_PIPELINE", "FIELD_SEARCH_VIEW", "ELEMENT_COLUMN", "CAPITAL_ENTRY", "EXPENSE_ENTRY", "STRUCTURE_ID", "BUDGETING_ELEMENT", "BUDGET_STEP1_COLUMN", "BUDGET_STEP1_ROWS", "BUDGET_STEP2_ALLOC", "COL_WIDTH", "CR_SUM_AB_ROLLUP", "ELEMENT_WHERE", "INCLUDE_CR_BALANCES", "VALUES_BY_COMPANY") VALUES (14, 'Posting Attribute', to_date('2011-07-20 10:54:49', 'yyyy-mm-dd hh24:mi:ss'), 'PWRPLANT', 21, 'VarChar2', 50, 0, ' ', 0, 'cr_md_posting_attribute', 0, 'posting_attribute', null, null, 'posting_attribute', null, null, null, 'posting_attribute', null, null, null, 300, 0, null, 0, 0) ; 
INSERT INTO "CR_ELEMENTS" ("ELEMENT_ID", "DESCRIPTION", "TIME_STAMP", "USER_ID", "ORDER", "TYPE", "WIDTH", "DECIMAL", "DEFAULT_VALUE", "HIDE", "ELEMENT_TABLE", "GL_ACTUAL_OR_BUDGET", "GL_ELEMENT", "ELEMENT_PIPELINE", "FIELD_SEARCH_VIEW", "ELEMENT_COLUMN", "CAPITAL_ENTRY", "EXPENSE_ENTRY", "STRUCTURE_ID", "BUDGETING_ELEMENT", "BUDGET_STEP1_COLUMN", "BUDGET_STEP1_ROWS", "BUDGET_STEP2_ALLOC", "COL_WIDTH", "CR_SUM_AB_ROLLUP", "ELEMENT_WHERE", "INCLUDE_CR_BALANCES", "VALUES_BY_COMPANY") VALUES (15, 'Object Number', to_date('2011-07-20 11:04:07', 'yyyy-mm-dd hh24:mi:ss'), 'PWRPLANT', 23, 'VarChar2', 22, 0, ' ', 0, 'cr_md_object_number', 0, 'object_number', null, null, 'object_number', null, null, null, 'object_number', null, null, null, 315, 0, null, 0, 0) ; 
INSERT INTO "CR_ELEMENTS" 
("ELEMENT_ID", "DESCRIPTION", "ORDER", "TYPE", "WIDTH", "DECIMAL", "DEFAULT_VALUE", "HIDE", "ELEMENT_TABLE", "GL_ACTUAL_OR_BUDGET", "GL_ELEMENT", "ELEMENT_PIPELINE", "FIELD_SEARCH_VIEW", "ELEMENT_COLUMN", "CAPITAL_ENTRY", "EXPENSE_ENTRY", "STRUCTURE_ID", "BUDGETING_ELEMENT", "BUDGET_STEP1_COLUMN", "BUDGET_STEP1_ROWS", "BUDGET_STEP2_ALLOC", "COL_WIDTH", "CR_SUM_AB_ROLLUP", "ELEMENT_WHERE", "INCLUDE_CR_BALANCES", "VALUES_BY_COMPANY")
VALUES 
(24, 'Segment', 24, 'VarChar2', 10, 0, ' ', 0, 'cr_md_segment', 0, 'segment', NULL, NULL, 'segment', NULL, NULL, NULL, 'segment', NULL, NULL, NULL, 250, 0, NULL, 0, 0); 

INSERT INTO "CR_ELEMENTS" ("ELEMENT_ID", "DESCRIPTION", "TIME_STAMP", "USER_ID", "ORDER", "TYPE", "WIDTH", "DECIMAL", "DEFAULT_VALUE", "HIDE", "ELEMENT_TABLE", "GL_ACTUAL_OR_BUDGET", "GL_ELEMENT", "ELEMENT_PIPELINE", "FIELD_SEARCH_VIEW", "ELEMENT_COLUMN", "CAPITAL_ENTRY", "EXPENSE_ENTRY", "STRUCTURE_ID", "BUDGETING_ELEMENT", "BUDGET_STEP1_COLUMN", "BUDGET_STEP1_ROWS", "BUDGET_STEP2_ALLOC", "COL_WIDTH", "CR_SUM_AB_ROLLUP", "ELEMENT_WHERE", "INCLUDE_CR_BALANCES", "VALUES_BY_COMPANY") VALUES (16, 'Document Type', to_date('2011-07-20 10:35:53', 'yyyy-mm-dd hh24:mi:ss'), 'PWRPLANT', 12, 'VarChar2', 2, 0, ' ', 0, 'cr_md_document_type', 0, 'document_type', null, null, 'document_type', null, null, null, 'document_type', null, null, null, 100, 0, null, 0, 0) ; 
INSERT INTO "CR_ELEMENTS" ("ELEMENT_ID", "DESCRIPTION", "TIME_STAMP", "USER_ID", "ORDER", "TYPE", "WIDTH", "DECIMAL", "DEFAULT_VALUE", "HIDE", "ELEMENT_TABLE", "GL_ACTUAL_OR_BUDGET", "GL_ELEMENT", "ELEMENT_PIPELINE", "FIELD_SEARCH_VIEW", "ELEMENT_COLUMN", "CAPITAL_ENTRY", "EXPENSE_ENTRY", "STRUCTURE_ID", "BUDGETING_ELEMENT", "BUDGET_STEP1_COLUMN", "BUDGET_STEP1_ROWS", "BUDGET_STEP2_ALLOC", "COL_WIDTH", "CR_SUM_AB_ROLLUP", "ELEMENT_WHERE", "INCLUDE_CR_BALANCES", "VALUES_BY_COMPANY") VALUES (17, 'Business Area', to_date('2011-07-20 10:35:53', 'yyyy-mm-dd hh24:mi:ss'), 'PWRPLANT', 11, 'VarChar2', 4, 0, ' ', 0, 'cr_md_business_area', 0, 'business_area', null, null, 'business_area', null, null, null, 'business_area', null, null, null, 100, 0, null, 1, 0) ; 
INSERT INTO "CR_ELEMENTS" ("ELEMENT_ID", "DESCRIPTION", "TIME_STAMP", "USER_ID", "ORDER", "TYPE", "WIDTH", "DECIMAL", "DEFAULT_VALUE", "HIDE", "ELEMENT_TABLE", "GL_ACTUAL_OR_BUDGET", "GL_ELEMENT", "ELEMENT_PIPELINE", "FIELD_SEARCH_VIEW", "ELEMENT_COLUMN", "CAPITAL_ENTRY", "EXPENSE_ENTRY", "STRUCTURE_ID", "BUDGETING_ELEMENT", "BUDGET_STEP1_COLUMN", "BUDGET_STEP1_ROWS", "BUDGET_STEP2_ALLOC", "COL_WIDTH", "CR_SUM_AB_ROLLUP", "ELEMENT_WHERE", "INCLUDE_CR_BALANCES", "VALUES_BY_COMPANY") VALUES (18, 'Order Number', to_date('2011-07-20 10:35:53', 'yyyy-mm-dd hh24:mi:ss'), 'PWRPLANT', 5, 'VarChar2', 12, 0, ' ', 0, 'cr_md_order_number', 0, 'order_number', null, null, 'order_number', null, null, null, 'order_number', null, null, null, 200, 0, null, 0, 1) ; 
INSERT INTO "CR_ELEMENTS" ("ELEMENT_ID", "DESCRIPTION", "TIME_STAMP", "USER_ID", "ORDER", "TYPE", "WIDTH", "DECIMAL", "DEFAULT_VALUE", "HIDE", "ELEMENT_TABLE", "GL_ACTUAL_OR_BUDGET", "GL_ELEMENT", "ELEMENT_PIPELINE", "FIELD_SEARCH_VIEW", "ELEMENT_COLUMN", "CAPITAL_ENTRY", "EXPENSE_ENTRY", "STRUCTURE_ID", "BUDGETING_ELEMENT", "BUDGET_STEP1_COLUMN", "BUDGET_STEP1_ROWS", "BUDGET_STEP2_ALLOC", "COL_WIDTH", "CR_SUM_AB_ROLLUP", "ELEMENT_WHERE", "INCLUDE_CR_BALANCES", "VALUES_BY_COMPANY") VALUES (19, 'Jurisdiction', to_date('2011-07-20 10:54:24', 'yyyy-mm-dd hh24:mi:ss'), 'PWRPLANT', 13, 'VarChar2', 15, 0, ' ', 0, 'cr_md_jurisdiction', 0, 'jurisdiction', null, null, 'jurisdiction', null, null, null, 'jurisdiction', null, null, null, 400, 0, null, 0, 0) ; 
INSERT INTO "CR_ELEMENTS" ("ELEMENT_ID", "DESCRIPTION", "TIME_STAMP", "USER_ID", "ORDER", "TYPE", "WIDTH", "DECIMAL", "DEFAULT_VALUE", "HIDE", "ELEMENT_TABLE", "GL_ACTUAL_OR_BUDGET", "GL_ELEMENT", "ELEMENT_PIPELINE", "FIELD_SEARCH_VIEW", "ELEMENT_COLUMN", "CAPITAL_ENTRY", "EXPENSE_ENTRY", "STRUCTURE_ID", "BUDGETING_ELEMENT", "BUDGET_STEP1_COLUMN", "BUDGET_STEP1_ROWS", "BUDGET_STEP2_ALLOC", "COL_WIDTH", "CR_SUM_AB_ROLLUP", "ELEMENT_WHERE", "INCLUDE_CR_BALANCES", "VALUES_BY_COMPANY") VALUES (20, 'Tax Code', to_date('2011-07-20 10:54:24', 'yyyy-mm-dd hh24:mi:ss'), 'PWRPLANT', 14, 'VarChar2', 2, 0, ' ', 0, 'cr_md_tax_code', 0, 'tax_code', null, null, 'tax_code', null, null, null, 'tax_code', null, null, null, 200, 0, null, 0, 0) ; 
INSERT INTO "CR_ELEMENTS" ("ELEMENT_ID", "DESCRIPTION", "TIME_STAMP", "USER_ID", "ORDER", "TYPE", "WIDTH", "DECIMAL", "DEFAULT_VALUE", "HIDE", "ELEMENT_TABLE", "GL_ACTUAL_OR_BUDGET", "GL_ELEMENT", "ELEMENT_PIPELINE", "FIELD_SEARCH_VIEW", "ELEMENT_COLUMN", "CAPITAL_ENTRY", "EXPENSE_ENTRY", "STRUCTURE_ID", "BUDGETING_ELEMENT", "BUDGET_STEP1_COLUMN", "BUDGET_STEP1_ROWS", "BUDGET_STEP2_ALLOC", "COL_WIDTH", "CR_SUM_AB_ROLLUP", "ELEMENT_WHERE", "INCLUDE_CR_BALANCES", "VALUES_BY_COMPANY") VALUES (21, 'WBS', to_date('2011-07-20 11:04:07', 'yyyy-mm-dd hh24:mi:ss'), 'PWRPLANT', 6, 'VarChar2', 24, 0, ' ', 0, 'cr_md_wbs', 0, 'wbs', null, null, 'wbs', null, null, null, 'wbs', null, null, null, 315, 1, null, 0, 1) ; 
INSERT INTO "CR_ELEMENTS" ("ELEMENT_ID", "DESCRIPTION", "TIME_STAMP", "USER_ID", "ORDER", "TYPE", "WIDTH", "DECIMAL", "DEFAULT_VALUE", "HIDE", "ELEMENT_TABLE", "GL_ACTUAL_OR_BUDGET", "GL_ELEMENT", "ELEMENT_PIPELINE", "FIELD_SEARCH_VIEW", "ELEMENT_COLUMN", "CAPITAL_ENTRY", "EXPENSE_ENTRY", "STRUCTURE_ID", "BUDGETING_ELEMENT", "BUDGET_STEP1_COLUMN", "BUDGET_STEP1_ROWS", "BUDGET_STEP2_ALLOC", "COL_WIDTH", "CR_SUM_AB_ROLLUP", "ELEMENT_WHERE", "INCLUDE_CR_BALANCES", "VALUES_BY_COMPANY") VALUES (22, 'Responsible Cost Center', to_date('2011-07-20 11:04:07', 'yyyy-mm-dd hh24:mi:ss'), 'PWRPLANT', 15, 'VarChar2', 10, 0, null, 0, 'cr_md_cost_center', 0, 'cost_center', null, null, 'cost_center', null, null, null, 'cost_center', null, null, null, 229, 0, null, 0, 1) ; 
INSERT INTO "CR_ELEMENTS" ("ELEMENT_ID", "DESCRIPTION", "TIME_STAMP", "USER_ID", "ORDER", "TYPE", "WIDTH", "DECIMAL", "DEFAULT_VALUE", "HIDE", "ELEMENT_TABLE", "GL_ACTUAL_OR_BUDGET", "GL_ELEMENT", "ELEMENT_PIPELINE", "FIELD_SEARCH_VIEW", "ELEMENT_COLUMN", "CAPITAL_ENTRY", "EXPENSE_ENTRY", "STRUCTURE_ID", "BUDGETING_ELEMENT", "BUDGET_STEP1_COLUMN", "BUDGET_STEP1_ROWS", "BUDGET_STEP2_ALLOC", "COL_WIDTH", "CR_SUM_AB_ROLLUP", "ELEMENT_WHERE", "INCLUDE_CR_BALANCES", "VALUES_BY_COMPANY") VALUES (23, 'Partner Object', to_date('2011-07-20 11:21:15', 'yyyy-mm-dd hh24:mi:ss'), 'PWRPLANT', 22, 'VarChar2', 12, 0, null, 0, 'cr_md_partner_object_v', 0, 'partner_object', null, null, 'partner_object', null, null, null, 'partner_object', null, null, null, 300, 0, null, 0, 0) ; 

update cr_elements
	set budgeting_element = lower(replace(description,' ','_'))
 where upper(trim(description)) in ('RESPONSIBLE COST CENTER', 'POSTING ORDER', 'POSTING OPERATION', 'POSTING WBS', 'POSTING COST CENTER');

update cr_elements
	set default_value = ' ';

-- CR ELEMENTS FIELDS																																																				
INSERT INTO "CR_ELEMENTS_FIELDS" ("ELEMENT_ID", "FIELD_ID", "DESCRIPTION", "TIME_STAMP", "USER_ID", "ORDER", "TYPE", "WIDTH", "DECIMAL", "COL_WIDTH", "INCLUDE_IN_QUERY") VALUES (1, 1, 'Company', to_date('2011-03-29 13:46:00', 'yyyy-mm-dd hh24:mi:ss'), 'PWRPLANT', 1, 'VarChar2', 4, 0, null, 1) ; 
INSERT INTO "CR_ELEMENTS_FIELDS" ("ELEMENT_ID", "FIELD_ID", "DESCRIPTION", "TIME_STAMP", "USER_ID", "ORDER", "TYPE", "WIDTH", "DECIMAL", "COL_WIDTH", "INCLUDE_IN_QUERY") VALUES (1, 2, 'Description', to_date('2011-03-15 11:03:55', 'yyyy-mm-dd hh24:mi:ss'), 'PWRPLANT', 2, 'VarChar2', 254, 0, null, 0) ; 
INSERT INTO "CR_ELEMENTS_FIELDS" ("ELEMENT_ID", "FIELD_ID", "DESCRIPTION", "TIME_STAMP", "USER_ID", "ORDER", "TYPE", "WIDTH", "DECIMAL", "COL_WIDTH", "INCLUDE_IN_QUERY") VALUES (1, 3, 'Budget Value', to_date('2011-03-15 11:03:55', 'yyyy-mm-dd hh24:mi:ss'), 'PWRPLANT', 3, 'VarChar2', 4, 0, null, 0) ; 
INSERT INTO "CR_ELEMENTS_FIELDS" ("ELEMENT_ID", "FIELD_ID", "DESCRIPTION", "TIME_STAMP", "USER_ID", "ORDER", "TYPE", "WIDTH", "DECIMAL", "COL_WIDTH", "INCLUDE_IN_QUERY") VALUES (1, 4, 'Budgeting Value', to_date('2011-03-15 11:03:55', 'yyyy-mm-dd hh24:mi:ss'), 'PWRPLANT', 4, 'VarChar2', 4, 0, null, 0) ; 
INSERT INTO "CR_ELEMENTS_FIELDS" ("ELEMENT_ID", "FIELD_ID", "DESCRIPTION", "TIME_STAMP", "USER_ID", "ORDER", "TYPE", "WIDTH", "DECIMAL", "COL_WIDTH", "INCLUDE_IN_QUERY") VALUES (1, 5, 'Element Type', to_date('2011-03-15 11:03:55', 'yyyy-mm-dd hh24:mi:ss'), 'PWRPLANT', 5, 'VarChar2', 35, 0, null, 0) ; 
INSERT INTO "CR_ELEMENTS_FIELDS" ("ELEMENT_ID", "FIELD_ID", "DESCRIPTION", "TIME_STAMP", "USER_ID", "ORDER", "TYPE", "WIDTH", "DECIMAL", "COL_WIDTH", "INCLUDE_IN_QUERY") VALUES (1, 6, 'Labor Flag', to_date('2011-03-15 11:03:55', 'yyyy-mm-dd hh24:mi:ss'), 'PWRPLANT', 6, 'VarChar2', 2, 0, null, 0) ; 
INSERT INTO "CR_ELEMENTS_FIELDS" ("ELEMENT_ID", "FIELD_ID", "DESCRIPTION", "TIME_STAMP", "USER_ID", "ORDER", "TYPE", "WIDTH", "DECIMAL", "COL_WIDTH", "INCLUDE_IN_QUERY") VALUES (1, 7, 'Validation Status ID', to_date('2011-03-15 11:03:56', 'yyyy-mm-dd hh24:mi:ss'), 'PWRPLANT', 7, 'Number', 1, 0, null, 0) ;																			
INSERT INTO "CR_ELEMENTS_FIELDS" ("ELEMENT_ID", "FIELD_ID", "DESCRIPTION", "TIME_STAMP", "USER_ID", "ORDER", "TYPE", "WIDTH", "DECIMAL", "COL_WIDTH", "INCLUDE_IN_QUERY") VALUES (1, 8, 'Effective Month Number', to_date('2011-03-15 11:03:55', 'yyyy-mm-dd hh24:mi:ss'), 'PWRPLANT', 8, 'Number', 6, 0, null, 0) ;  
INSERT INTO "CR_ELEMENTS_FIELDS" ("ELEMENT_ID", "FIELD_ID", "DESCRIPTION", "TIME_STAMP", "USER_ID", "ORDER", "TYPE", "WIDTH", "DECIMAL", "COL_WIDTH", "INCLUDE_IN_QUERY") VALUES (1, 9, 'Chart of Accounts', to_date('2011-03-15 11:03:55', 'yyyy-mm-dd hh24:mi:ss'), 'PWRPLANT', 8, 'Varchar2', 4, 0, null, 0) ;  

INSERT INTO "CR_ELEMENTS_FIELDS" ("ELEMENT_ID", "FIELD_ID", "DESCRIPTION", "TIME_STAMP", "USER_ID", "ORDER", "TYPE", "WIDTH", "DECIMAL", "COL_WIDTH", "INCLUDE_IN_QUERY") VALUES (2, 1, 'Cost Center', to_date('2011-03-15 11:03:55', 'yyyy-mm-dd hh24:mi:ss'), 'PWRPLANT', 1, 'VarChar2', 10, 0, null, 1) ; 
INSERT INTO "CR_ELEMENTS_FIELDS" ("ELEMENT_ID", "FIELD_ID", "DESCRIPTION", "TIME_STAMP", "USER_ID", "ORDER", "TYPE", "WIDTH", "DECIMAL", "COL_WIDTH", "INCLUDE_IN_QUERY") VALUES (2, 2, 'Description', to_date('2011-03-15 11:03:55', 'yyyy-mm-dd hh24:mi:ss'), 'PWRPLANT', 2, 'VarChar2', 254, 0, null, 0) ; 
INSERT INTO "CR_ELEMENTS_FIELDS" ("ELEMENT_ID", "FIELD_ID", "DESCRIPTION", "TIME_STAMP", "USER_ID", "ORDER", "TYPE", "WIDTH", "DECIMAL", "COL_WIDTH", "INCLUDE_IN_QUERY") VALUES (2, 3, 'Budget Value', to_date('2011-03-15 11:03:55', 'yyyy-mm-dd hh24:mi:ss'), 'PWRPLANT', 3, 'VarChar2', 10, 0, null, 0) ; 
INSERT INTO "CR_ELEMENTS_FIELDS" ("ELEMENT_ID", "FIELD_ID", "DESCRIPTION", "TIME_STAMP", "USER_ID", "ORDER", "TYPE", "WIDTH", "DECIMAL", "COL_WIDTH", "INCLUDE_IN_QUERY") VALUES (2, 4, 'Budgeting Value', to_date('2011-03-15 11:03:55', 'yyyy-mm-dd hh24:mi:ss'), 'PWRPLANT', 4, 'VarChar2', 10, 0, null, 0) ; 
INSERT INTO "CR_ELEMENTS_FIELDS" ("ELEMENT_ID", "FIELD_ID", "DESCRIPTION", "TIME_STAMP", "USER_ID", "ORDER", "TYPE", "WIDTH", "DECIMAL", "COL_WIDTH", "INCLUDE_IN_QUERY") VALUES (2, 5, 'Element Type', to_date('2011-03-15 11:03:55', 'yyyy-mm-dd hh24:mi:ss'), 'PWRPLANT', 5, 'VarChar2', 35, 0, null, 0) ; 
INSERT INTO "CR_ELEMENTS_FIELDS" ("ELEMENT_ID", "FIELD_ID", "DESCRIPTION", "TIME_STAMP", "USER_ID", "ORDER", "TYPE", "WIDTH", "DECIMAL", "COL_WIDTH", "INCLUDE_IN_QUERY") VALUES (2, 6, 'Labor Flag', to_date('2011-03-15 11:03:55', 'yyyy-mm-dd hh24:mi:ss'), 'PWRPLANT', 6, 'VarChar2', 2, 0, null, 0) ; 
INSERT INTO "CR_ELEMENTS_FIELDS" ("ELEMENT_ID", "FIELD_ID", "DESCRIPTION", "TIME_STAMP", "USER_ID", "ORDER", "TYPE", "WIDTH", "DECIMAL", "COL_WIDTH", "INCLUDE_IN_QUERY") VALUES (2, 7, 'Validation Status ID', to_date('2011-03-15 11:03:55', 'yyyy-mm-dd hh24:mi:ss'), 'PWRPLANT', 7, 'Number', 1, 0, null, 0) ; 
INSERT INTO "CR_ELEMENTS_FIELDS" ("ELEMENT_ID", "FIELD_ID", "DESCRIPTION", "TIME_STAMP", "USER_ID", "ORDER", "TYPE", "WIDTH", "DECIMAL", "COL_WIDTH", "INCLUDE_IN_QUERY") VALUES (2, 8, 'Effective Month Number', to_date('2011-03-15 11:03:55', 'yyyy-mm-dd hh24:mi:ss'), 'PWRPLANT', 8, 'Number', 6, 0, null, 0) ;
INSERT INTO "CR_ELEMENTS_FIELDS" ("ELEMENT_ID", "FIELD_ID", "DESCRIPTION", "TIME_STAMP", "USER_ID", "ORDER", "TYPE", "WIDTH", "DECIMAL", "COL_WIDTH", "INCLUDE_IN_QUERY") VALUES (2, 9, 'Cost Center Category', to_date('2011-03-16 13:30:05', 'yyyy-mm-dd hh24:mi:ss'), 'PWRPLANT', 10, 'VarChar2', 1, 0, null, 1) ;
INSERT INTO "CR_ELEMENTS_FIELDS" ("ELEMENT_ID", "FIELD_ID", "DESCRIPTION", "TIME_STAMP", "USER_ID", "ORDER", "TYPE", "WIDTH", "DECIMAL", "COL_WIDTH", "INCLUDE_IN_QUERY") VALUES (2, 10, 'Person Responsible', to_date('2011-04-12 14:08:45', 'yyyy-mm-dd hh24:mi:ss'), 'PWRPLANT', 12, 'VarChar2', 20, 0, null, 1) ; 
INSERT INTO "CR_ELEMENTS_FIELDS" ("ELEMENT_ID", "FIELD_ID", "DESCRIPTION", "TIME_STAMP", "USER_ID", "ORDER", "TYPE", "WIDTH", "DECIMAL", "COL_WIDTH", "INCLUDE_IN_QUERY") VALUES (2, 11, 'Currency Key', to_date('2011-04-12 14:08:45', 'yyyy-mm-dd hh24:mi:ss'), 'PWRPLANT', 13, 'VarChar2', 5, 0, null, 1) ;  
INSERT INTO "CR_ELEMENTS_FIELDS" ("ELEMENT_ID", "FIELD_ID", "DESCRIPTION", "TIME_STAMP", "USER_ID", "ORDER", "TYPE", "WIDTH", "DECIMAL", "COL_WIDTH", "INCLUDE_IN_QUERY") VALUES (2, 12, 'Costing Sheet', to_date('2011-04-12 14:08:45', 'yyyy-mm-dd hh24:mi:ss'), 'PWRPLANT', 14, 'VarChar2', 6, 0, null, 0) ; 
INSERT INTO "CR_ELEMENTS_FIELDS" ("ELEMENT_ID", "FIELD_ID", "DESCRIPTION", "TIME_STAMP", "USER_ID", "ORDER", "TYPE", "WIDTH", "DECIMAL", "COL_WIDTH", "INCLUDE_IN_QUERY") VALUES (2, 13, 'Tax Jurisdiction', to_date('2011-04-12 14:08:45', 'yyyy-mm-dd hh24:mi:ss'), 'PWRPLANT', 15, 'VarChar2', 15, 0, null, 1) ; 
INSERT INTO "CR_ELEMENTS_FIELDS" ("ELEMENT_ID", "FIELD_ID", "DESCRIPTION", "TIME_STAMP", "USER_ID", "ORDER", "TYPE", "WIDTH", "DECIMAL", "COL_WIDTH", "INCLUDE_IN_QUERY") VALUES (2, 14, 'Profit Center', to_date('2011-04-12 14:08:45', 'yyyy-mm-dd hh24:mi:ss'), 'PWRPLANT', 16, 'VarChar2', 10, 0, null, 1) ; 
INSERT INTO "CR_ELEMENTS_FIELDS" ("ELEMENT_ID", "FIELD_ID", "DESCRIPTION", "TIME_STAMP", "USER_ID", "ORDER", "TYPE", "WIDTH", "DECIMAL", "COL_WIDTH", "INCLUDE_IN_QUERY") VALUES (2, 15, 'Plant', to_date('2011-04-12 14:08:45', 'yyyy-mm-dd hh24:mi:ss'), 'PWRPLANT', 17, 'VarChar2', 4, 0, null, 0) ; 
INSERT INTO "CR_ELEMENTS_FIELDS" ("ELEMENT_ID", "FIELD_ID", "DESCRIPTION", "TIME_STAMP", "USER_ID", "ORDER", "TYPE", "WIDTH", "DECIMAL", "COL_WIDTH", "INCLUDE_IN_QUERY") VALUES (2, 16, 'Created On', to_date('2011-04-12 14:08:45', 'yyyy-mm-dd hh24:mi:ss'), 'PWRPLANT', 18, 'VarChar2', 8, 0, null, 1) ; 
INSERT INTO "CR_ELEMENTS_FIELDS" ("ELEMENT_ID", "FIELD_ID", "DESCRIPTION", "TIME_STAMP", "USER_ID", "ORDER", "TYPE", "WIDTH", "DECIMAL", "COL_WIDTH", "INCLUDE_IN_QUERY") VALUES (2, 17, 'Entered By', to_date('2011-04-12 14:08:45', 'yyyy-mm-dd hh24:mi:ss'), 'PWRPLANT', 19, 'VarChar2', 12, 0, null, 1) ; 
INSERT INTO "CR_ELEMENTS_FIELDS" ("ELEMENT_ID", "FIELD_ID", "DESCRIPTION", "TIME_STAMP", "USER_ID", "ORDER", "TYPE", "WIDTH", "DECIMAL", "COL_WIDTH", "INCLUDE_IN_QUERY") VALUES (2, 18, 'Lock Ind Act Primary Postings', to_date('2011-04-12 14:08:45', 'yyyy-mm-dd hh24:mi:ss'), 'PWRPLANT', 20, 'VarChar2', 1, 0, null, 1) ;  
INSERT INTO "CR_ELEMENTS_FIELDS" ("ELEMENT_ID", "FIELD_ID", "DESCRIPTION", "TIME_STAMP", "USER_ID", "ORDER", "TYPE", "WIDTH", "DECIMAL", "COL_WIDTH", "INCLUDE_IN_QUERY") VALUES (2, 19, 'Lock Ind Plan Primary Costs', to_date('2011-04-12 14:08:45', 'yyyy-mm-dd hh24:mi:ss'), 'PWRPLANT', 21, 'VarChar2', 1, 0, null, 1) ;
INSERT INTO "CR_ELEMENTS_FIELDS" ("ELEMENT_ID", "FIELD_ID", "DESCRIPTION", "TIME_STAMP", "USER_ID", "ORDER", "TYPE", "WIDTH", "DECIMAL", "COL_WIDTH", "INCLUDE_IN_QUERY") VALUES (2, 20, 'Lock Ind Act Secondary Costs', to_date('2011-04-12 14:08:45', 'yyyy-mm-dd hh24:mi:ss'), 'PWRPLANT', 22, 'VarChar2', 1, 0, null, 1) ; 
INSERT INTO "CR_ELEMENTS_FIELDS" ("ELEMENT_ID", "FIELD_ID", "DESCRIPTION", "TIME_STAMP", "USER_ID", "ORDER", "TYPE", "WIDTH", "DECIMAL", "COL_WIDTH", "INCLUDE_IN_QUERY") VALUES (2, 21, 'Lock Ind Act Revenue Postings', to_date('2011-04-12 14:08:45', 'yyyy-mm-dd hh24:mi:ss'), 'PWRPLANT', 23, 'VarChar2', 1, 0, null, 1) ; 
INSERT INTO "CR_ELEMENTS_FIELDS" ("ELEMENT_ID", "FIELD_ID", "DESCRIPTION", "TIME_STAMP", "USER_ID", "ORDER", "TYPE", "WIDTH", "DECIMAL", "COL_WIDTH", "INCLUDE_IN_QUERY") VALUES (2, 22, 'Lock Ind Commitment Update', to_date('2011-04-12 14:08:45', 'yyyy-mm-dd hh24:mi:ss'), 'PWRPLANT', 24, 'VarChar2', 1, 0, null, 1) ; 
INSERT INTO "CR_ELEMENTS_FIELDS" ("ELEMENT_ID", "FIELD_ID", "DESCRIPTION", "TIME_STAMP", "USER_ID", "ORDER", "TYPE", "WIDTH", "DECIMAL", "COL_WIDTH", "INCLUDE_IN_QUERY") VALUES (2, 23, 'Lock Ind Plan Secondary Costs', to_date('2011-04-12 14:08:45', 'yyyy-mm-dd hh24:mi:ss'), 'PWRPLANT', 25, 'VarChar2', 1, 0, null, 1) ; 
INSERT INTO "CR_ELEMENTS_FIELDS" ("ELEMENT_ID", "FIELD_ID", "DESCRIPTION", "TIME_STAMP", "USER_ID", "ORDER", "TYPE", "WIDTH", "DECIMAL", "COL_WIDTH", "INCLUDE_IN_QUERY") VALUES (2, 24, 'Lock Ind Planning Revenues', to_date('2011-04-12 14:08:45', 'yyyy-mm-dd hh24:mi:ss'), 'PWRPLANT', 26, 'VarChar2', 1, 0, null, 1) ; 
INSERT INTO "CR_ELEMENTS_FIELDS" ("ELEMENT_ID", "FIELD_ID", "DESCRIPTION", "TIME_STAMP", "USER_ID", "ORDER", "TYPE", "WIDTH", "DECIMAL", "COL_WIDTH", "INCLUDE_IN_QUERY") VALUES (2, 25, 'Ind Allowed Allocation Methods', to_date('2011-04-12 14:08:45', 'yyyy-mm-dd hh24:mi:ss'), 'PWRPLANT', 27, 'VarChar2', 2, 0, null, 0) ; 
INSERT INTO "CR_ELEMENTS_FIELDS" ("ELEMENT_ID", "FIELD_ID", "DESCRIPTION", "TIME_STAMP", "USER_ID", "ORDER", "TYPE", "WIDTH", "DECIMAL", "COL_WIDTH", "INCLUDE_IN_QUERY") VALUES (2, 26, 'Indicator Rcrding Cns Qyties', to_date('2011-04-12 14:08:45', 'yyyy-mm-dd hh24:mi:ss'), 'PWRPLANT', 28, 'VarChar2', 1, 0, null, 1) ; 
INSERT INTO "CR_ELEMENTS_FIELDS" ("ELEMENT_ID", "FIELD_ID", "DESCRIPTION", "TIME_STAMP", "USER_ID", "ORDER", "TYPE", "WIDTH", "DECIMAL", "COL_WIDTH", "INCLUDE_IN_QUERY") VALUES (2, 27, 'Department', to_date('2011-04-12 14:08:45', 'yyyy-mm-dd hh24:mi:ss'), 'PWRPLANT', 29, 'VarChar2', 12, 0, null, 1) ; 
INSERT INTO "CR_ELEMENTS_FIELDS" ("ELEMENT_ID", "FIELD_ID", "DESCRIPTION", "TIME_STAMP", "USER_ID", "ORDER", "TYPE", "WIDTH", "DECIMAL", "COL_WIDTH", "INCLUDE_IN_QUERY") VALUES (2, 28, 'Name1', to_date('2011-04-12 14:08:45', 'yyyy-mm-dd hh24:mi:ss'), 'PWRPLANT', 30, 'VarChar2', 35, 0, null, 1) ; 
INSERT INTO "CR_ELEMENTS_FIELDS" ("ELEMENT_ID", "FIELD_ID", "DESCRIPTION", "TIME_STAMP", "USER_ID", "ORDER", "TYPE", "WIDTH", "DECIMAL", "COL_WIDTH", "INCLUDE_IN_QUERY") VALUES (2, 29, 'Language Key', to_date('2011-04-12 14:08:45', 'yyyy-mm-dd hh24:mi:ss'), 'PWRPLANT', 31, 'VarChar2', 1, 0, null, 1) ; 
INSERT INTO "CR_ELEMENTS_FIELDS" ("ELEMENT_ID", "FIELD_ID", "DESCRIPTION", "TIME_STAMP", "USER_ID", "ORDER", "TYPE", "WIDTH", "DECIMAL", "COL_WIDTH", "INCLUDE_IN_QUERY") VALUES (2, 30, 'Cost Collector Key', to_date('2011-04-12 14:08:45', 'yyyy-mm-dd hh24:mi:ss'), 'PWRPLANT', 32, 'VarChar2', 23, 0, null, 0) ; 
INSERT INTO "CR_ELEMENTS_FIELDS" ("ELEMENT_ID", "FIELD_ID", "DESCRIPTION", "TIME_STAMP", "USER_ID", "ORDER", "TYPE", "WIDTH", "DECIMAL", "COL_WIDTH", "INCLUDE_IN_QUERY") VALUES (2, 31, 'Indicator Statistical Object', to_date('2011-04-12 14:08:45', 'yyyy-mm-dd hh24:mi:ss'), 'PWRPLANT', 33, 'VarChar2', 1, 0, null, 0) ; 
INSERT INTO "CR_ELEMENTS_FIELDS" ("ELEMENT_ID", "FIELD_ID", "DESCRIPTION", "TIME_STAMP", "USER_ID", "ORDER", "TYPE", "WIDTH", "DECIMAL", "COL_WIDTH", "INCLUDE_IN_QUERY") VALUES (2, 32, 'Object Number', to_date('2011-04-12 14:08:45', 'yyyy-mm-dd hh24:mi:ss'), 'PWRPLANT', 34, 'VarChar2', 22, 0, null, 1) ; 
INSERT INTO "CR_ELEMENTS_FIELDS" ("ELEMENT_ID", "FIELD_ID", "DESCRIPTION", "TIME_STAMP", "USER_ID", "ORDER", "TYPE", "WIDTH", "DECIMAL", "COL_WIDTH", "INCLUDE_IN_QUERY") VALUES (2, 33, 'Cost Center Function', to_date('2011-04-12 14:08:45', 'yyyy-mm-dd hh24:mi:ss'), 'PWRPLANT', 35, 'VarChar2', 3, 0, null, 0) ;
INSERT INTO "CR_ELEMENTS_FIELDS" ("ELEMENT_ID", "FIELD_ID", "DESCRIPTION", "TIME_STAMP", "USER_ID", "ORDER", "TYPE", "WIDTH", "DECIMAL", "COL_WIDTH", "INCLUDE_IN_QUERY") VALUES (2, 34, 'Company', to_date('2011-03-16 13:58:13', 'yyyy-mm-dd hh24:mi:ss'), 'PWRPLANT', 9, 'VarChar2', 4, 0, null, 1) ;  
INSERT INTO "CR_ELEMENTS_FIELDS" ("ELEMENT_ID", "FIELD_ID", "DESCRIPTION", "TIME_STAMP", "USER_ID", "ORDER", "TYPE", "WIDTH", "DECIMAL", "COL_WIDTH", "INCLUDE_IN_QUERY") VALUES (2, 35, 'Account', to_date('2011-04-12 14:08:45', 'yyyy-mm-dd hh24:mi:ss'), 'PWRPLANT', 36, 'VarChar2', 10, 0, null, 1) ; 
INSERT INTO "CR_ELEMENTS_FIELDS" ("ELEMENT_ID", "FIELD_ID", "DESCRIPTION", "TIME_STAMP", "USER_ID", "ORDER", "TYPE", "WIDTH", "DECIMAL", "COL_WIDTH", "INCLUDE_IN_QUERY") VALUES (2, 36, 'Cost Center Area', to_date('2011-04-12 14:08:45', 'yyyy-mm-dd hh24:mi:ss'), 'PWRPLANT', 11, 'VarChar2', 12, 0, null, null) ;
INSERT INTO "CR_ELEMENTS_FIELDS" ("ELEMENT_ID", "FIELD_ID", "DESCRIPTION", "TIME_STAMP", "USER_ID", "ORDER", "TYPE", "WIDTH", "DECIMAL", "COL_WIDTH", "INCLUDE_IN_QUERY") VALUES (3, 1, 'Cost Element', to_date('2011-03-15 11:03:56', 'yyyy-mm-dd hh24:mi:ss'), 'PWRPLANT', 1, 'VarChar2', 10, 0, null, 1) ; 
INSERT INTO "CR_ELEMENTS_FIELDS" ("ELEMENT_ID", "FIELD_ID", "DESCRIPTION", "TIME_STAMP", "USER_ID", "ORDER", "TYPE", "WIDTH", "DECIMAL", "COL_WIDTH", "INCLUDE_IN_QUERY") VALUES (3, 2, 'Description', to_date('2011-03-30 14:51:14', 'yyyy-mm-dd hh24:mi:ss'), 'PWRPLANT', 2, 'VarChar2', 254, 0, null, 1) ; 
INSERT INTO "CR_ELEMENTS_FIELDS" ("ELEMENT_ID", "FIELD_ID", "DESCRIPTION", "TIME_STAMP", "USER_ID", "ORDER", "TYPE", "WIDTH", "DECIMAL", "COL_WIDTH", "INCLUDE_IN_QUERY") VALUES (3, 3, 'Budget Value', to_date('2011-03-15 11:03:56', 'yyyy-mm-dd hh24:mi:ss'), 'PWRPLANT', 3, 'VarChar2', 10, 0, null, 0) ; 
INSERT INTO "CR_ELEMENTS_FIELDS" ("ELEMENT_ID", "FIELD_ID", "DESCRIPTION", "TIME_STAMP", "USER_ID", "ORDER", "TYPE", "WIDTH", "DECIMAL", "COL_WIDTH", "INCLUDE_IN_QUERY") VALUES (3, 4, 'Budgeting Value', to_date('2011-03-15 11:03:56', 'yyyy-mm-dd hh24:mi:ss'), 'PWRPLANT', 4, 'VarChar2', 10, 0, null, 0) ; 
INSERT INTO "CR_ELEMENTS_FIELDS" ("ELEMENT_ID", "FIELD_ID", "DESCRIPTION", "TIME_STAMP", "USER_ID", "ORDER", "TYPE", "WIDTH", "DECIMAL", "COL_WIDTH", "INCLUDE_IN_QUERY") VALUES (3, 5, 'Element Type', to_date('2011-03-15 11:03:56', 'yyyy-mm-dd hh24:mi:ss'), 'PWRPLANT', 5, 'VarChar2', 35, 0, null, 0) ; 
INSERT INTO "CR_ELEMENTS_FIELDS" ("ELEMENT_ID", "FIELD_ID", "DESCRIPTION", "TIME_STAMP", "USER_ID", "ORDER", "TYPE", "WIDTH", "DECIMAL", "COL_WIDTH", "INCLUDE_IN_QUERY") VALUES (3, 6, 'Labor Flag', to_date('2011-03-15 11:03:56', 'yyyy-mm-dd hh24:mi:ss'), 'PWRPLANT', 6, 'VarChar2', 2, 0, null, 0) ; 
INSERT INTO "CR_ELEMENTS_FIELDS" ("ELEMENT_ID", "FIELD_ID", "DESCRIPTION", "TIME_STAMP", "USER_ID", "ORDER", "TYPE", "WIDTH", "DECIMAL", "COL_WIDTH", "INCLUDE_IN_QUERY") VALUES (3, 7, 'Validation Status ID', to_date('2011-03-15 11:03:56', 'yyyy-mm-dd hh24:mi:ss'), 'PWRPLANT', 7, 'Number', 1, 0, null, 0) ; 
INSERT INTO "CR_ELEMENTS_FIELDS" ("ELEMENT_ID", "FIELD_ID", "DESCRIPTION", "TIME_STAMP", "USER_ID", "ORDER", "TYPE", "WIDTH", "DECIMAL", "COL_WIDTH", "INCLUDE_IN_QUERY") VALUES (3, 8, 'Effective Month Number', to_date('2011-03-15 11:03:56', 'yyyy-mm-dd hh24:mi:ss'), 'PWRPLANT', 8, 'Number', 6, 0, null, 0) ; 
INSERT INTO "CR_ELEMENTS_FIELDS" ("ELEMENT_ID", "FIELD_ID", "DESCRIPTION", "TIME_STAMP", "USER_ID", "ORDER", "TYPE", "WIDTH", "DECIMAL", "COL_WIDTH", "INCLUDE_IN_QUERY") VALUES (3, 9, 'Cost Element Category', to_date('2011-03-16 13:31:01', 'yyyy-mm-dd hh24:mi:ss'), 'PWRPLANT', 10, 'VarChar2', 2, 0, null, 1) ; 
INSERT INTO "CR_ELEMENTS_FIELDS" ("ELEMENT_ID", "FIELD_ID", "DESCRIPTION", "TIME_STAMP", "USER_ID", "ORDER", "TYPE", "WIDTH", "DECIMAL", "COL_WIDTH", "INCLUDE_IN_QUERY") VALUES (3, 10, 'Created On', to_date('2011-03-16 13:31:01', 'yyyy-mm-dd hh24:mi:ss'), 'PWRPLANT', 11, 'VarChar2', 8, 0, null, 1) ; 
INSERT INTO "CR_ELEMENTS_FIELDS" ("ELEMENT_ID", "FIELD_ID", "DESCRIPTION", "TIME_STAMP", "USER_ID", "ORDER", "TYPE", "WIDTH", "DECIMAL", "COL_WIDTH", "INCLUDE_IN_QUERY") VALUES (3, 11, 'Entered By', to_date('2011-03-16 13:31:01', 'yyyy-mm-dd hh24:mi:ss'), 'PWRPLANT', 12, 'VarChar2', 12, 0, null, 1) ; 
INSERT INTO "CR_ELEMENTS_FIELDS" ("ELEMENT_ID", "FIELD_ID", "DESCRIPTION", "TIME_STAMP", "USER_ID", "ORDER", "TYPE", "WIDTH", "DECIMAL", "COL_WIDTH", "INCLUDE_IN_QUERY") VALUES (3, 12, 'Cost Element Attributes', to_date('2011-03-16 13:31:01', 'yyyy-mm-dd hh24:mi:ss'), 'PWRPLANT', 14, 'VarChar2', 8, 0, null, 0) ;  
INSERT INTO "CR_ELEMENTS_FIELDS" ("ELEMENT_ID", "FIELD_ID", "DESCRIPTION", "TIME_STAMP", "USER_ID", "ORDER", "TYPE", "WIDTH", "DECIMAL", "COL_WIDTH", "INCLUDE_IN_QUERY") VALUES (3, 13, 'Indicator Planning Access', to_date('2011-03-16 13:31:01', 'yyyy-mm-dd hh24:mi:ss'), 'PWRPLANT', 13, 'VarChar2', 1, 0, null, 0) ; 
INSERT INTO "CR_ELEMENTS_FIELDS" ("ELEMENT_ID", "FIELD_ID", "DESCRIPTION", "TIME_STAMP", "USER_ID", "ORDER", "TYPE", "WIDTH", "DECIMAL", "COL_WIDTH", "INCLUDE_IN_QUERY") VALUES (3, 14, 'Indicator Planning Location', to_date('2011-03-16 13:31:01', 'yyyy-mm-dd hh24:mi:ss'), 'PWRPLANT', 15, 'VarChar2', 1, 0, null, 0) ;
INSERT INTO "CR_ELEMENTS_FIELDS" ("ELEMENT_ID", "FIELD_ID", "DESCRIPTION", "TIME_STAMP", "USER_ID", "ORDER", "TYPE", "WIDTH", "DECIMAL", "COL_WIDTH", "INCLUDE_IN_QUERY") VALUES (3, 15, 'Indicator Planning User', to_date('2011-03-16 13:31:01', 'yyyy-mm-dd hh24:mi:ss'), 'PWRPLANT', 16, 'VarChar2', 2, 0, null, 0) ; 
INSERT INTO "CR_ELEMENTS_FIELDS" ("ELEMENT_ID", "FIELD_ID", "DESCRIPTION", "TIME_STAMP", "USER_ID", "ORDER", "TYPE", "WIDTH", "DECIMAL", "COL_WIDTH", "INCLUDE_IN_QUERY") VALUES (3, 16, 'Cost Center', to_date('2011-03-16 13:31:01', 'yyyy-mm-dd hh24:mi:ss'), 'PWRPLANT', 17, 'VarChar2', 10, 0, null, 0) ; 
INSERT INTO "CR_ELEMENTS_FIELDS" ("ELEMENT_ID", "FIELD_ID", "DESCRIPTION", "TIME_STAMP", "USER_ID", "ORDER", "TYPE", "WIDTH", "DECIMAL", "COL_WIDTH", "INCLUDE_IN_QUERY") VALUES (3, 17, 'Order Number', to_date('2011-03-16 13:31:01', 'yyyy-mm-dd hh24:mi:ss'), 'PWRPLANT', 18, 'VarChar2', 12, 0, null, 0) ; 
INSERT INTO "CR_ELEMENTS_FIELDS" ("ELEMENT_ID", "FIELD_ID", "DESCRIPTION", "TIME_STAMP", "USER_ID", "ORDER", "TYPE", "WIDTH", "DECIMAL", "COL_WIDTH", "INCLUDE_IN_QUERY") VALUES (3, 18, 'Indicator Rcrding Cns Qyties', to_date('2011-03-16 13:31:01', 'yyyy-mm-dd hh24:mi:ss'), 'PWRPLANT', 19, 'VarChar2', 1, 0, null, 0) ; 
INSERT INTO "CR_ELEMENTS_FIELDS" ("ELEMENT_ID", "FIELD_ID", "DESCRIPTION", "TIME_STAMP", "USER_ID", "ORDER", "TYPE", "WIDTH", "DECIMAL", "COL_WIDTH", "INCLUDE_IN_QUERY") VALUES (3, 19, 'Unit of Measure', to_date('2011-03-16 13:31:01', 'yyyy-mm-dd hh24:mi:ss'), 'PWRPLANT', 20, 'VarChar2', 3, 0, null, 1) ; 
INSERT INTO "CR_ELEMENTS_FIELDS" ("ELEMENT_ID", "FIELD_ID", "DESCRIPTION", "TIME_STAMP", "USER_ID", "ORDER", "TYPE", "WIDTH", "DECIMAL", "COL_WIDTH", "INCLUDE_IN_QUERY") VALUES (3, 20, 'Indicator Deactivated', to_date('2011-03-16 13:31:01', 'yyyy-mm-dd hh24:mi:ss'), 'PWRPLANT', 21, 'VarChar2', 1, 0, null, 0) ; 
INSERT INTO "CR_ELEMENTS_FIELDS" ("ELEMENT_ID", "FIELD_ID", "DESCRIPTION", "TIME_STAMP", "USER_ID", "ORDER", "TYPE", "WIDTH", "DECIMAL", "COL_WIDTH", "INCLUDE_IN_QUERY") VALUES (3, 21, 'Indicator Flagged for Deletion', to_date('2011-03-16 13:31:01', 'yyyy-mm-dd hh24:mi:ss'), 'PWRPLANT', 22, 'VarChar2', 1, 0, null, 0) ; 
INSERT INTO "CR_ELEMENTS_FIELDS" ("ELEMENT_ID", "FIELD_ID", "DESCRIPTION", "TIME_STAMP", "USER_ID", "ORDER", "TYPE", "WIDTH", "DECIMAL", "COL_WIDTH", "INCLUDE_IN_QUERY") VALUES (3, 22, 'Recovery Indicator', to_date('2011-03-16 13:31:01', 'yyyy-mm-dd hh24:mi:ss'), 'PWRPLANT', 23, 'VarChar2', 2, 0, null, 0) ; 
INSERT INTO "CR_ELEMENTS_FIELDS" ("ELEMENT_ID", "FIELD_ID", "DESCRIPTION", "TIME_STAMP", "USER_ID", "ORDER", "TYPE", "WIDTH", "DECIMAL", "COL_WIDTH", "INCLUDE_IN_QUERY") VALUES (3, 23, 'CR Derivation Rollup', to_date('2011-03-16 13:31:01', 'yyyy-mm-dd hh24:mi:ss'), 'PWRPLANT', 24, 'VarChar2', 35, 0, null, 0) ; 
INSERT INTO "CR_ELEMENTS_FIELDS" ("ELEMENT_ID", "FIELD_ID", "DESCRIPTION", "TIME_STAMP", "USER_ID", "ORDER", "TYPE", "WIDTH", "DECIMAL", "COL_WIDTH", "INCLUDE_IN_QUERY") VALUES (3, 24, 'Settlement Cost Element', to_date('2011-03-16 13:31:01', 'yyyy-mm-dd hh24:mi:ss'), 'PWRPLANT', 25, 'VarChar2', 10, 0, null, 0) ;
INSERT INTO "CR_ELEMENTS_FIELDS" ("ELEMENT_ID", "FIELD_ID", "DESCRIPTION", "TIME_STAMP", "USER_ID", "ORDER", "TYPE", "WIDTH", "DECIMAL", "COL_WIDTH", "INCLUDE_IN_QUERY") VALUES (3, 25, 'Company', to_date('2011-03-30 14:51:14', 'yyyy-mm-dd hh24:mi:ss'), 'PWRPLANT', 9, 'VarChar2', 4, 0, null, null) ;  
INSERT INTO "CR_ELEMENTS_FIELDS" ("ELEMENT_ID", "FIELD_ID", "DESCRIPTION", "TIME_STAMP", "USER_ID", "ORDER", "TYPE", "WIDTH", "DECIMAL", "COL_WIDTH", "INCLUDE_IN_QUERY") VALUES (4, 1, 'Work Order Number', to_date('2011-03-29 13:14:41', 'yyyy-mm-dd hh24:mi:ss'), 'PWRPLANT', 1, 'Varchar2', 24, 0, null, 1) ; 
INSERT INTO "CR_ELEMENTS_FIELDS" ("ELEMENT_ID", "FIELD_ID", "DESCRIPTION", "TIME_STAMP", "USER_ID", "ORDER", "TYPE", "WIDTH", "DECIMAL", "COL_WIDTH", "INCLUDE_IN_QUERY") VALUES (4, 2, 'Description', to_date('2011-03-29 13:14:41', 'yyyy-mm-dd hh24:mi:ss'), 'PWRPLANT', 2, 'Varchar2', 254, 0, null, null) ; 
INSERT INTO "CR_ELEMENTS_FIELDS" ("ELEMENT_ID", "FIELD_ID", "DESCRIPTION", "TIME_STAMP", "USER_ID", "ORDER", "TYPE", "WIDTH", "DECIMAL", "COL_WIDTH", "INCLUDE_IN_QUERY") VALUES (4, 3, 'Budget Value', to_date('2011-03-29 13:14:41', 'yyyy-mm-dd hh24:mi:ss'), 'PWRPLANT', 3, 'Varchar2', 24, 0, null, null) ; 
INSERT INTO "CR_ELEMENTS_FIELDS" ("ELEMENT_ID", "FIELD_ID", "DESCRIPTION", "TIME_STAMP", "USER_ID", "ORDER", "TYPE", "WIDTH", "DECIMAL", "COL_WIDTH", "INCLUDE_IN_QUERY") VALUES (4, 4, 'Budgeting Value', to_date('2011-03-29 13:14:41', 'yyyy-mm-dd hh24:mi:ss'), 'PWRPLANT', 4, 'Varchar2', 24, 0, null, null) ; 
INSERT INTO "CR_ELEMENTS_FIELDS" ("ELEMENT_ID", "FIELD_ID", "DESCRIPTION", "TIME_STAMP", "USER_ID", "ORDER", "TYPE", "WIDTH", "DECIMAL", "COL_WIDTH", "INCLUDE_IN_QUERY") VALUES (4, 5, 'Element Type', to_date('2011-03-29 13:14:41', 'yyyy-mm-dd hh24:mi:ss'), 'PWRPLANT', 5, 'Varchar2', 35, 0, null, null) ; 
INSERT INTO "CR_ELEMENTS_FIELDS" ("ELEMENT_ID", "FIELD_ID", "DESCRIPTION", "TIME_STAMP", "USER_ID", "ORDER", "TYPE", "WIDTH", "DECIMAL", "COL_WIDTH", "INCLUDE_IN_QUERY") VALUES (4, 6, 'Labor Flag', to_date('2011-03-29 13:14:41', 'yyyy-mm-dd hh24:mi:ss'), 'PWRPLANT', 6, 'Varchar2', 2, 0, null, null) ; 
INSERT INTO "CR_ELEMENTS_FIELDS" ("ELEMENT_ID", "FIELD_ID", "DESCRIPTION", "TIME_STAMP", "USER_ID", "ORDER", "TYPE", "WIDTH", "DECIMAL", "COL_WIDTH", "INCLUDE_IN_QUERY") VALUES (4, 7, 'Validation Status Id', to_date('2011-03-29 13:14:41', 'yyyy-mm-dd hh24:mi:ss'), 'PWRPLANT', 7, 'Varchar2', 22, 0, null, null) ; 
INSERT INTO "CR_ELEMENTS_FIELDS" ("ELEMENT_ID", "FIELD_ID", "DESCRIPTION", "TIME_STAMP", "USER_ID", "ORDER", "TYPE", "WIDTH", "DECIMAL", "COL_WIDTH", "INCLUDE_IN_QUERY") VALUES (4, 8, 'Effective Month Number', to_date('2011-03-29 13:14:41', 'yyyy-mm-dd hh24:mi:ss'), 'PWRPLANT', 8, 'Varchar2', 22, 0, null, null) ; 
INSERT INTO "CR_ELEMENTS_FIELDS" ("ELEMENT_ID", "FIELD_ID", "DESCRIPTION", "TIME_STAMP", "USER_ID", "ORDER", "TYPE", "WIDTH", "DECIMAL", "COL_WIDTH", "INCLUDE_IN_QUERY") VALUES (4, 9, 'SAP Internal Number', to_date('2011-03-29 13:14:41', 'yyyy-mm-dd hh24:mi:ss'), 'PWRPLANT', 10, 'Varchar2', 8, 0, null, 1) ; 
INSERT INTO "CR_ELEMENTS_FIELDS" ("ELEMENT_ID", "FIELD_ID", "DESCRIPTION", "TIME_STAMP", "USER_ID", "ORDER", "TYPE", "WIDTH", "DECIMAL", "COL_WIDTH", "INCLUDE_IN_QUERY") VALUES (4, 10, 'Object Number', to_date('2011-03-29 13:14:41', 'yyyy-mm-dd hh24:mi:ss'), 'PWRPLANT', 11, 'Varchar2', 22, 0, null, 1) ; 
INSERT INTO "CR_ELEMENTS_FIELDS" ("ELEMENT_ID", "FIELD_ID", "DESCRIPTION", "TIME_STAMP", "USER_ID", "ORDER", "TYPE", "WIDTH", "DECIMAL", "COL_WIDTH", "INCLUDE_IN_QUERY") VALUES (4, 11, 'Create User', to_date('2011-03-29 13:14:41', 'yyyy-mm-dd hh24:mi:ss'), 'PWRPLANT', 12, 'Varchar2', 12, 0, null, 1) ; 
INSERT INTO "CR_ELEMENTS_FIELDS" ("ELEMENT_ID", "FIELD_ID", "DESCRIPTION", "TIME_STAMP", "USER_ID", "ORDER", "TYPE", "WIDTH", "DECIMAL", "COL_WIDTH", "INCLUDE_IN_QUERY") VALUES (4, 12, 'Create Date', to_date('2011-03-29 13:14:41', 'yyyy-mm-dd hh24:mi:ss'), 'PWRPLANT', 13, 'Varchar2', 8, 0, null, 1) ; 
INSERT INTO "CR_ELEMENTS_FIELDS" ("ELEMENT_ID", "FIELD_ID", "DESCRIPTION", "TIME_STAMP", "USER_ID", "ORDER", "TYPE", "WIDTH", "DECIMAL", "COL_WIDTH", "INCLUDE_IN_QUERY") VALUES (4, 13, 'Last Change User', to_date('2011-03-29 13:14:41', 'yyyy-mm-dd hh24:mi:ss'), 'PWRPLANT', 14, 'Varchar2', 12, 0, null, 1) ; 
INSERT INTO "CR_ELEMENTS_FIELDS" ("ELEMENT_ID", "FIELD_ID", "DESCRIPTION", "TIME_STAMP", "USER_ID", "ORDER", "TYPE", "WIDTH", "DECIMAL", "COL_WIDTH", "INCLUDE_IN_QUERY") VALUES (4, 14, 'Last Change Date', to_date('2011-03-29 13:14:41', 'yyyy-mm-dd hh24:mi:ss'), 'PWRPLANT', 15, 'Varchar2', 8, 0, null, 1) ; 
INSERT INTO "CR_ELEMENTS_FIELDS" ("ELEMENT_ID", "FIELD_ID", "DESCRIPTION", "TIME_STAMP", "USER_ID", "ORDER", "TYPE", "WIDTH", "DECIMAL", "COL_WIDTH", "INCLUDE_IN_QUERY") VALUES (4, 15, 'Responsible Person Or Proj Mgr', to_date('2011-03-29 13:14:41', 'yyyy-mm-dd hh24:mi:ss'), 'PWRPLANT', 16, 'Varchar2', 25, 0, null, 1) ; 
INSERT INTO "CR_ELEMENTS_FIELDS" ("ELEMENT_ID", "FIELD_ID", "DESCRIPTION", "TIME_STAMP", "USER_ID", "ORDER", "TYPE", "WIDTH", "DECIMAL", "COL_WIDTH", "INCLUDE_IN_QUERY") VALUES (4, 16, 'Business Area', to_date('2011-03-29 13:14:41', 'yyyy-mm-dd hh24:mi:ss'), 'PWRPLANT', 17, 'Varchar2', 4, 0, null, null) ; 
INSERT INTO "CR_ELEMENTS_FIELDS" ("ELEMENT_ID", "FIELD_ID", "DESCRIPTION", "TIME_STAMP", "USER_ID", "ORDER", "TYPE", "WIDTH", "DECIMAL", "COL_WIDTH", "INCLUDE_IN_QUERY") VALUES (4, 17, 'Project Type', to_date('2011-03-29 13:14:41', 'yyyy-mm-dd hh24:mi:ss'), 'PWRPLANT', 18, 'Varchar2', 2, 0, null, null) ; 
INSERT INTO "CR_ELEMENTS_FIELDS" ("ELEMENT_ID", "FIELD_ID", "DESCRIPTION", "TIME_STAMP", "USER_ID", "ORDER", "TYPE", "WIDTH", "DECIMAL", "COL_WIDTH", "INCLUDE_IN_QUERY") VALUES (4, 18, 'Level in Project Hierarchy', to_date('2011-03-29 13:14:41', 'yyyy-mm-dd hh24:mi:ss'), 'PWRPLANT', 19, 'Varchar2', 3, 0, null, 1) ; 
INSERT INTO "CR_ELEMENTS_FIELDS" ("ELEMENT_ID", "FIELD_ID", "DESCRIPTION", "TIME_STAMP", "USER_ID", "ORDER", "TYPE", "WIDTH", "DECIMAL", "COL_WIDTH", "INCLUDE_IN_QUERY") VALUES (4, 19, 'Planning Element', to_date('2011-03-29 13:14:41', 'yyyy-mm-dd hh24:mi:ss'), 'PWRPLANT', 20, 'Varchar2', 1, 0, null, null) ; 
INSERT INTO "CR_ELEMENTS_FIELDS" ("ELEMENT_ID", "FIELD_ID", "DESCRIPTION", "TIME_STAMP", "USER_ID", "ORDER", "TYPE", "WIDTH", "DECIMAL", "COL_WIDTH", "INCLUDE_IN_QUERY") VALUES (4, 20, 'Account Assignment Element', to_date('2011-03-29 13:14:41', 'yyyy-mm-dd hh24:mi:ss'), 'PWRPLANT', 21, 'Varchar2', 1, 0, null, 1) ; 
INSERT INTO "CR_ELEMENTS_FIELDS" ("ELEMENT_ID", "FIELD_ID", "DESCRIPTION", "TIME_STAMP", "USER_ID", "ORDER", "TYPE", "WIDTH", "DECIMAL", "COL_WIDTH", "INCLUDE_IN_QUERY") VALUES (4, 21, 'Results Analysis Key', to_date('2011-03-29 13:14:41', 'yyyy-mm-dd hh24:mi:ss'), 'PWRPLANT', 22, 'Varchar2', 6, 0, null, null) ; 
INSERT INTO "CR_ELEMENTS_FIELDS" ("ELEMENT_ID", "FIELD_ID", "DESCRIPTION", "TIME_STAMP", "USER_ID", "ORDER", "TYPE", "WIDTH", "DECIMAL", "COL_WIDTH", "INCLUDE_IN_QUERY") VALUES (4, 22, 'Requesting Cost Center', to_date('2011-03-29 13:14:41', 'yyyy-mm-dd hh24:mi:ss'), 'PWRPLANT', 23, 'Varchar2', 10, 0, null, 1) ; 
INSERT INTO "CR_ELEMENTS_FIELDS" ("ELEMENT_ID", "FIELD_ID", "DESCRIPTION", "TIME_STAMP", "USER_ID", "ORDER", "TYPE", "WIDTH", "DECIMAL", "COL_WIDTH", "INCLUDE_IN_QUERY") VALUES (4, 23, 'Responsible Cost Center', to_date('2011-03-29 13:14:41', 'yyyy-mm-dd hh24:mi:ss'), 'PWRPLANT', 24, 'Varchar2', 10, 0, null, 1) ; 
INSERT INTO "CR_ELEMENTS_FIELDS" ("ELEMENT_ID", "FIELD_ID", "DESCRIPTION", "TIME_STAMP", "USER_ID", "ORDER", "TYPE", "WIDTH", "DECIMAL", "COL_WIDTH", "INCLUDE_IN_QUERY") VALUES (4, 24, 'Priority', to_date('2011-03-29 13:14:41', 'yyyy-mm-dd hh24:mi:ss'), 'PWRPLANT', 25, 'Varchar2', 1, 0, null, null) ; 
INSERT INTO "CR_ELEMENTS_FIELDS" ("ELEMENT_ID", "FIELD_ID", "DESCRIPTION", "TIME_STAMP", "USER_ID", "ORDER", "TYPE", "WIDTH", "DECIMAL", "COL_WIDTH", "INCLUDE_IN_QUERY") VALUES (4, 25, 'Plant', to_date('2011-03-29 13:14:41', 'yyyy-mm-dd hh24:mi:ss'), 'PWRPLANT', 26, 'Varchar2', 4, 0, null, 1) ; 
INSERT INTO "CR_ELEMENTS_FIELDS" ("ELEMENT_ID", "FIELD_ID", "DESCRIPTION", "TIME_STAMP", "USER_ID", "ORDER", "TYPE", "WIDTH", "DECIMAL", "COL_WIDTH", "INCLUDE_IN_QUERY") VALUES (4, 26, 'Cost Center Actual Postings', to_date('2011-03-29 13:14:41', 'yyyy-mm-dd hh24:mi:ss'), 'PWRPLANT', 27, 'Varchar2', 10, 0, null, null) ; 
INSERT INTO "CR_ELEMENTS_FIELDS" ("ELEMENT_ID", "FIELD_ID", "DESCRIPTION", "TIME_STAMP", "USER_ID", "ORDER", "TYPE", "WIDTH", "DECIMAL", "COL_WIDTH", "INCLUDE_IN_QUERY") VALUES (4, 27, 'Summarization Indicator', to_date('2011-03-29 13:14:41', 'yyyy-mm-dd hh24:mi:ss'), 'PWRPLANT', 28, 'Varchar2', 1, 0, null, null) ; 
INSERT INTO "CR_ELEMENTS_FIELDS" ("ELEMENT_ID", "FIELD_ID", "DESCRIPTION", "TIME_STAMP", "USER_ID", "ORDER", "TYPE", "WIDTH", "DECIMAL", "COL_WIDTH", "INCLUDE_IN_QUERY") VALUES (4, 28, 'Statistical WBS', to_date('2011-03-29 13:14:41', 'yyyy-mm-dd hh24:mi:ss'), 'PWRPLANT', 29, 'Varchar2', 1, 0, null, null) ; 
INSERT INTO "CR_ELEMENTS_FIELDS" ("ELEMENT_ID", "FIELD_ID", "DESCRIPTION", "TIME_STAMP", "USER_ID", "ORDER", "TYPE", "WIDTH", "DECIMAL", "COL_WIDTH", "INCLUDE_IN_QUERY") VALUES (4, 29, 'Tax Jurisdiction', to_date('2011-03-29 13:14:41', 'yyyy-mm-dd hh24:mi:ss'), 'PWRPLANT', 30, 'Varchar2', 15, 0, null, 1) ; 
INSERT INTO "CR_ELEMENTS_FIELDS" ("ELEMENT_ID", "FIELD_ID", "DESCRIPTION", "TIME_STAMP", "USER_ID", "ORDER", "TYPE", "WIDTH", "DECIMAL", "COL_WIDTH", "INCLUDE_IN_QUERY") VALUES (4, 30, 'Invstmnt Profile For Int Calc', to_date('2011-03-29 13:14:41', 'yyyy-mm-dd hh24:mi:ss'), 'PWRPLANT', 31, 'Varchar2', 7, 0, null, null) ; 
INSERT INTO "CR_ELEMENTS_FIELDS" ("ELEMENT_ID", "FIELD_ID", "DESCRIPTION", "TIME_STAMP", "USER_ID", "ORDER", "TYPE", "WIDTH", "DECIMAL", "COL_WIDTH", "INCLUDE_IN_QUERY") VALUES (4, 31, 'Invstmnt Measure Profile', to_date('2011-03-29 13:14:41', 'yyyy-mm-dd hh24:mi:ss'), 'PWRPLANT', 32, 'Varchar2', 6, 0, null, 1) ; 
INSERT INTO "CR_ELEMENTS_FIELDS" ("ELEMENT_ID", "FIELD_ID", "DESCRIPTION", "TIME_STAMP", "USER_ID", "ORDER", "TYPE", "WIDTH", "DECIMAL", "COL_WIDTH", "INCLUDE_IN_QUERY") VALUES (4, 32, 'Deletion Indicator', to_date('2011-03-29 13:14:41', 'yyyy-mm-dd hh24:mi:ss'), 'PWRPLANT', 33, 'Varchar2', 1, 0, null, null) ; 
INSERT INTO "CR_ELEMENTS_FIELDS" ("ELEMENT_ID", "FIELD_ID", "DESCRIPTION", "TIME_STAMP", "USER_ID", "ORDER", "TYPE", "WIDTH", "DECIMAL", "COL_WIDTH", "INCLUDE_IN_QUERY") VALUES (4, 33, 'TECO Date', to_date('2011-03-29 13:14:41', 'yyyy-mm-dd hh24:mi:ss'), 'PWRPLANT', 34, 'Varchar2', 8, 0, null, 1) ; 
INSERT INTO "CR_ELEMENTS_FIELDS" ("ELEMENT_ID", "FIELD_ID", "DESCRIPTION", "TIME_STAMP", "USER_ID", "ORDER", "TYPE", "WIDTH", "DECIMAL", "COL_WIDTH", "INCLUDE_IN_QUERY") VALUES (4, 34, 'Reason For Investment', to_date('2011-03-29 13:14:41', 'yyyy-mm-dd hh24:mi:ss'), 'PWRPLANT', 35, 'Varchar2', 2, 0, null, 1) ; 
INSERT INTO "CR_ELEMENTS_FIELDS" ("ELEMENT_ID", "FIELD_ID", "DESCRIPTION", "TIME_STAMP", "USER_ID", "ORDER", "TYPE", "WIDTH", "DECIMAL", "COL_WIDTH", "INCLUDE_IN_QUERY") VALUES (4, 35, 'Reason For Environmental Invst', to_date('2011-03-29 13:14:41', 'yyyy-mm-dd hh24:mi:ss'), 'PWRPLANT', 36, 'Varchar2', 5, 0, null, null) ; 
INSERT INTO "CR_ELEMENTS_FIELDS" ("ELEMENT_ID", "FIELD_ID", "DESCRIPTION", "TIME_STAMP", "USER_ID", "ORDER", "TYPE", "WIDTH", "DECIMAL", "COL_WIDTH", "INCLUDE_IN_QUERY") VALUES (4, 36, 'Functional Area', to_date('2011-03-29 13:14:41', 'yyyy-mm-dd hh24:mi:ss'), 'PWRPLANT', 37, 'Varchar2', 16, 0, null, null) ; 
INSERT INTO "CR_ELEMENTS_FIELDS" ("ELEMENT_ID", "FIELD_ID", "DESCRIPTION", "TIME_STAMP", "USER_ID", "ORDER", "TYPE", "WIDTH", "DECIMAL", "COL_WIDTH", "INCLUDE_IN_QUERY") VALUES (4, 37, 'Profit Center', to_date('2011-03-29 13:14:41', 'yyyy-mm-dd hh24:mi:ss'), 'PWRPLANT', 38, 'Varchar2', 10, 0, null, 1) ; 
INSERT INTO "CR_ELEMENTS_FIELDS" ("ELEMENT_ID", "FIELD_ID", "DESCRIPTION", "TIME_STAMP", "USER_ID", "ORDER", "TYPE", "WIDTH", "DECIMAL", "COL_WIDTH", "INCLUDE_IN_QUERY") VALUES (4, 38, 'User Field For Date In Service', to_date('2011-03-29 13:14:41', 'yyyy-mm-dd hh24:mi:ss'), 'PWRPLANT', 39, 'Varchar2', 8, 0, null, null) ; 
INSERT INTO "CR_ELEMENTS_FIELDS" ("ELEMENT_ID", "FIELD_ID", "DESCRIPTION", "TIME_STAMP", "USER_ID", "ORDER", "TYPE", "WIDTH", "DECIMAL", "COL_WIDTH", "INCLUDE_IN_QUERY") VALUES (4, 39, 'Location', to_date('2011-03-29 13:14:41', 'yyyy-mm-dd hh24:mi:ss'), 'PWRPLANT', 40, 'Varchar2', 10, 0, null, null) ; 
INSERT INTO "CR_ELEMENTS_FIELDS" ("ELEMENT_ID", "FIELD_ID", "DESCRIPTION", "TIME_STAMP", "USER_ID", "ORDER", "TYPE", "WIDTH", "DECIMAL", "COL_WIDTH", "INCLUDE_IN_QUERY") VALUES (4, 40, 'PTJC', to_date('2011-03-16 13:33:09', 'yyyy-mm-dd hh24:mi:ss'), 'PWRPLANT', 41, 'Varchar2', 14, 0, null, null) ; 
INSERT INTO "CR_ELEMENTS_FIELDS" ("ELEMENT_ID", "FIELD_ID", "DESCRIPTION", "TIME_STAMP", "USER_ID", "ORDER", "TYPE", "WIDTH", "DECIMAL", "COL_WIDTH", "INCLUDE_IN_QUERY") VALUES (4, 41, 'Parent WBS', to_date('2011-03-29 13:14:41', 'yyyy-mm-dd hh24:mi:ss'), 'PWRPLANT', 42, 'Varchar2', 24, 0, null, 1) ; 
INSERT INTO "CR_ELEMENTS_FIELDS" ("ELEMENT_ID", "FIELD_ID", "DESCRIPTION", "TIME_STAMP", "USER_ID", "ORDER", "TYPE", "WIDTH", "DECIMAL", "COL_WIDTH", "INCLUDE_IN_QUERY") VALUES (4, 42, 'System Status', to_date('2011-03-29 13:14:41', 'yyyy-mm-dd hh24:mi:ss'), 'PWRPLANT', 43, 'Varchar2', 40, 0, null, 1) ; 
INSERT INTO "CR_ELEMENTS_FIELDS" ("ELEMENT_ID", "FIELD_ID", "DESCRIPTION", "TIME_STAMP", "USER_ID", "ORDER", "TYPE", "WIDTH", "DECIMAL", "COL_WIDTH", "INCLUDE_IN_QUERY") VALUES (4, 43, 'User Status', to_date('2011-03-29 13:14:41', 'yyyy-mm-dd hh24:mi:ss'), 'PWRPLANT', 44, 'Varchar2', 40, 0, null, null) ; 
INSERT INTO "CR_ELEMENTS_FIELDS" ("ELEMENT_ID", "FIELD_ID", "DESCRIPTION", "TIME_STAMP", "USER_ID", "ORDER", "TYPE", "WIDTH", "DECIMAL", "COL_WIDTH", "INCLUDE_IN_QUERY") VALUES (4, 44, 'Company', to_date('2011-03-29 14:15:34', 'yyyy-mm-dd hh24:mi:ss'), 'PWRPLANT', 9, 'Varchar2', 4, 0, null, 1) ; 
INSERT INTO "CR_ELEMENTS_FIELDS" ("ELEMENT_ID", "FIELD_ID", "DESCRIPTION", "TIME_STAMP", "USER_ID", "ORDER", "TYPE", "WIDTH", "DECIMAL", "COL_WIDTH", "INCLUDE_IN_QUERY") VALUES (4, 45, 'Ferc Ind', to_date('2011-03-29 13:14:41', 'yyyy-mm-dd hh24:mi:ss'), 'PWRPLANT', 46, 'Varchar2', 10, 0, null, null) ; 
INSERT INTO "CR_ELEMENTS_FIELDS" ("ELEMENT_ID", "FIELD_ID", "DESCRIPTION", "TIME_STAMP", "USER_ID", "ORDER", "TYPE", "WIDTH", "DECIMAL", "COL_WIDTH", "INCLUDE_IN_QUERY") VALUES (4, 46, 'Order Type', to_date('2011-03-29 13:14:41', 'yyyy-mm-dd hh24:mi:ss'), 'PWRPLANT', 47, 'Varchar2', 4, 0, null, 1) ; 
INSERT INTO "CR_ELEMENTS_FIELDS" ("ELEMENT_ID", "FIELD_ID", "DESCRIPTION", "TIME_STAMP", "USER_ID", "ORDER", "TYPE", "WIDTH", "DECIMAL", "COL_WIDTH", "INCLUDE_IN_QUERY") VALUES (4, 47, 'Released Date', to_date('2011-03-29 13:14:41', 'yyyy-mm-dd hh24:mi:ss'), 'PWRPLANT', 48, 'Varchar2', 8, 0, null, 1) ; 
INSERT INTO "CR_ELEMENTS_FIELDS" ("ELEMENT_ID", "FIELD_ID", "DESCRIPTION", "TIME_STAMP", "USER_ID", "ORDER", "TYPE", "WIDTH", "DECIMAL", "COL_WIDTH", "INCLUDE_IN_QUERY") VALUES (4, 48, 'Scheduled Start Date', to_date('2011-03-29 13:14:41', 'yyyy-mm-dd hh24:mi:ss'), 'PWRPLANT', 49, 'Varchar2', 8, 0, null, 1) ; 
INSERT INTO "CR_ELEMENTS_FIELDS" ("ELEMENT_ID", "FIELD_ID", "DESCRIPTION", "TIME_STAMP", "USER_ID", "ORDER", "TYPE", "WIDTH", "DECIMAL", "COL_WIDTH", "INCLUDE_IN_QUERY") VALUES (4, 49, 'Scheduled Finish Date', to_date('2011-03-29 13:14:41', 'yyyy-mm-dd hh24:mi:ss'), 'PWRPLANT', 50, 'Varchar2', 8, 0, null, 1) ; 
INSERT INTO "CR_ELEMENTS_FIELDS" ("ELEMENT_ID", "FIELD_ID", "DESCRIPTION", "TIME_STAMP", "USER_ID", "ORDER", "TYPE", "WIDTH", "DECIMAL", "COL_WIDTH", "INCLUDE_IN_QUERY") VALUES (4, 50, 'External Wo Number', to_date('2011-03-29 13:14:41', 'yyyy-mm-dd hh24:mi:ss'), 'PWRPLANT', 51, 'Varchar2', 35, 0, null, 1) ; 
INSERT INTO "CR_ELEMENTS_FIELDS" ("ELEMENT_ID", "FIELD_ID", "DESCRIPTION", "TIME_STAMP", "USER_ID", "ORDER", "TYPE", "WIDTH", "DECIMAL", "COL_WIDTH", "INCLUDE_IN_QUERY") VALUES (4, 51, 'Applicant', to_date('2011-03-16 13:33:09', 'yyyy-mm-dd hh24:mi:ss'), 'PWRPLANT', 52, 'varchar2', 35, 0, null, 1) ; 
INSERT INTO "CR_ELEMENTS_FIELDS" ("ELEMENT_ID", "FIELD_ID", "DESCRIPTION", "TIME_STAMP", "USER_ID", "ORDER", "TYPE", "WIDTH", "DECIMAL", "COL_WIDTH", "INCLUDE_IN_QUERY") VALUES (4, 52, 'Functional Location', to_date('2011-03-16 13:33:09', 'yyyy-mm-dd hh24:mi:ss'), 'PWRPLANT', 53, 'varchar2', 35, 0, null, 0) ; 
INSERT INTO "CR_ELEMENTS_FIELDS" ("ELEMENT_ID", "FIELD_ID", "DESCRIPTION", "TIME_STAMP", "USER_ID", "ORDER", "TYPE", "WIDTH", "DECIMAL", "COL_WIDTH", "INCLUDE_IN_QUERY") VALUES (4, 53, 'Equipment', to_date('2011-03-16 13:33:09', 'yyyy-mm-dd hh24:mi:ss'), 'PWRPLANT', 54, 'varchar2', 35, 0, null, 0) ; 	


INSERT INTO "CR_ELEMENTS_FIELDS" ("ELEMENT_ID", "FIELD_ID", "DESCRIPTION", "TIME_STAMP", "USER_ID", "ORDER", "TYPE", "WIDTH", "DECIMAL", "COL_WIDTH", "INCLUDE_IN_QUERY") VALUES (5, 1, 'Operation', to_date('2011-10-25 17:38:53', 'yyyy-mm-dd hh24:mi:ss'), 'PWRPLANT', 1, 'VarChar2', 4, 0, null, 1) ; 
INSERT INTO "CR_ELEMENTS_FIELDS" ("ELEMENT_ID", "FIELD_ID", "DESCRIPTION", "TIME_STAMP", "USER_ID", "ORDER", "TYPE", "WIDTH", "DECIMAL", "COL_WIDTH", "INCLUDE_IN_QUERY") VALUES (5, 2, 'Description', to_date('2011-10-25 17:38:53', 'yyyy-mm-dd hh24:mi:ss'), 'PWRPLANT', 2, 'VarChar2', 254, 0, null, 1) ; 
INSERT INTO "CR_ELEMENTS_FIELDS" ("ELEMENT_ID", "FIELD_ID", "DESCRIPTION", "TIME_STAMP", "USER_ID", "ORDER", "TYPE", "WIDTH", "DECIMAL", "COL_WIDTH", "INCLUDE_IN_QUERY") VALUES (5, 3, 'Budget Value', to_date('2011-10-25 17:38:53', 'yyyy-mm-dd hh24:mi:ss'), 'PWRPLANT', 3, 'VarChar2', 4, 0, null, 0) ; 
INSERT INTO "CR_ELEMENTS_FIELDS" ("ELEMENT_ID", "FIELD_ID", "DESCRIPTION", "TIME_STAMP", "USER_ID", "ORDER", "TYPE", "WIDTH", "DECIMAL", "COL_WIDTH", "INCLUDE_IN_QUERY") VALUES (5, 4, 'Budgeting Value', to_date('2011-10-25 17:38:53', 'yyyy-mm-dd hh24:mi:ss'), 'PWRPLANT', 4, 'VarChar2', 4, 0, null, 0) ; 
INSERT INTO "CR_ELEMENTS_FIELDS" ("ELEMENT_ID", "FIELD_ID", "DESCRIPTION", "TIME_STAMP", "USER_ID", "ORDER", "TYPE", "WIDTH", "DECIMAL", "COL_WIDTH", "INCLUDE_IN_QUERY") VALUES (5, 5, 'Element Type', to_date('2011-10-25 17:38:53', 'yyyy-mm-dd hh24:mi:ss'), 'PWRPLANT', 5, 'VarChar2', 35, 0, null, 0) ; 
INSERT INTO "CR_ELEMENTS_FIELDS" ("ELEMENT_ID", "FIELD_ID", "DESCRIPTION", "TIME_STAMP", "USER_ID", "ORDER", "TYPE", "WIDTH", "DECIMAL", "COL_WIDTH", "INCLUDE_IN_QUERY") VALUES (5, 6, 'Labor Flag', to_date('2011-10-25 17:38:53', 'yyyy-mm-dd hh24:mi:ss'), 'PWRPLANT', 6, 'VarChar2', 2, 0, null, 0) ; 
INSERT INTO "CR_ELEMENTS_FIELDS" ("ELEMENT_ID", "FIELD_ID", "DESCRIPTION", "TIME_STAMP", "USER_ID", "ORDER", "TYPE", "WIDTH", "DECIMAL", "COL_WIDTH", "INCLUDE_IN_QUERY") VALUES (5, 7, 'Validation Status ID', to_date('2011-10-25 17:38:53', 'yyyy-mm-dd hh24:mi:ss'), 'PWRPLANT', 7, 'Number', 1, 0, null, 0) ; 
INSERT INTO "CR_ELEMENTS_FIELDS" ("ELEMENT_ID", "FIELD_ID", "DESCRIPTION", "TIME_STAMP", "USER_ID", "ORDER", "TYPE", "WIDTH", "DECIMAL", "COL_WIDTH", "INCLUDE_IN_QUERY") VALUES (5, 8, 'Effective Month Number', to_date('2011-10-25 17:38:53', 'yyyy-mm-dd hh24:mi:ss'), 'PWRPLANT', 8, 'Number', 6, 0, null, 0) ; 
INSERT INTO "CR_ELEMENTS_FIELDS" ("ELEMENT_ID", "FIELD_ID", "DESCRIPTION", "TIME_STAMP", "USER_ID", "ORDER", "TYPE", "WIDTH", "DECIMAL", "COL_WIDTH", "INCLUDE_IN_QUERY") VALUES (5, 9, 'Order Object Number', to_date('2011-12-14 11:35:48', 'yyyy-mm-dd hh24:mi:ss'), 'PWRPLANT', 14, 'VarChar2', 22, 0, null, 1) ; 
INSERT INTO "CR_ELEMENTS_FIELDS" ("ELEMENT_ID", "FIELD_ID", "DESCRIPTION", "TIME_STAMP", "USER_ID", "ORDER", "TYPE", "WIDTH", "DECIMAL", "COL_WIDTH", "INCLUDE_IN_QUERY") VALUES (5, 10, 'Object Number', to_date('2011-12-14 11:35:48', 'yyyy-mm-dd hh24:mi:ss'), 'PWRPLANT', 10, 'VarChar2', 22, 0, null, 1) ; 
INSERT INTO "CR_ELEMENTS_FIELDS" ("ELEMENT_ID", "FIELD_ID", "DESCRIPTION", "TIME_STAMP", "USER_ID", "ORDER", "TYPE", "WIDTH", "DECIMAL", "COL_WIDTH", "INCLUDE_IN_QUERY") VALUES (5, 11, 'Profit Center', to_date('2011-12-14 11:35:48', 'yyyy-mm-dd hh24:mi:ss'), 'PWRPLANT', 11, 'VarChar2', 10, 0, null, 1) ; 
INSERT INTO "CR_ELEMENTS_FIELDS" ("ELEMENT_ID", "FIELD_ID", "DESCRIPTION", "TIME_STAMP", "USER_ID", "ORDER", "TYPE", "WIDTH", "DECIMAL", "COL_WIDTH", "INCLUDE_IN_QUERY") VALUES (5, 12, 'Company', to_date('2011-12-14 11:35:35', 'yyyy-mm-dd hh24:mi:ss'), 'PWRPLANT', 9, 'VarChar2', 4, 0, 0, 1) ; 
INSERT INTO "CR_ELEMENTS_FIELDS" ("ELEMENT_ID", "FIELD_ID", "DESCRIPTION", "TIME_STAMP", "USER_ID", "ORDER", "TYPE", "WIDTH", "DECIMAL", "COL_WIDTH", "INCLUDE_IN_QUERY") VALUES (5, 13, 'General Counter', to_date('2011-12-14 11:36:42', 'yyyy-mm-dd hh24:mi:ss'), 'PWRPLANT', 13, 'VarChar2', 8, 0, null, 1) ; 
INSERT INTO "CR_ELEMENTS_FIELDS" ("ELEMENT_ID", "FIELD_ID", "DESCRIPTION", "TIME_STAMP", "USER_ID", "ORDER", "TYPE", "WIDTH", "DECIMAL", "COL_WIDTH", "INCLUDE_IN_QUERY") VALUES (5, 14, 'Routing Number', to_date('2011-12-14 11:35:48', 'yyyy-mm-dd hh24:mi:ss'), 'PWRPLANT', 12, 'VarChar2', 10, 0, null, 1) ; 
INSERT INTO "CR_ELEMENTS_FIELDS" ("ELEMENT_ID", "FIELD_ID", "DESCRIPTION", "TIME_STAMP", "USER_ID", "ORDER", "TYPE", "WIDTH", "DECIMAL", "COL_WIDTH", "INCLUDE_IN_QUERY") VALUES (6, 1, 'Profit Center', to_date('2011-03-15 11:03:56', 'yyyy-mm-dd hh24:mi:ss'), 'PWRPLANT', 1, 'VarChar2', 10, 0, null, 1) ; 
INSERT INTO "CR_ELEMENTS_FIELDS" ("ELEMENT_ID", "FIELD_ID", "DESCRIPTION", "TIME_STAMP", "USER_ID", "ORDER", "TYPE", "WIDTH", "DECIMAL", "COL_WIDTH", "INCLUDE_IN_QUERY") VALUES (6, 2, 'Description', to_date('2011-03-15 11:03:56', 'yyyy-mm-dd hh24:mi:ss'), 'PWRPLANT', 2, 'VarChar2', 254, 0, null, 0) ; 
INSERT INTO "CR_ELEMENTS_FIELDS" ("ELEMENT_ID", "FIELD_ID", "DESCRIPTION", "TIME_STAMP", "USER_ID", "ORDER", "TYPE", "WIDTH", "DECIMAL", "COL_WIDTH", "INCLUDE_IN_QUERY") VALUES (6, 3, 'Budget Value', to_date('2011-03-15 11:03:56', 'yyyy-mm-dd hh24:mi:ss'), 'PWRPLANT', 3, 'VarChar2', 10, 0, null, 0) ; 
INSERT INTO "CR_ELEMENTS_FIELDS" ("ELEMENT_ID", "FIELD_ID", "DESCRIPTION", "TIME_STAMP", "USER_ID", "ORDER", "TYPE", "WIDTH", "DECIMAL", "COL_WIDTH", "INCLUDE_IN_QUERY") VALUES (6, 4, 'Budgeting Value', to_date('2011-03-15 11:03:56', 'yyyy-mm-dd hh24:mi:ss'), 'PWRPLANT', 4, 'VarChar2', 10, 0, null, 0) ; 
INSERT INTO "CR_ELEMENTS_FIELDS" ("ELEMENT_ID", "FIELD_ID", "DESCRIPTION", "TIME_STAMP", "USER_ID", "ORDER", "TYPE", "WIDTH", "DECIMAL", "COL_WIDTH", "INCLUDE_IN_QUERY") VALUES (6, 5, 'Element Type', to_date('2011-03-15 11:03:56', 'yyyy-mm-dd hh24:mi:ss'), 'PWRPLANT', 5, 'VarChar2', 35, 0, null, 0) ; 
INSERT INTO "CR_ELEMENTS_FIELDS" ("ELEMENT_ID", "FIELD_ID", "DESCRIPTION", "TIME_STAMP", "USER_ID", "ORDER", "TYPE", "WIDTH", "DECIMAL", "COL_WIDTH", "INCLUDE_IN_QUERY") VALUES (6, 6, 'Labor Flag', to_date('2011-03-15 11:03:56', 'yyyy-mm-dd hh24:mi:ss'), 'PWRPLANT', 6, 'VarChar2', 2, 0, null, 0) ; 
INSERT INTO "CR_ELEMENTS_FIELDS" ("ELEMENT_ID", "FIELD_ID", "DESCRIPTION", "TIME_STAMP", "USER_ID", "ORDER", "TYPE", "WIDTH", "DECIMAL", "COL_WIDTH", "INCLUDE_IN_QUERY") VALUES (6, 7, 'Validation Status ID', to_date('2011-03-15 11:03:56', 'yyyy-mm-dd hh24:mi:ss'), 'PWRPLANT', 7, 'Number', 1, 0, null, 0) ; 
INSERT INTO "CR_ELEMENTS_FIELDS" ("ELEMENT_ID", "FIELD_ID", "DESCRIPTION", "TIME_STAMP", "USER_ID", "ORDER", "TYPE", "WIDTH", "DECIMAL", "COL_WIDTH", "INCLUDE_IN_QUERY") VALUES (6, 8, 'Effective Month Number', to_date('2011-03-15 11:03:56', 'yyyy-mm-dd hh24:mi:ss'), 'PWRPLANT', 8, 'Number', 6, 0, null, 0) ; 
INSERT INTO "CR_ELEMENTS_FIELDS" ("ELEMENT_ID", "FIELD_ID", "DESCRIPTION", "TIME_STAMP", "USER_ID", "ORDER", "TYPE", "WIDTH", "DECIMAL", "COL_WIDTH", "INCLUDE_IN_QUERY") VALUES (6, 9, 'Profit Center Area', to_date('2011-04-06 08:51:33', 'yyyy-mm-dd hh24:mi:ss'), 'PWRPLANT', 10, 'VarChar2', 12, 0, null, 1) ; 
INSERT INTO "CR_ELEMENTS_FIELDS" ("ELEMENT_ID", "FIELD_ID", "DESCRIPTION", "TIME_STAMP", "USER_ID", "ORDER", "TYPE", "WIDTH", "DECIMAL", "COL_WIDTH", "INCLUDE_IN_QUERY") VALUES (6, 10, 'Person Responsible', to_date('2011-04-06 08:51:33', 'yyyy-mm-dd hh24:mi:ss'), 'PWRPLANT', 11, 'VarChar2', 20, 0, null, 1) ;
INSERT INTO "CR_ELEMENTS_FIELDS" ("ELEMENT_ID", "FIELD_ID", "DESCRIPTION", "TIME_STAMP", "USER_ID", "ORDER", "TYPE", "WIDTH", "DECIMAL", "COL_WIDTH", "INCLUDE_IN_QUERY") VALUES (6, 11, 'Currency Key', to_date('2011-04-06 08:51:33', 'yyyy-mm-dd hh24:mi:ss'), 'PWRPLANT', 12, 'VarChar2', 5, 0, null, 0) ;  
INSERT INTO "CR_ELEMENTS_FIELDS" ("ELEMENT_ID", "FIELD_ID", "DESCRIPTION", "TIME_STAMP", "USER_ID", "ORDER", "TYPE", "WIDTH", "DECIMAL", "COL_WIDTH", "INCLUDE_IN_QUERY") VALUES (6, 12, 'Tax Jurisdiction', to_date('2011-04-06 08:51:33', 'yyyy-mm-dd hh24:mi:ss'), 'PWRPLANT', 13, 'VarChar2', 15, 0, null, 1) ; 
INSERT INTO "CR_ELEMENTS_FIELDS" ("ELEMENT_ID", "FIELD_ID", "DESCRIPTION", "TIME_STAMP", "USER_ID", "ORDER", "TYPE", "WIDTH", "DECIMAL", "COL_WIDTH", "INCLUDE_IN_QUERY") VALUES (6, 13, 'Created On', to_date('2011-04-06 08:51:33', 'yyyy-mm-dd hh24:mi:ss'), 'PWRPLANT', 14, 'VarChar2', 8, 0, null, 1) ; 
INSERT INTO "CR_ELEMENTS_FIELDS" ("ELEMENT_ID", "FIELD_ID", "DESCRIPTION", "TIME_STAMP", "USER_ID", "ORDER", "TYPE", "WIDTH", "DECIMAL", "COL_WIDTH", "INCLUDE_IN_QUERY") VALUES (6, 14, 'Entered By', to_date('2011-04-06 08:51:33', 'yyyy-mm-dd hh24:mi:ss'), 'PWRPLANT', 15, 'VarChar2', 12, 0, null, 1) ; 
INSERT INTO "CR_ELEMENTS_FIELDS" ("ELEMENT_ID", "FIELD_ID", "DESCRIPTION", "TIME_STAMP", "USER_ID", "ORDER", "TYPE", "WIDTH", "DECIMAL", "COL_WIDTH", "INCLUDE_IN_QUERY") VALUES (6, 15, 'Department', to_date('2011-04-06 08:51:33', 'yyyy-mm-dd hh24:mi:ss'), 'PWRPLANT', 16, 'VarChar2', 12, 0, null, 1) ; 
INSERT INTO "CR_ELEMENTS_FIELDS" ("ELEMENT_ID", "FIELD_ID", "DESCRIPTION", "TIME_STAMP", "USER_ID", "ORDER", "TYPE", "WIDTH", "DECIMAL", "COL_WIDTH", "INCLUDE_IN_QUERY") VALUES (6, 16, 'Name1', to_date('2011-04-06 08:51:33', 'yyyy-mm-dd hh24:mi:ss'), 'PWRPLANT', 17, 'VarChar2', 35, 0, null, 1) ; 
INSERT INTO "CR_ELEMENTS_FIELDS" ("ELEMENT_ID", "FIELD_ID", "DESCRIPTION", "TIME_STAMP", "USER_ID", "ORDER", "TYPE", "WIDTH", "DECIMAL", "COL_WIDTH", "INCLUDE_IN_QUERY") VALUES (6, 17, 'Language Key', to_date('2011-04-06 08:51:33', 'yyyy-mm-dd hh24:mi:ss'), 'PWRPLANT', 18, 'VarChar2', 1, 0, null, 1) ; 
INSERT INTO "CR_ELEMENTS_FIELDS" ("ELEMENT_ID", "FIELD_ID", "DESCRIPTION", "TIME_STAMP", "USER_ID", "ORDER", "TYPE", "WIDTH", "DECIMAL", "COL_WIDTH", "INCLUDE_IN_QUERY") VALUES (6, 18, 'Valid From Date', to_date('2011-04-06 08:51:33', 'yyyy-mm-dd hh24:mi:ss'), 'PWRPLANT', 19, 'VarChar2', 8, 0, null, 1) ; 
INSERT INTO "CR_ELEMENTS_FIELDS" ("ELEMENT_ID", "FIELD_ID", "DESCRIPTION", "TIME_STAMP", "USER_ID", "ORDER", "TYPE", "WIDTH", "DECIMAL", "COL_WIDTH", "INCLUDE_IN_QUERY") VALUES (6, 19, 'Valid To Date', to_date('2011-04-06 08:51:33', 'yyyy-mm-dd hh24:mi:ss'), 'PWRPLANT', 20, 'VarChar2', 8, 0, null, 1) ; 
INSERT INTO "CR_ELEMENTS_FIELDS" ("ELEMENT_ID", "FIELD_ID", "DESCRIPTION", "TIME_STAMP", "USER_ID", "ORDER", "TYPE", "WIDTH", "DECIMAL", "COL_WIDTH", "INCLUDE_IN_QUERY") VALUES (6, 20, 'Company', to_date('2011-04-06 08:51:33', 'yyyy-mm-dd hh24:mi:ss'), 'PWRPLANT', 9, 'VarChar2', 4, 0, null, null) ; 
INSERT INTO "CR_ELEMENTS_FIELDS" ("ELEMENT_ID", "FIELD_ID", "DESCRIPTION", "TIME_STAMP", "USER_ID", "ORDER", "TYPE", "WIDTH", "DECIMAL", "COL_WIDTH", "INCLUDE_IN_QUERY") VALUES (7, 1, 'Account', to_date('2011-03-15 11:03:56', 'yyyy-mm-dd hh24:mi:ss'), 'PWRPLANT', 1, 'VarChar2', 10, 0, null, 1) ; 
INSERT INTO "CR_ELEMENTS_FIELDS" ("ELEMENT_ID", "FIELD_ID", "DESCRIPTION", "TIME_STAMP", "USER_ID", "ORDER", "TYPE", "WIDTH", "DECIMAL", "COL_WIDTH", "INCLUDE_IN_QUERY") VALUES (7, 2, 'Description', to_date('2011-03-15 11:03:56', 'yyyy-mm-dd hh24:mi:ss'), 'PWRPLANT', 2, 'VarChar2', 254, 0, null, 0) ; 
INSERT INTO "CR_ELEMENTS_FIELDS" ("ELEMENT_ID", "FIELD_ID", "DESCRIPTION", "TIME_STAMP", "USER_ID", "ORDER", "TYPE", "WIDTH", "DECIMAL", "COL_WIDTH", "INCLUDE_IN_QUERY") VALUES (7, 3, 'Budget Value', to_date('2011-03-15 11:03:56', 'yyyy-mm-dd hh24:mi:ss'), 'PWRPLANT', 3, 'VarChar2', 10, 0, null, 0) ; 
INSERT INTO "CR_ELEMENTS_FIELDS" ("ELEMENT_ID", "FIELD_ID", "DESCRIPTION", "TIME_STAMP", "USER_ID", "ORDER", "TYPE", "WIDTH", "DECIMAL", "COL_WIDTH", "INCLUDE_IN_QUERY") VALUES (7, 4, 'Budgeting Value', to_date('2011-03-15 11:03:56', 'yyyy-mm-dd hh24:mi:ss'), 'PWRPLANT', 4, 'VarChar2', 10, 0, null, 0) ; 
INSERT INTO "CR_ELEMENTS_FIELDS" ("ELEMENT_ID", "FIELD_ID", "DESCRIPTION", "TIME_STAMP", "USER_ID", "ORDER", "TYPE", "WIDTH", "DECIMAL", "COL_WIDTH", "INCLUDE_IN_QUERY") VALUES (7, 5, 'Element Type', to_date('2011-03-15 11:03:56', 'yyyy-mm-dd hh24:mi:ss'), 'PWRPLANT', 5, 'VarChar2', 35, 0, null, 0) ; 
INSERT INTO "CR_ELEMENTS_FIELDS" ("ELEMENT_ID", "FIELD_ID", "DESCRIPTION", "TIME_STAMP", "USER_ID", "ORDER", "TYPE", "WIDTH", "DECIMAL", "COL_WIDTH", "INCLUDE_IN_QUERY") VALUES (7, 6, 'Labor Flag', to_date('2011-03-15 11:03:56', 'yyyy-mm-dd hh24:mi:ss'), 'PWRPLANT', 6, 'VarChar2', 2, 0, null, 0) ; 
INSERT INTO "CR_ELEMENTS_FIELDS" ("ELEMENT_ID", "FIELD_ID", "DESCRIPTION", "TIME_STAMP", "USER_ID", "ORDER", "TYPE", "WIDTH", "DECIMAL", "COL_WIDTH", "INCLUDE_IN_QUERY") VALUES (7, 7, 'Validation Status ID', to_date('2011-03-15 11:03:56', 'yyyy-mm-dd hh24:mi:ss'), 'PWRPLANT', 7, 'Number', 1, 0, null, 0) ; 
INSERT INTO "CR_ELEMENTS_FIELDS" ("ELEMENT_ID", "FIELD_ID", "DESCRIPTION", "TIME_STAMP", "USER_ID", "ORDER", "TYPE", "WIDTH", "DECIMAL", "COL_WIDTH", "INCLUDE_IN_QUERY") VALUES (7, 8, 'Effective Month Number', to_date('2011-03-15 11:03:56', 'yyyy-mm-dd hh24:mi:ss'), 'PWRPLANT', 8, 'Number', 6, 0, null, 0) ; 
INSERT INTO "CR_ELEMENTS_FIELDS" ("ELEMENT_ID", "FIELD_ID", "DESCRIPTION", "TIME_STAMP", "USER_ID", "ORDER", "TYPE", "WIDTH", "DECIMAL", "COL_WIDTH", "INCLUDE_IN_QUERY") VALUES (7, 9, 'Balance Sheet Account', to_date('2011-03-16 14:01:14', 'yyyy-mm-dd hh24:mi:ss'), 'PWRPLANT', 10, 'VarChar2', 1, 0, null, 0) ; 
INSERT INTO "CR_ELEMENTS_FIELDS" ("ELEMENT_ID", "FIELD_ID", "DESCRIPTION", "TIME_STAMP", "USER_ID", "ORDER", "TYPE", "WIDTH", "DECIMAL", "COL_WIDTH", "INCLUDE_IN_QUERY") VALUES (7, 10, 'Income Statement Account', to_date('2011-03-16 14:01:14', 'yyyy-mm-dd hh24:mi:ss'), 'PWRPLANT', 11, 'VarChar2', 2, 0, null, 0) ; 
INSERT INTO "CR_ELEMENTS_FIELDS" ("ELEMENT_ID", "FIELD_ID", "DESCRIPTION", "TIME_STAMP", "USER_ID", "ORDER", "TYPE", "WIDTH", "DECIMAL", "COL_WIDTH", "INCLUDE_IN_QUERY") VALUES (7, 11, 'Authorization Group', to_date('2011-03-16 14:01:14', 'yyyy-mm-dd hh24:mi:ss'), 'PWRPLANT', 12, 'VarChar2', 4, 0, null, 0) ; 
INSERT INTO "CR_ELEMENTS_FIELDS" ("ELEMENT_ID", "FIELD_ID", "DESCRIPTION", "TIME_STAMP", "USER_ID", "ORDER", "TYPE", "WIDTH", "DECIMAL", "COL_WIDTH", "INCLUDE_IN_QUERY") VALUES (7, 12, 'Accounting clerk', to_date('2011-03-16 14:01:14', 'yyyy-mm-dd hh24:mi:ss'), 'PWRPLANT', 13, 'VarChar2', 2, 0, null, 0) ; 
INSERT INTO "CR_ELEMENTS_FIELDS" ("ELEMENT_ID", "FIELD_ID", "DESCRIPTION", "TIME_STAMP", "USER_ID", "ORDER", "TYPE", "WIDTH", "DECIMAL", "COL_WIDTH", "INCLUDE_IN_QUERY") VALUES (7, 13, 'Date Created', to_date('2011-03-16 14:01:14', 'yyyy-mm-dd hh24:mi:ss'), 'PWRPLANT', 14, 'VarChar2', 8, 0, null, 0) ; 
INSERT INTO "CR_ELEMENTS_FIELDS" ("ELEMENT_ID", "FIELD_ID", "DESCRIPTION", "TIME_STAMP", "USER_ID", "ORDER", "TYPE", "WIDTH", "DECIMAL", "COL_WIDTH", "INCLUDE_IN_QUERY") VALUES (7, 14, 'Person who created record', to_date('2011-03-16 14:01:14', 'yyyy-mm-dd hh24:mi:ss'), 'PWRPLANT', 15, 'VarChar2', 12, 0, null, 0) ; 
INSERT INTO "CR_ELEMENTS_FIELDS" ("ELEMENT_ID", "FIELD_ID", "DESCRIPTION", "TIME_STAMP", "USER_ID", "ORDER", "TYPE", "WIDTH", "DECIMAL", "COL_WIDTH", "INCLUDE_IN_QUERY") VALUES (7, 15, 'GL account short text', to_date('2011-03-16 14:01:14', 'yyyy-mm-dd hh24:mi:ss'), 'PWRPLANT', 16, 'VarChar2', 20, 0, null, 0) ; 
INSERT INTO "CR_ELEMENTS_FIELDS" ("ELEMENT_ID", "FIELD_ID", "DESCRIPTION", "TIME_STAMP", "USER_ID", "ORDER", "TYPE", "WIDTH", "DECIMAL", "COL_WIDTH", "INCLUDE_IN_QUERY") VALUES (7, 17, 'Planning group', to_date('2011-03-15 11:03:56', 'yyyy-mm-dd hh24:mi:ss'), 'PWRPLANT', 17, 'VarChar2', 10, 0, null, 0) ; 
INSERT INTO "CR_ELEMENTS_FIELDS" ("ELEMENT_ID", "FIELD_ID", "DESCRIPTION", "TIME_STAMP", "USER_ID", "ORDER", "TYPE", "WIDTH", "DECIMAL", "COL_WIDTH", "INCLUDE_IN_QUERY") VALUES (7, 18, 'Planning level', to_date('2011-03-15 11:03:56', 'yyyy-mm-dd hh24:mi:ss'), 'PWRPLANT', 18, 'VarChar2', 2, 0, null, 0) ; 
INSERT INTO "CR_ELEMENTS_FIELDS" ("ELEMENT_ID", "FIELD_ID", "DESCRIPTION", "TIME_STAMP", "USER_ID", "ORDER", "TYPE", "WIDTH", "DECIMAL", "COL_WIDTH", "INCLUDE_IN_QUERY") VALUES (7, 19, 'Financial Budget Item', to_date('2011-03-15 11:03:56', 'yyyy-mm-dd hh24:mi:ss'), 'PWRPLANT', 19, 'VarChar2', 3, 0, null, 0) ; 
INSERT INTO "CR_ELEMENTS_FIELDS" ("ELEMENT_ID", "FIELD_ID", "DESCRIPTION", "TIME_STAMP", "USER_ID", "ORDER", "TYPE", "WIDTH", "DECIMAL", "COL_WIDTH", "INCLUDE_IN_QUERY") VALUES (7, 20, 'Field status group', to_date('2011-03-15 11:03:56', 'yyyy-mm-dd hh24:mi:ss'), 'PWRPLANT', 20, 'VarChar2', 4, 0, null, 0) ; 
INSERT INTO "CR_ELEMENTS_FIELDS" ("ELEMENT_ID", "FIELD_ID", "DESCRIPTION", "TIME_STAMP", "USER_ID", "ORDER", "TYPE", "WIDTH", "DECIMAL", "COL_WIDTH", "INCLUDE_IN_QUERY") VALUES (7, 21, 'Short key for house bank', to_date('2011-03-15 11:03:56', 'yyyy-mm-dd hh24:mi:ss'), 'PWRPLANT', 21, 'VarChar2', 5, 0, null, 0) ; 
INSERT INTO "CR_ELEMENTS_FIELDS" ("ELEMENT_ID", "FIELD_ID", "DESCRIPTION", "TIME_STAMP", "USER_ID", "ORDER", "TYPE", "WIDTH", "DECIMAL", "COL_WIDTH", "INCLUDE_IN_QUERY") VALUES (7, 22, 'ID for account details', to_date('2011-03-15 11:03:56', 'yyyy-mm-dd hh24:mi:ss'), 'PWRPLANT', 22, 'VarChar2', 5, 0, null, 0) ; 
INSERT INTO "CR_ELEMENTS_FIELDS" ("ELEMENT_ID", "FIELD_ID", "DESCRIPTION", "TIME_STAMP", "USER_ID", "ORDER", "TYPE", "WIDTH", "DECIMAL", "COL_WIDTH", "INCLUDE_IN_QUERY") VALUES (7, 23, 'Account is recon acct', to_date('2011-03-15 11:03:56', 'yyyy-mm-dd hh24:mi:ss'), 'PWRPLANT', 23, 'VarChar2', 1, 0, null, 0) ; 
INSERT INTO "CR_ELEMENTS_FIELDS" ("ELEMENT_ID", "FIELD_ID", "DESCRIPTION", "TIME_STAMP", "USER_ID", "ORDER", "TYPE", "WIDTH", "DECIMAL", "COL_WIDTH", "INCLUDE_IN_QUERY") VALUES (7, 24, 'Tax Category in Account', to_date('2011-03-15 11:03:56', 'yyyy-mm-dd hh24:mi:ss'), 'PWRPLANT', 24, 'VarChar2', 2, 0, null, 0) ; 
INSERT INTO "CR_ELEMENTS_FIELDS" ("ELEMENT_ID", "FIELD_ID", "DESCRIPTION", "TIME_STAMP", "USER_ID", "ORDER", "TYPE", "WIDTH", "DECIMAL", "COL_WIDTH", "INCLUDE_IN_QUERY") VALUES (7, 25, 'GL acct additional text', to_date('2011-03-15 11:03:56', 'yyyy-mm-dd hh24:mi:ss'), 'PWRPLANT', 25, 'VarChar2', 50, 0, null, 0) ; 
INSERT INTO "CR_ELEMENTS_FIELDS" ("ELEMENT_ID", "FIELD_ID", "DESCRIPTION", "TIME_STAMP", "USER_ID", "ORDER", "TYPE", "WIDTH", "DECIMAL", "COL_WIDTH", "INCLUDE_IN_QUERY") VALUES (7, 26, 'Account currency', to_date('2011-03-15 11:03:56', 'yyyy-mm-dd hh24:mi:ss'), 'PWRPLANT', 26, 'VarChar2', 5, 0, null, 0) ; 
INSERT INTO "CR_ELEMENTS_FIELDS" ("ELEMENT_ID", "FIELD_ID", "DESCRIPTION", "TIME_STAMP", "USER_ID", "ORDER", "TYPE", "WIDTH", "DECIMAL", "COL_WIDTH", "INCLUDE_IN_QUERY") VALUES (7, 27, 'Cash rcpt or disbrsmnt acct', to_date('2011-03-15 11:03:56', 'yyyy-mm-dd hh24:mi:ss'), 'PWRPLANT', 27, 'VarChar2', 1, 0, null, 0) ; 
INSERT INTO "CR_ELEMENTS_FIELDS" ("ELEMENT_ID", "FIELD_ID", "DESCRIPTION", "TIME_STAMP", "USER_ID", "ORDER", "TYPE", "WIDTH", "DECIMAL", "COL_WIDTH", "INCLUDE_IN_QUERY") VALUES (7, 28, 'Ind Is acct only posted auto', to_date('2011-03-15 11:03:56', 'yyyy-mm-dd hh24:mi:ss'), 'PWRPLANT', 28, 'VarChar2', 1, 0, null, 0) ; 
INSERT INTO "CR_ELEMENTS_FIELDS" ("ELEMENT_ID", "FIELD_ID", "DESCRIPTION", "TIME_STAMP", "USER_ID", "ORDER", "TYPE", "WIDTH", "DECIMAL", "COL_WIDTH", "INCLUDE_IN_QUERY") VALUES (7, 29, 'Ind Can Ln Itm Dsplyd by Acct', to_date('2011-03-15 11:03:56', 'yyyy-mm-dd hh24:mi:ss'), 'PWRPLANT', 29, 'VarChar2', 1, 0, null, 0) ; 
INSERT INTO "CR_ELEMENTS_FIELDS" ("ELEMENT_ID", "FIELD_ID", "DESCRIPTION", "TIME_STAMP", "USER_ID", "ORDER", "TYPE", "WIDTH", "DECIMAL", "COL_WIDTH", "INCLUDE_IN_QUERY") VALUES (7, 30, 'Ind Acct marked for delete', to_date('2011-03-15 11:03:56', 'yyyy-mm-dd hh24:mi:ss'), 'PWRPLANT', 30, 'VarChar2', 1, 0, null, 0) ; 
INSERT INTO "CR_ELEMENTS_FIELDS" ("ELEMENT_ID", "FIELD_ID", "DESCRIPTION", "TIME_STAMP", "USER_ID", "ORDER", "TYPE", "WIDTH", "DECIMAL", "COL_WIDTH", "INCLUDE_IN_QUERY") VALUES (7, 31, 'Ind Supplmnt for auto post', to_date('2011-03-15 11:03:56', 'yyyy-mm-dd hh24:mi:ss'), 'PWRPLANT', 31, 'VarChar2', 1, 0, null, 0) ; 
INSERT INTO "CR_ELEMENTS_FIELDS" ("ELEMENT_ID", "FIELD_ID", "DESCRIPTION", "TIME_STAMP", "USER_ID", "ORDER", "TYPE", "WIDTH", "DECIMAL", "COL_WIDTH", "INCLUDE_IN_QUERY") VALUES (7, 32, 'Ind Open item mgt', to_date('2011-03-15 11:03:56', 'yyyy-mm-dd hh24:mi:ss'), 'PWRPLANT', 32, 'VarChar2', 1, 0, null, 0) ; 
INSERT INTO "CR_ELEMENTS_FIELDS" ("ELEMENT_ID", "FIELD_ID", "DESCRIPTION", "TIME_STAMP", "USER_ID", "ORDER", "TYPE", "WIDTH", "DECIMAL", "COL_WIDTH", "INCLUDE_IN_QUERY") VALUES (7, 33, 'Ind Is Acct Blckd for Post', to_date('2011-03-15 11:03:56', 'yyyy-mm-dd hh24:mi:ss'), 'PWRPLANT', 33, 'VarChar2', 1, 0, null, 0) ; 
INSERT INTO "CR_ELEMENTS_FIELDS" ("ELEMENT_ID", "FIELD_ID", "DESCRIPTION", "TIME_STAMP", "USER_ID", "ORDER", "TYPE", "WIDTH", "DECIMAL", "COL_WIDTH", "INCLUDE_IN_QUERY") VALUES (7, 34, 'Altrntve acct num comp cd', to_date('2011-03-15 11:03:56', 'yyyy-mm-dd hh24:mi:ss'), 'PWRPLANT', 34, 'VarChar2', 10, 0, null, 0) ; 
INSERT INTO "CR_ELEMENTS_FIELDS" ("ELEMENT_ID", "FIELD_ID", "DESCRIPTION", "TIME_STAMP", "USER_ID", "ORDER", "TYPE", "WIDTH", "DECIMAL", "COL_WIDTH", "INCLUDE_IN_QUERY") VALUES (7, 35, 'Commitment Item', to_date('2011-03-15 11:03:56', 'yyyy-mm-dd hh24:mi:ss'), 'PWRPLANT', 35, 'VarChar2', 14, 0, null, 0) ; 
INSERT INTO "CR_ELEMENTS_FIELDS" ("ELEMENT_ID", "FIELD_ID", "DESCRIPTION", "TIME_STAMP", "USER_ID", "ORDER", "TYPE", "WIDTH", "DECIMAL", "COL_WIDTH", "INCLUDE_IN_QUERY") VALUES (7, 36, 'Valuation Group', to_date('2011-03-15 11:03:56', 'yyyy-mm-dd hh24:mi:ss'), 'PWRPLANT', 36, 'VarChar2', 10, 0, null, 0) ; 
INSERT INTO "CR_ELEMENTS_FIELDS" ("ELEMENT_ID", "FIELD_ID", "DESCRIPTION", "TIME_STAMP", "USER_ID", "ORDER", "TYPE", "WIDTH", "DECIMAL", "COL_WIDTH", "INCLUDE_IN_QUERY") VALUES (7, 37, 'Chart of Accounts', to_date('2011-03-15 11:03:56', 'yyyy-mm-dd hh24:mi:ss'), 'PWRPLANT', 37, 'VarChar2', 4, 0, null, 0) ; 
INSERT INTO "CR_ELEMENTS_FIELDS" ("ELEMENT_ID", "FIELD_ID", "DESCRIPTION", "TIME_STAMP", "USER_ID", "ORDER", "TYPE", "WIDTH", "DECIMAL", "COL_WIDTH", "INCLUDE_IN_QUERY") VALUES (7, 40, 'Indicator Flagged for Deletion', to_date('2011-03-15 11:03:56', 'yyyy-mm-dd hh24:mi:ss'), 'PWRPLANT', 40, 'VarChar2', 1, 0, null, 1) ; 
INSERT INTO "CR_ELEMENTS_FIELDS" ("ELEMENT_ID", "FIELD_ID", "DESCRIPTION", "TIME_STAMP", "USER_ID", "ORDER", "TYPE", "WIDTH", "DECIMAL", "COL_WIDTH", "INCLUDE_IN_QUERY") VALUES (7, 41, 'Indicator Blocked for Creation', to_date('2011-03-15 11:03:56', 'yyyy-mm-dd hh24:mi:ss'), 'PWRPLANT', 41, 'VarChar2', 1, 0, null, 0) ; 
INSERT INTO "CR_ELEMENTS_FIELDS" ("ELEMENT_ID", "FIELD_ID", "DESCRIPTION", "TIME_STAMP", "USER_ID", "ORDER", "TYPE", "WIDTH", "DECIMAL", "COL_WIDTH", "INCLUDE_IN_QUERY") VALUES (7, 42, 'Indicator Blocked for Posting', to_date('2011-03-15 11:03:56', 'yyyy-mm-dd hh24:mi:ss'), 'PWRPLANT', 42, 'VarChar2', 1, 0, null, 0) ; 
INSERT INTO "CR_ELEMENTS_FIELDS" ("ELEMENT_ID", "FIELD_ID", "DESCRIPTION", "TIME_STAMP", "USER_ID", "ORDER", "TYPE", "WIDTH", "DECIMAL", "COL_WIDTH", "INCLUDE_IN_QUERY") VALUES (7, 43, 'Company', to_date('2011-03-16 14:01:14', 'yyyy-mm-dd hh24:mi:ss'), 'PWRPLANT', 9, 'VarChar2', 4, 0, null, null) ; 
INSERT INTO "CR_ELEMENTS_FIELDS" ("ELEMENT_ID", "FIELD_ID", "DESCRIPTION", "TIME_STAMP", "USER_ID", "ORDER", "TYPE", "WIDTH", "DECIMAL", "COL_WIDTH", "INCLUDE_IN_QUERY") VALUES (8, 1, 'Assignment', to_date('2011-03-15 11:03:56', 'yyyy-mm-dd hh24:mi:ss'), 'PWRPLANT', 1, 'VarChar2', 18, 0, null, 0) ; 
INSERT INTO "CR_ELEMENTS_FIELDS" ("ELEMENT_ID", "FIELD_ID", "DESCRIPTION", "TIME_STAMP", "USER_ID", "ORDER", "TYPE", "WIDTH", "DECIMAL", "COL_WIDTH", "INCLUDE_IN_QUERY") VALUES (8, 2, 'Description', to_date('2011-03-15 11:03:56', 'yyyy-mm-dd hh24:mi:ss'), 'PWRPLANT', 2, 'VarChar2', 254, 0, null, 0) ; 
INSERT INTO "CR_ELEMENTS_FIELDS" ("ELEMENT_ID", "FIELD_ID", "DESCRIPTION", "TIME_STAMP", "USER_ID", "ORDER", "TYPE", "WIDTH", "DECIMAL", "COL_WIDTH", "INCLUDE_IN_QUERY") VALUES (8, 3, 'Budget Value', to_date('2011-03-15 11:03:56', 'yyyy-mm-dd hh24:mi:ss'), 'PWRPLANT', 3, 'VarChar2', 18, 0, null, 0) ; 
INSERT INTO "CR_ELEMENTS_FIELDS" ("ELEMENT_ID", "FIELD_ID", "DESCRIPTION", "TIME_STAMP", "USER_ID", "ORDER", "TYPE", "WIDTH", "DECIMAL", "COL_WIDTH", "INCLUDE_IN_QUERY") VALUES (8, 4, 'Budgeting Value', to_date('2011-03-15 11:03:56', 'yyyy-mm-dd hh24:mi:ss'), 'PWRPLANT', 4, 'VarChar2', 18, 0, null, 0) ; 
INSERT INTO "CR_ELEMENTS_FIELDS" ("ELEMENT_ID", "FIELD_ID", "DESCRIPTION", "TIME_STAMP", "USER_ID", "ORDER", "TYPE", "WIDTH", "DECIMAL", "COL_WIDTH", "INCLUDE_IN_QUERY") VALUES (8, 5, 'Element Type', to_date('2011-03-15 11:03:56', 'yyyy-mm-dd hh24:mi:ss'), 'PWRPLANT', 5, 'VarChar2', 35, 0, null, 0) ; 
INSERT INTO "CR_ELEMENTS_FIELDS" ("ELEMENT_ID", "FIELD_ID", "DESCRIPTION", "TIME_STAMP", "USER_ID", "ORDER", "TYPE", "WIDTH", "DECIMAL", "COL_WIDTH", "INCLUDE_IN_QUERY") VALUES (8, 6, 'Labor Flag', to_date('2011-03-15 11:03:56', 'yyyy-mm-dd hh24:mi:ss'), 'PWRPLANT', 6, 'VarChar2', 2, 0, null, 0) ; 
INSERT INTO "CR_ELEMENTS_FIELDS" ("ELEMENT_ID", "FIELD_ID", "DESCRIPTION", "TIME_STAMP", "USER_ID", "ORDER", "TYPE", "WIDTH", "DECIMAL", "COL_WIDTH", "INCLUDE_IN_QUERY") VALUES (8, 7, 'Validation Status ID', to_date('2011-03-15 11:03:56', 'yyyy-mm-dd hh24:mi:ss'), 'PWRPLANT', 7, 'Number', 1, 0, null, 0) ; 
INSERT INTO "CR_ELEMENTS_FIELDS" ("ELEMENT_ID", "FIELD_ID", "DESCRIPTION", "TIME_STAMP", "USER_ID", "ORDER", "TYPE", "WIDTH", "DECIMAL", "COL_WIDTH", "INCLUDE_IN_QUERY") VALUES (8, 8, 'Effective Month Number', to_date('2011-03-15 11:03:56', 'yyyy-mm-dd hh24:mi:ss'), 'PWRPLANT', 8, 'Number', 6, 0, null, 0) ; 
INSERT INTO "CR_ELEMENTS_FIELDS" ("ELEMENT_ID", "FIELD_ID", "DESCRIPTION", "TIME_STAMP", "USER_ID", "ORDER", "TYPE", "WIDTH", "DECIMAL", "COL_WIDTH", "INCLUDE_IN_QUERY") VALUES (9, 1, 'Order Number', to_date('2011-03-15 11:03:56', 'yyyy-mm-dd hh24:mi:ss'), 'PWRPLANT', 1, 'VarChar2', 12, 0, null, 1) ; 
INSERT INTO "CR_ELEMENTS_FIELDS" ("ELEMENT_ID", "FIELD_ID", "DESCRIPTION", "TIME_STAMP", "USER_ID", "ORDER", "TYPE", "WIDTH", "DECIMAL", "COL_WIDTH", "INCLUDE_IN_QUERY") VALUES (9, 2, 'Description', to_date('2011-03-15 11:03:56', 'yyyy-mm-dd hh24:mi:ss'), 'PWRPLANT', 2, 'VarChar2', 254, 0, null, 0) ; 
INSERT INTO "CR_ELEMENTS_FIELDS" ("ELEMENT_ID", "FIELD_ID", "DESCRIPTION", "TIME_STAMP", "USER_ID", "ORDER", "TYPE", "WIDTH", "DECIMAL", "COL_WIDTH", "INCLUDE_IN_QUERY") VALUES (9, 3, 'Budget Value', to_date('2011-03-15 11:03:56', 'yyyy-mm-dd hh24:mi:ss'), 'PWRPLANT', 3, 'VarChar2', 12, 0, null, 0) ; 
INSERT INTO "CR_ELEMENTS_FIELDS" ("ELEMENT_ID", "FIELD_ID", "DESCRIPTION", "TIME_STAMP", "USER_ID", "ORDER", "TYPE", "WIDTH", "DECIMAL", "COL_WIDTH", "INCLUDE_IN_QUERY") VALUES (9, 4, 'Budgeting Value', to_date('2011-03-15 11:03:56', 'yyyy-mm-dd hh24:mi:ss'), 'PWRPLANT', 4, 'VarChar2', 25, 0, null, 0) ; 
INSERT INTO "CR_ELEMENTS_FIELDS" ("ELEMENT_ID", "FIELD_ID", "DESCRIPTION", "TIME_STAMP", "USER_ID", "ORDER", "TYPE", "WIDTH", "DECIMAL", "COL_WIDTH", "INCLUDE_IN_QUERY") VALUES (9, 5, 'Element Type', to_date('2011-03-15 11:03:56', 'yyyy-mm-dd hh24:mi:ss'), 'PWRPLANT', 5, 'VarChar2', 35, 0, null, 0) ; 
INSERT INTO "CR_ELEMENTS_FIELDS" ("ELEMENT_ID", "FIELD_ID", "DESCRIPTION", "TIME_STAMP", "USER_ID", "ORDER", "TYPE", "WIDTH", "DECIMAL", "COL_WIDTH", "INCLUDE_IN_QUERY") VALUES (9, 6, 'Labor Flag', to_date('2011-03-15 11:03:56', 'yyyy-mm-dd hh24:mi:ss'), 'PWRPLANT', 6, 'VarChar2', 2, 0, null, 0) ; 
INSERT INTO "CR_ELEMENTS_FIELDS" ("ELEMENT_ID", "FIELD_ID", "DESCRIPTION", "TIME_STAMP", "USER_ID", "ORDER", "TYPE", "WIDTH", "DECIMAL", "COL_WIDTH", "INCLUDE_IN_QUERY") VALUES (9, 7, 'Validation Status ID', to_date('2011-03-15 11:03:56', 'yyyy-mm-dd hh24:mi:ss'), 'PWRPLANT', 7, 'Number', 1, 0, null, 0) ; 
INSERT INTO "CR_ELEMENTS_FIELDS" ("ELEMENT_ID", "FIELD_ID", "DESCRIPTION", "TIME_STAMP", "USER_ID", "ORDER", "TYPE", "WIDTH", "DECIMAL", "COL_WIDTH", "INCLUDE_IN_QUERY") VALUES (9, 8, 'Effective Month Number', to_date('2011-03-15 11:03:56', 'yyyy-mm-dd hh24:mi:ss'), 'PWRPLANT', 8, 'Number', 6, 0, null, 0) ; 
INSERT INTO "CR_ELEMENTS_FIELDS" ("ELEMENT_ID", "FIELD_ID", "DESCRIPTION", "TIME_STAMP", "USER_ID", "ORDER", "TYPE", "WIDTH", "DECIMAL", "COL_WIDTH", "INCLUDE_IN_QUERY") VALUES (9, 9, 'Company', to_date('2011-03-16 14:03:03', 'yyyy-mm-dd hh24:mi:ss'), 'PWRPLANT', 9, 'VarChar2', 4, 0, null, 1) ; 
INSERT INTO "CR_ELEMENTS_FIELDS" ("ELEMENT_ID", "FIELD_ID", "DESCRIPTION", "TIME_STAMP", "USER_ID", "ORDER", "TYPE", "WIDTH", "DECIMAL", "COL_WIDTH", "INCLUDE_IN_QUERY") VALUES (9, 10, 'Order Type', to_date('2011-03-15 11:03:56', 'yyyy-mm-dd hh24:mi:ss'), 'PWRPLANT', 10, 'VarChar2', 4, 0, null, 1) ; 
INSERT INTO "CR_ELEMENTS_FIELDS" ("ELEMENT_ID", "FIELD_ID", "DESCRIPTION", "TIME_STAMP", "USER_ID", "ORDER", "TYPE", "WIDTH", "DECIMAL", "COL_WIDTH", "INCLUDE_IN_QUERY") VALUES (9, 11, 'Created Date', to_date('2011-03-15 11:03:56', 'yyyy-mm-dd hh24:mi:ss'), 'PWRPLANT', 11, 'VarChar2', 8, 0, null, 1) ; 
INSERT INTO "CR_ELEMENTS_FIELDS" ("ELEMENT_ID", "FIELD_ID", "DESCRIPTION", "TIME_STAMP", "USER_ID", "ORDER", "TYPE", "WIDTH", "DECIMAL", "COL_WIDTH", "INCLUDE_IN_QUERY") VALUES (9, 12, 'Released Date', to_date('2011-03-15 11:03:56', 'yyyy-mm-dd hh24:mi:ss'), 'PWRPLANT', 12, 'VarChar2', 8, 0, null, 1) ;
INSERT INTO "CR_ELEMENTS_FIELDS" ("ELEMENT_ID", "FIELD_ID", "DESCRIPTION", "TIME_STAMP", "USER_ID", "ORDER", "TYPE", "WIDTH", "DECIMAL", "COL_WIDTH", "INCLUDE_IN_QUERY") VALUES (9, 13, 'Scheduled Start Date', to_date('2011-03-15 11:03:56', 'yyyy-mm-dd hh24:mi:ss'), 'PWRPLANT', 13, 'VarChar2', 8, 0, null, 1) ;
INSERT INTO "CR_ELEMENTS_FIELDS" ("ELEMENT_ID", "FIELD_ID", "DESCRIPTION", "TIME_STAMP", "USER_ID", "ORDER", "TYPE", "WIDTH", "DECIMAL", "COL_WIDTH", "INCLUDE_IN_QUERY") VALUES (9, 14, 'Scheduled Finish Date', to_date('2011-03-15 11:03:56', 'yyyy-mm-dd hh24:mi:ss'), 'PWRPLANT', 14, 'VarChar2', 8, 0, null, 1) ; 
INSERT INTO "CR_ELEMENTS_FIELDS" ("ELEMENT_ID", "FIELD_ID", "DESCRIPTION", "TIME_STAMP", "USER_ID", "ORDER", "TYPE", "WIDTH", "DECIMAL", "COL_WIDTH", "INCLUDE_IN_QUERY") VALUES (9, 15, 'Pre Closed', to_date('2011-03-15 11:03:57', 'yyyy-mm-dd hh24:mi:ss'), 'PWRPLANT', 15, 'VarChar2', 4, 0, null, 0) ; 
INSERT INTO "CR_ELEMENTS_FIELDS" ("ELEMENT_ID", "FIELD_ID", "DESCRIPTION", "TIME_STAMP", "USER_ID", "ORDER", "TYPE", "WIDTH", "DECIMAL", "COL_WIDTH", "INCLUDE_IN_QUERY") VALUES (9, 16, 'Locked', to_date('2011-03-15 11:03:56', 'yyyy-mm-dd hh24:mi:ss'), 'PWRPLANT', 16, 'VarChar2', 3, 0, null, 0) ; 
INSERT INTO "CR_ELEMENTS_FIELDS" ("ELEMENT_ID", "FIELD_ID", "DESCRIPTION", "TIME_STAMP", "USER_ID", "ORDER", "TYPE", "WIDTH", "DECIMAL", "COL_WIDTH", "INCLUDE_IN_QUERY") VALUES (9, 17, 'TECO Date', to_date('2011-03-15 11:03:57', 'yyyy-mm-dd hh24:mi:ss'), 'PWRPLANT', 17, 'VarChar2', 8, 0, null, 1) ; 
INSERT INTO "CR_ELEMENTS_FIELDS" ("ELEMENT_ID", "FIELD_ID", "DESCRIPTION", "TIME_STAMP", "USER_ID", "ORDER", "TYPE", "WIDTH", "DECIMAL", "COL_WIDTH", "INCLUDE_IN_QUERY") VALUES (9, 18, 'Close Date', to_date('2011-03-15 11:03:57', 'yyyy-mm-dd hh24:mi:ss'), 'PWRPLANT', 18, 'VarChar2', 8, 0, null, 1) ; 
INSERT INTO "CR_ELEMENTS_FIELDS" ("ELEMENT_ID", "FIELD_ID", "DESCRIPTION", "TIME_STAMP", "USER_ID", "ORDER", "TYPE", "WIDTH", "DECIMAL", "COL_WIDTH", "INCLUDE_IN_QUERY") VALUES (9, 19, 'Created By', to_date('2011-03-15 11:03:57', 'yyyy-mm-dd hh24:mi:ss'), 'PWRPLANT', 19, 'VarChar2', 12, 0, null, 1) ; 
INSERT INTO "CR_ELEMENTS_FIELDS" ("ELEMENT_ID", "FIELD_ID", "DESCRIPTION", "TIME_STAMP", "USER_ID", "ORDER", "TYPE", "WIDTH", "DECIMAL", "COL_WIDTH", "INCLUDE_IN_QUERY") VALUES (9, 20, 'Superior Order', to_date('2011-03-15 11:03:57', 'yyyy-mm-dd hh24:mi:ss'), 'PWRPLANT', 20, 'VarChar2', 12, 0, null, 1) ; 
INSERT INTO "CR_ELEMENTS_FIELDS" ("ELEMENT_ID", "FIELD_ID", "DESCRIPTION", "TIME_STAMP", "USER_ID", "ORDER", "TYPE", "WIDTH", "DECIMAL", "COL_WIDTH", "INCLUDE_IN_QUERY") VALUES (9, 21, 'Profit Center', to_date('2011-03-15 11:03:57', 'yyyy-mm-dd hh24:mi:ss'), 'PWRPLANT', 21, 'VarChar2', 10, 0, null, 1) ; 
INSERT INTO "CR_ELEMENTS_FIELDS" ("ELEMENT_ID", "FIELD_ID", "DESCRIPTION", "TIME_STAMP", "USER_ID", "ORDER", "TYPE", "WIDTH", "DECIMAL", "COL_WIDTH", "INCLUDE_IN_QUERY") VALUES (9, 22, 'User Status', to_date('2011-03-15 11:03:57', 'yyyy-mm-dd hh24:mi:ss'), 'PWRPLANT', 224, 'VarChar2', 40, 0, null, 0) ; 
INSERT INTO "CR_ELEMENTS_FIELDS" ("ELEMENT_ID", "FIELD_ID", "DESCRIPTION", "TIME_STAMP", "USER_ID", "ORDER", "TYPE", "WIDTH", "DECIMAL", "COL_WIDTH", "INCLUDE_IN_QUERY") VALUES (9, 23, 'System Status', to_date('2011-03-15 11:03:57', 'yyyy-mm-dd hh24:mi:ss'), 'PWRPLANT', 23, 'VarChar2', 40, 0, null, 1) ; 
INSERT INTO "CR_ELEMENTS_FIELDS" ("ELEMENT_ID", "FIELD_ID", "DESCRIPTION", "TIME_STAMP", "USER_ID", "ORDER", "TYPE", "WIDTH", "DECIMAL", "COL_WIDTH", "INCLUDE_IN_QUERY") VALUES (9, 24, 'Object Number', to_date('2011-03-15 11:03:57', 'yyyy-mm-dd hh24:mi:ss'), 'PWRPLANT', 22, 'VarChar2', 22, 0, null, 1) ; 
INSERT INTO "CR_ELEMENTS_FIELDS" ("ELEMENT_ID", "FIELD_ID", "DESCRIPTION", "TIME_STAMP", "USER_ID", "ORDER", "TYPE", "WIDTH", "DECIMAL", "COL_WIDTH", "INCLUDE_IN_QUERY") VALUES (9, 25, 'Plant', to_date('2011-03-15 11:03:57', 'yyyy-mm-dd hh24:mi:ss'), 'PWRPLANT', 25, 'varchar2', 10, 0, null, 1) ; 
INSERT INTO "CR_ELEMENTS_FIELDS" ("ELEMENT_ID", "FIELD_ID", "DESCRIPTION", "TIME_STAMP", "USER_ID", "ORDER", "TYPE", "WIDTH", "DECIMAL", "COL_WIDTH", "INCLUDE_IN_QUERY") VALUES (9, 26, 'Responsible Person', to_date('2011-03-15 11:03:55', 'yyyy-mm-dd hh24:mi:ss'), 'PWRPLANT', 26, 'varchar2', 35, 0, null, 1) ; 
INSERT INTO "CR_ELEMENTS_FIELDS" ("ELEMENT_ID", "FIELD_ID", "DESCRIPTION", "TIME_STAMP", "USER_ID", "ORDER", "TYPE", "WIDTH", "DECIMAL", "COL_WIDTH", "INCLUDE_IN_QUERY") VALUES (9, 27, 'Reason For Work', to_date('2011-03-15 11:03:55', 'yyyy-mm-dd hh24:mi:ss'), 'PWRPLANT', 27, 'varchar2', 5, 0, null, 0) ; 
INSERT INTO "CR_ELEMENTS_FIELDS" ("ELEMENT_ID", "FIELD_ID", "DESCRIPTION", "TIME_STAMP", "USER_ID", "ORDER", "TYPE", "WIDTH", "DECIMAL", "COL_WIDTH", "INCLUDE_IN_QUERY") VALUES (9, 28, 'Tax Jurisdiction', to_date('2011-03-15 11:03:55', 'yyyy-mm-dd hh24:mi:ss'), 'PWRPLANT', 28, 'varchar2', 35, 0, null, 1) ; 
INSERT INTO "CR_ELEMENTS_FIELDS" ("ELEMENT_ID", "FIELD_ID", "DESCRIPTION", "TIME_STAMP", "USER_ID", "ORDER", "TYPE", "WIDTH", "DECIMAL", "COL_WIDTH", "INCLUDE_IN_QUERY") VALUES (9, 29, 'Applicant', to_date('2011-03-15 11:03:55', 'yyyy-mm-dd hh24:mi:ss'), 'PWRPLANT', 29, 'varchar2', 35, 0, null, 1) ; 
INSERT INTO "CR_ELEMENTS_FIELDS" ("ELEMENT_ID", "FIELD_ID", "DESCRIPTION", "TIME_STAMP", "USER_ID", "ORDER", "TYPE", "WIDTH", "DECIMAL", "COL_WIDTH", "INCLUDE_IN_QUERY") VALUES (9, 30, 'Last Change User', to_date('2011-03-15 11:03:55', 'yyyy-mm-dd hh24:mi:ss'), 'PWRPLANT', 30, 'varchar2', 35, 0, null, 1) ; 
INSERT INTO "CR_ELEMENTS_FIELDS" ("ELEMENT_ID", "FIELD_ID", "DESCRIPTION", "TIME_STAMP", "USER_ID", "ORDER", "TYPE", "WIDTH", "DECIMAL", "COL_WIDTH", "INCLUDE_IN_QUERY") VALUES (9, 31, 'Last Change Date', to_date('2011-03-29 13:50:38', 'yyyy-mm-dd hh24:mi:ss'), 'PWRPLANT', 31, 'varchar2', 8, 0, null, 1) ; 
INSERT INTO "CR_ELEMENTS_FIELDS" ("ELEMENT_ID", "FIELD_ID", "DESCRIPTION", "TIME_STAMP", "USER_ID", "ORDER", "TYPE", "WIDTH", "DECIMAL", "COL_WIDTH", "INCLUDE_IN_QUERY") VALUES (9, 32, 'Responsible Cost Center', to_date('2011-03-15 11:03:55', 'yyyy-mm-dd hh24:mi:ss'), 'PWRPLANT', 32, 'varchar2', 35, 0, null, 1) ;   


INSERT INTO "CR_ELEMENTS_FIELDS" ("ELEMENT_ID", "FIELD_ID", "DESCRIPTION", "TIME_STAMP", "USER_ID", "ORDER", "TYPE", "WIDTH", "DECIMAL", "COL_WIDTH", "INCLUDE_IN_QUERY") VALUES (10, 1, 'Operation', to_date('2011-03-29 13:54:35', 'yyyy-mm-dd hh24:mi:ss'), 'PWRPLANT', 1, 'VarChar2', 4, 0, null, 1) ; 
INSERT INTO "CR_ELEMENTS_FIELDS" ("ELEMENT_ID", "FIELD_ID", "DESCRIPTION", "TIME_STAMP", "USER_ID", "ORDER", "TYPE", "WIDTH", "DECIMAL", "COL_WIDTH", "INCLUDE_IN_QUERY") VALUES (10, 2, 'Description', to_date('2011-03-29 13:54:35', 'yyyy-mm-dd hh24:mi:ss'), 'PWRPLANT', 2, 'VarChar2', 254, 0, null, 1) ; 
INSERT INTO "CR_ELEMENTS_FIELDS" ("ELEMENT_ID", "FIELD_ID", "DESCRIPTION", "TIME_STAMP", "USER_ID", "ORDER", "TYPE", "WIDTH", "DECIMAL", "COL_WIDTH", "INCLUDE_IN_QUERY") VALUES (10, 3, 'Budget Value', to_date('2011-03-29 13:54:35', 'yyyy-mm-dd hh24:mi:ss'), 'PWRPLANT', 3, 'VarChar2', 4, 0, null, 0) ; 
INSERT INTO "CR_ELEMENTS_FIELDS" ("ELEMENT_ID", "FIELD_ID", "DESCRIPTION", "TIME_STAMP", "USER_ID", "ORDER", "TYPE", "WIDTH", "DECIMAL", "COL_WIDTH", "INCLUDE_IN_QUERY") VALUES (10, 4, 'Budgeting Value', to_date('2011-03-29 13:54:35', 'yyyy-mm-dd hh24:mi:ss'), 'PWRPLANT', 4, 'VarChar2', 4, 0, null, 0) ; 
INSERT INTO "CR_ELEMENTS_FIELDS" ("ELEMENT_ID", "FIELD_ID", "DESCRIPTION", "TIME_STAMP", "USER_ID", "ORDER", "TYPE", "WIDTH", "DECIMAL", "COL_WIDTH", "INCLUDE_IN_QUERY") VALUES (10, 5, 'Element Type', to_date('2011-03-29 13:54:35', 'yyyy-mm-dd hh24:mi:ss'), 'PWRPLANT', 5, 'VarChar2', 35, 0, null, 0) ; 
INSERT INTO "CR_ELEMENTS_FIELDS" ("ELEMENT_ID", "FIELD_ID", "DESCRIPTION", "TIME_STAMP", "USER_ID", "ORDER", "TYPE", "WIDTH", "DECIMAL", "COL_WIDTH", "INCLUDE_IN_QUERY") VALUES (10, 6, 'Labor Flag', to_date('2011-03-29 13:54:35', 'yyyy-mm-dd hh24:mi:ss'), 'PWRPLANT', 6, 'VarChar2', 2, 0, null, 0) ; 
INSERT INTO "CR_ELEMENTS_FIELDS" ("ELEMENT_ID", "FIELD_ID", "DESCRIPTION", "TIME_STAMP", "USER_ID", "ORDER", "TYPE", "WIDTH", "DECIMAL", "COL_WIDTH", "INCLUDE_IN_QUERY") VALUES (10, 7, 'Validation Status ID', to_date('2011-03-29 13:54:35', 'yyyy-mm-dd hh24:mi:ss'), 'PWRPLANT', 7, 'Number', 1, 0, null, 0) ; 
INSERT INTO "CR_ELEMENTS_FIELDS" ("ELEMENT_ID", "FIELD_ID", "DESCRIPTION", "TIME_STAMP", "USER_ID", "ORDER", "TYPE", "WIDTH", "DECIMAL", "COL_WIDTH", "INCLUDE_IN_QUERY") VALUES (10, 8, 'Effective Month Number', to_date('2011-03-29 13:54:35', 'yyyy-mm-dd hh24:mi:ss'), 'PWRPLANT', 8, 'Number', 6, 0, null, 0) ; 
INSERT INTO "CR_ELEMENTS_FIELDS" ("ELEMENT_ID", "FIELD_ID", "DESCRIPTION", "TIME_STAMP", "USER_ID", "ORDER", "TYPE", "WIDTH", "DECIMAL", "COL_WIDTH", "INCLUDE_IN_QUERY") VALUES (10, 9, 'Order Object Number', to_date('2011-03-29 13:54:35', 'yyyy-mm-dd hh24:mi:ss'), 'PWRPLANT', 9, 'VarChar2', 22, 0, null, 0) ; 
INSERT INTO "CR_ELEMENTS_FIELDS" ("ELEMENT_ID", "FIELD_ID", "DESCRIPTION", "TIME_STAMP", "USER_ID", "ORDER", "TYPE", "WIDTH", "DECIMAL", "COL_WIDTH", "INCLUDE_IN_QUERY") VALUES (10, 10, 'Object Number', to_date('2011-03-29 13:54:35', 'yyyy-mm-dd hh24:mi:ss'), 'PWRPLANT', 10, 'VarChar2', 22, 0, null, 0) ; 
INSERT INTO "CR_ELEMENTS_FIELDS" ("ELEMENT_ID", "FIELD_ID", "DESCRIPTION", "TIME_STAMP", "USER_ID", "ORDER", "TYPE", "WIDTH", "DECIMAL", "COL_WIDTH", "INCLUDE_IN_QUERY") VALUES (10, 11, 'Profit Center', to_date('2011-03-29 13:54:35', 'yyyy-mm-dd hh24:mi:ss'), 'PWRPLANT', 11, 'VarChar2', 10, 0, null, 0) ; 

INSERT INTO "CR_ELEMENTS_FIELDS" ("ELEMENT_ID", "FIELD_ID", "DESCRIPTION", "TIME_STAMP", "USER_ID", "ORDER", "TYPE", "WIDTH", "DECIMAL", "COL_WIDTH", "INCLUDE_IN_QUERY") VALUES (10, 12, 'Company', to_date('2011-12-14 11:35:35', 'yyyy-mm-dd hh24:mi:ss'), 'PWRPLANT', 9, 'VarChar2', 4, 0, 0, 1) ; 
INSERT INTO "CR_ELEMENTS_FIELDS" ("ELEMENT_ID", "FIELD_ID", "DESCRIPTION", "TIME_STAMP", "USER_ID", "ORDER", "TYPE", "WIDTH", "DECIMAL", "COL_WIDTH", "INCLUDE_IN_QUERY") VALUES (10, 13, 'General Counter', to_date('2011-12-14 11:36:42', 'yyyy-mm-dd hh24:mi:ss'), 'PWRPLANT', 13, 'VarChar2', 8, 0, null, 1) ; 
INSERT INTO "CR_ELEMENTS_FIELDS" ("ELEMENT_ID", "FIELD_ID", "DESCRIPTION", "TIME_STAMP", "USER_ID", "ORDER", "TYPE", "WIDTH", "DECIMAL", "COL_WIDTH", "INCLUDE_IN_QUERY") VALUES (10, 14, 'Routing Number', to_date('2011-12-14 11:35:48', 'yyyy-mm-dd hh24:mi:ss'), 'PWRPLANT', 12, 'VarChar2', 10, 0, null, 1) ; 


INSERT INTO "CR_ELEMENTS_FIELDS" ("ELEMENT_ID", "FIELD_ID", "DESCRIPTION", "TIME_STAMP", "USER_ID", "ORDER", "TYPE", "WIDTH", "DECIMAL", "COL_WIDTH", "INCLUDE_IN_QUERY") VALUES (11, 1, 'Wbs', to_date('2011-03-15 11:03:57', 'yyyy-mm-dd hh24:mi:ss'), 'PWRPLANT', 1, 'VarChar2', 24, 0, null, 1) ; 
INSERT INTO "CR_ELEMENTS_FIELDS" ("ELEMENT_ID", "FIELD_ID", "DESCRIPTION", "TIME_STAMP", "USER_ID", "ORDER", "TYPE", "WIDTH", "DECIMAL", "COL_WIDTH", "INCLUDE_IN_QUERY") VALUES (11, 2, 'Description', to_date('2011-03-15 11:03:57', 'yyyy-mm-dd hh24:mi:ss'), 'PWRPLANT', 2, 'VarChar2', 254, 0, null, 0) ; 
INSERT INTO "CR_ELEMENTS_FIELDS" ("ELEMENT_ID", "FIELD_ID", "DESCRIPTION", "TIME_STAMP", "USER_ID", "ORDER", "TYPE", "WIDTH", "DECIMAL", "COL_WIDTH", "INCLUDE_IN_QUERY") VALUES (11, 3, 'Budget Value', to_date('2011-03-15 11:03:57', 'yyyy-mm-dd hh24:mi:ss'), 'PWRPLANT', 3, 'VarChar2', 24, 0, null, 0) ; 
INSERT INTO "CR_ELEMENTS_FIELDS" ("ELEMENT_ID", "FIELD_ID", "DESCRIPTION", "TIME_STAMP", "USER_ID", "ORDER", "TYPE", "WIDTH", "DECIMAL", "COL_WIDTH", "INCLUDE_IN_QUERY") VALUES (11, 4, 'Budgeting Value', to_date('2011-03-15 11:03:57', 'yyyy-mm-dd hh24:mi:ss'), 'PWRPLANT', 4, 'VarChar2', 24, 0, null, 0) ; 
INSERT INTO "CR_ELEMENTS_FIELDS" ("ELEMENT_ID", "FIELD_ID", "DESCRIPTION", "TIME_STAMP", "USER_ID", "ORDER", "TYPE", "WIDTH", "DECIMAL", "COL_WIDTH", "INCLUDE_IN_QUERY") VALUES (11, 5, 'Element Type', to_date('2011-03-15 11:03:57', 'yyyy-mm-dd hh24:mi:ss'), 'PWRPLANT', 5, 'VarChar2', 35, 0, null, 0) ; 
INSERT INTO "CR_ELEMENTS_FIELDS" ("ELEMENT_ID", "FIELD_ID", "DESCRIPTION", "TIME_STAMP", "USER_ID", "ORDER", "TYPE", "WIDTH", "DECIMAL", "COL_WIDTH", "INCLUDE_IN_QUERY") VALUES (11, 6, 'Labor Flag', to_date('2011-03-15 11:03:57', 'yyyy-mm-dd hh24:mi:ss'), 'PWRPLANT', 6, 'VarChar2', 2, 0, null, 0) ;
INSERT INTO "CR_ELEMENTS_FIELDS" ("ELEMENT_ID", "FIELD_ID", "DESCRIPTION", "TIME_STAMP", "USER_ID", "ORDER", "TYPE", "WIDTH", "DECIMAL", "COL_WIDTH", "INCLUDE_IN_QUERY") VALUES (11, 7, 'Validation Status ID', to_date('2011-03-15 11:03:57', 'yyyy-mm-dd hh24:mi:ss'), 'PWRPLANT', 7, 'Number', 1, 0, null, 0) ; 
INSERT INTO "CR_ELEMENTS_FIELDS" ("ELEMENT_ID", "FIELD_ID", "DESCRIPTION", "TIME_STAMP", "USER_ID", "ORDER", "TYPE", "WIDTH", "DECIMAL", "COL_WIDTH", "INCLUDE_IN_QUERY") VALUES (11, 8, 'Effective Month Number', to_date('2011-03-15 11:03:57', 'yyyy-mm-dd hh24:mi:ss'), 'PWRPLANT', 8, 'Number', 6, 0, null, 0) ; 
INSERT INTO "CR_ELEMENTS_FIELDS" ("ELEMENT_ID", "FIELD_ID", "DESCRIPTION", "TIME_STAMP", "USER_ID", "ORDER", "TYPE", "WIDTH", "DECIMAL", "COL_WIDTH", "INCLUDE_IN_QUERY") VALUES (11, 9, 'SAP Internal Number', to_date('2011-03-16 14:04:52', 'yyyy-mm-dd hh24:mi:ss'), 'PWRPLANT', 10, 'VarChar2', 8, 0, null, 1) ; 
INSERT INTO "CR_ELEMENTS_FIELDS" ("ELEMENT_ID", "FIELD_ID", "DESCRIPTION", "TIME_STAMP", "USER_ID", "ORDER", "TYPE", "WIDTH", "DECIMAL", "COL_WIDTH", "INCLUDE_IN_QUERY") VALUES (11, 10, 'Object Number', to_date('2011-03-16 14:04:52', 'yyyy-mm-dd hh24:mi:ss'), 'PWRPLANT', 11, 'VarChar2', 22, 0, null, 1) ; 
INSERT INTO "CR_ELEMENTS_FIELDS" ("ELEMENT_ID", "FIELD_ID", "DESCRIPTION", "TIME_STAMP", "USER_ID", "ORDER", "TYPE", "WIDTH", "DECIMAL", "COL_WIDTH", "INCLUDE_IN_QUERY") VALUES (11, 11, 'Create User', to_date('2011-03-16 14:04:52', 'yyyy-mm-dd hh24:mi:ss'), 'PWRPLANT', 12, 'VarChar2', 12, 0, null, 1) ; 
INSERT INTO "CR_ELEMENTS_FIELDS" ("ELEMENT_ID", "FIELD_ID", "DESCRIPTION", "TIME_STAMP", "USER_ID", "ORDER", "TYPE", "WIDTH", "DECIMAL", "COL_WIDTH", "INCLUDE_IN_QUERY") VALUES (11, 12, 'Create Date', to_date('2011-03-16 14:04:52', 'yyyy-mm-dd hh24:mi:ss'), 'PWRPLANT', 13, 'VarChar2', 8, 0, null, 1) ; 
INSERT INTO "CR_ELEMENTS_FIELDS" ("ELEMENT_ID", "FIELD_ID", "DESCRIPTION", "TIME_STAMP", "USER_ID", "ORDER", "TYPE", "WIDTH", "DECIMAL", "COL_WIDTH", "INCLUDE_IN_QUERY") VALUES (11, 13, 'Last Change User', to_date('2011-03-16 14:04:52', 'yyyy-mm-dd hh24:mi:ss'), 'PWRPLANT', 14, 'VarChar2', 12, 0, null, 1) ; 
INSERT INTO "CR_ELEMENTS_FIELDS" ("ELEMENT_ID", "FIELD_ID", "DESCRIPTION", "TIME_STAMP", "USER_ID", "ORDER", "TYPE", "WIDTH", "DECIMAL", "COL_WIDTH", "INCLUDE_IN_QUERY") VALUES (11, 14, 'Last Change Date', to_date('2011-03-16 14:04:52', 'yyyy-mm-dd hh24:mi:ss'), 'PWRPLANT', 15, 'VarChar2', 8, 0, null, 1) ; 
INSERT INTO "CR_ELEMENTS_FIELDS" ("ELEMENT_ID", "FIELD_ID", "DESCRIPTION", "TIME_STAMP", "USER_ID", "ORDER", "TYPE", "WIDTH", "DECIMAL", "COL_WIDTH", "INCLUDE_IN_QUERY") VALUES (11, 15, 'Responsible Person or Proj Mgr', to_date('2011-03-16 14:04:52', 'yyyy-mm-dd hh24:mi:ss'), 'PWRPLANT', 16, 'VarChar2', 25, 0, null, 1) ; 
INSERT INTO "CR_ELEMENTS_FIELDS" ("ELEMENT_ID", "FIELD_ID", "DESCRIPTION", "TIME_STAMP", "USER_ID", "ORDER", "TYPE", "WIDTH", "DECIMAL", "COL_WIDTH", "INCLUDE_IN_QUERY") VALUES (11, 16, 'Business Area', to_date('2011-03-16 14:04:52', 'yyyy-mm-dd hh24:mi:ss'), 'PWRPLANT', 17, 'VarChar2', 4, 0, null, 0) ; 
INSERT INTO "CR_ELEMENTS_FIELDS" ("ELEMENT_ID", "FIELD_ID", "DESCRIPTION", "TIME_STAMP", "USER_ID", "ORDER", "TYPE", "WIDTH", "DECIMAL", "COL_WIDTH", "INCLUDE_IN_QUERY") VALUES (11, 17, 'Project Type', to_date('2011-03-16 14:04:52', 'yyyy-mm-dd hh24:mi:ss'), 'PWRPLANT', 18, 'VarChar2', 2, 0, null, 0) ; 
INSERT INTO "CR_ELEMENTS_FIELDS" ("ELEMENT_ID", "FIELD_ID", "DESCRIPTION", "TIME_STAMP", "USER_ID", "ORDER", "TYPE", "WIDTH", "DECIMAL", "COL_WIDTH", "INCLUDE_IN_QUERY") VALUES (11, 18, 'Level in Project Hierarchy', to_date('2011-03-16 14:04:52', 'yyyy-mm-dd hh24:mi:ss'), 'PWRPLANT', 19, 'VarChar2', 3, 0, null, 1) ; 
INSERT INTO "CR_ELEMENTS_FIELDS" ("ELEMENT_ID", "FIELD_ID", "DESCRIPTION", "TIME_STAMP", "USER_ID", "ORDER", "TYPE", "WIDTH", "DECIMAL", "COL_WIDTH", "INCLUDE_IN_QUERY") VALUES (11, 19, 'Planning Element', to_date('2011-03-16 14:04:52', 'yyyy-mm-dd hh24:mi:ss'), 'PWRPLANT', 20, 'VarChar2', 1, 0, null, 1) ; 
INSERT INTO "CR_ELEMENTS_FIELDS" ("ELEMENT_ID", "FIELD_ID", "DESCRIPTION", "TIME_STAMP", "USER_ID", "ORDER", "TYPE", "WIDTH", "DECIMAL", "COL_WIDTH", "INCLUDE_IN_QUERY") VALUES (11, 20, 'Account Assignment Element', to_date('2011-03-16 14:04:52', 'yyyy-mm-dd hh24:mi:ss'), 'PWRPLANT', 21, 'VarChar2', 1, 0, null, 1) ; 
INSERT INTO "CR_ELEMENTS_FIELDS" ("ELEMENT_ID", "FIELD_ID", "DESCRIPTION", "TIME_STAMP", "USER_ID", "ORDER", "TYPE", "WIDTH", "DECIMAL", "COL_WIDTH", "INCLUDE_IN_QUERY") VALUES (11, 21, 'Results Analysis Key', to_date('2011-03-16 14:04:52', 'yyyy-mm-dd hh24:mi:ss'), 'PWRPLANT', 22, 'VarChar2', 6, 0, null, 1) ; 
INSERT INTO "CR_ELEMENTS_FIELDS" ("ELEMENT_ID", "FIELD_ID", "DESCRIPTION", "TIME_STAMP", "USER_ID", "ORDER", "TYPE", "WIDTH", "DECIMAL", "COL_WIDTH", "INCLUDE_IN_QUERY") VALUES (11, 22, 'Requesting Cost Center', to_date('2011-03-16 14:04:52', 'yyyy-mm-dd hh24:mi:ss'), 'PWRPLANT', 23, 'VarChar2', 10, 0, null, 1) ; 
INSERT INTO "CR_ELEMENTS_FIELDS" ("ELEMENT_ID", "FIELD_ID", "DESCRIPTION", "TIME_STAMP", "USER_ID", "ORDER", "TYPE", "WIDTH", "DECIMAL", "COL_WIDTH", "INCLUDE_IN_QUERY") VALUES (11, 23, 'Responsible Cost Center', to_date('2011-03-16 14:04:52', 'yyyy-mm-dd hh24:mi:ss'), 'PWRPLANT', 24, 'VarChar2', 10, 0, null, 1) ; 
INSERT INTO "CR_ELEMENTS_FIELDS" ("ELEMENT_ID", "FIELD_ID", "DESCRIPTION", "TIME_STAMP", "USER_ID", "ORDER", "TYPE", "WIDTH", "DECIMAL", "COL_WIDTH", "INCLUDE_IN_QUERY") VALUES (11, 24, 'Priority', to_date('2011-03-16 14:04:52', 'yyyy-mm-dd hh24:mi:ss'), 'PWRPLANT', 25, 'VarChar2', 1, 0, null, 0) ; 
INSERT INTO "CR_ELEMENTS_FIELDS" ("ELEMENT_ID", "FIELD_ID", "DESCRIPTION", "TIME_STAMP", "USER_ID", "ORDER", "TYPE", "WIDTH", "DECIMAL", "COL_WIDTH", "INCLUDE_IN_QUERY") VALUES (11, 25, 'Plant', to_date('2011-03-16 14:04:52', 'yyyy-mm-dd hh24:mi:ss'), 'PWRPLANT', 26, 'VarChar2', 4, 0, null, 1) ; 
INSERT INTO "CR_ELEMENTS_FIELDS" ("ELEMENT_ID", "FIELD_ID", "DESCRIPTION", "TIME_STAMP", "USER_ID", "ORDER", "TYPE", "WIDTH", "DECIMAL", "COL_WIDTH", "INCLUDE_IN_QUERY") VALUES (11, 26, 'Cost Center Actual Postings', to_date('2011-03-16 14:04:52', 'yyyy-mm-dd hh24:mi:ss'), 'PWRPLANT', 27, 'VarChar2', 10, 0, null, 0) ;
INSERT INTO "CR_ELEMENTS_FIELDS" ("ELEMENT_ID", "FIELD_ID", "DESCRIPTION", "TIME_STAMP", "USER_ID", "ORDER", "TYPE", "WIDTH", "DECIMAL", "COL_WIDTH", "INCLUDE_IN_QUERY") VALUES (11, 27, 'Summarization Indicator', to_date('2011-03-16 14:04:52', 'yyyy-mm-dd hh24:mi:ss'), 'PWRPLANT', 28, 'VarChar2', 1, 0, null, 0) ;  
INSERT INTO "CR_ELEMENTS_FIELDS" ("ELEMENT_ID", "FIELD_ID", "DESCRIPTION", "TIME_STAMP", "USER_ID", "ORDER", "TYPE", "WIDTH", "DECIMAL", "COL_WIDTH", "INCLUDE_IN_QUERY") VALUES (11, 28, 'Statistical WBS', to_date('2011-03-16 14:04:52', 'yyyy-mm-dd hh24:mi:ss'), 'PWRPLANT', 29, 'VarChar2', 1, 0, null, 0) ; 
INSERT INTO "CR_ELEMENTS_FIELDS" ("ELEMENT_ID", "FIELD_ID", "DESCRIPTION", "TIME_STAMP", "USER_ID", "ORDER", "TYPE", "WIDTH", "DECIMAL", "COL_WIDTH", "INCLUDE_IN_QUERY") VALUES (11, 29, 'Tax Jurisdiction', to_date('2011-03-16 14:04:52', 'yyyy-mm-dd hh24:mi:ss'), 'PWRPLANT', 30, 'VarChar2', 15, 0, null, 1) ; 
INSERT INTO "CR_ELEMENTS_FIELDS" ("ELEMENT_ID", "FIELD_ID", "DESCRIPTION", "TIME_STAMP", "USER_ID", "ORDER", "TYPE", "WIDTH", "DECIMAL", "COL_WIDTH", "INCLUDE_IN_QUERY") VALUES (11, 30, 'Invstmnt Profile for Int Calc', to_date('2011-03-16 14:04:52', 'yyyy-mm-dd hh24:mi:ss'), 'PWRPLANT', 31, 'VarChar2', 7, 0, null, 0) ; 
INSERT INTO "CR_ELEMENTS_FIELDS" ("ELEMENT_ID", "FIELD_ID", "DESCRIPTION", "TIME_STAMP", "USER_ID", "ORDER", "TYPE", "WIDTH", "DECIMAL", "COL_WIDTH", "INCLUDE_IN_QUERY") VALUES (11, 31, 'Invstmnt Meaure Profile', to_date('2011-03-16 14:04:52', 'yyyy-mm-dd hh24:mi:ss'), 'PWRPLANT', 32, 'VarChar2', 6, 0, null, 1) ; 
INSERT INTO "CR_ELEMENTS_FIELDS" ("ELEMENT_ID", "FIELD_ID", "DESCRIPTION", "TIME_STAMP", "USER_ID", "ORDER", "TYPE", "WIDTH", "DECIMAL", "COL_WIDTH", "INCLUDE_IN_QUERY") VALUES (11, 32, 'Deletion Indicator', to_date('2011-03-16 14:04:52', 'yyyy-mm-dd hh24:mi:ss'), 'PWRPLANT', 33, 'VarChar2', 1, 0, null, 1) ; 
INSERT INTO "CR_ELEMENTS_FIELDS" ("ELEMENT_ID", "FIELD_ID", "DESCRIPTION", "TIME_STAMP", "USER_ID", "ORDER", "TYPE", "WIDTH", "DECIMAL", "COL_WIDTH", "INCLUDE_IN_QUERY") VALUES (11, 33, 'TECO Date', to_date('2011-03-16 14:04:52', 'yyyy-mm-dd hh24:mi:ss'), 'PWRPLANT', 34, 'VarChar2', 8, 0, null, 1) ; 
INSERT INTO "CR_ELEMENTS_FIELDS" ("ELEMENT_ID", "FIELD_ID", "DESCRIPTION", "TIME_STAMP", "USER_ID", "ORDER", "TYPE", "WIDTH", "DECIMAL", "COL_WIDTH", "INCLUDE_IN_QUERY") VALUES (11, 34, 'Reason for Investment', to_date('2011-03-16 14:04:52', 'yyyy-mm-dd hh24:mi:ss'), 'PWRPLANT', 35, 'VarChar2', 2, 0, null, 1) ; 
INSERT INTO "CR_ELEMENTS_FIELDS" ("ELEMENT_ID", "FIELD_ID", "DESCRIPTION", "TIME_STAMP", "USER_ID", "ORDER", "TYPE", "WIDTH", "DECIMAL", "COL_WIDTH", "INCLUDE_IN_QUERY") VALUES (11, 35, 'Reason for Environmental Invst', to_date('2011-03-16 14:04:52', 'yyyy-mm-dd hh24:mi:ss'), 'PWRPLANT', 36, 'VarChar2', 5, 0, null, 0) ; 
INSERT INTO "CR_ELEMENTS_FIELDS" ("ELEMENT_ID", "FIELD_ID", "DESCRIPTION", "TIME_STAMP", "USER_ID", "ORDER", "TYPE", "WIDTH", "DECIMAL", "COL_WIDTH", "INCLUDE_IN_QUERY") VALUES (11, 36, 'Functional Area', to_date('2011-03-16 14:04:52', 'yyyy-mm-dd hh24:mi:ss'), 'PWRPLANT', 37, 'VarChar2', 16, 0, null, 0) ; 
INSERT INTO "CR_ELEMENTS_FIELDS" ("ELEMENT_ID", "FIELD_ID", "DESCRIPTION", "TIME_STAMP", "USER_ID", "ORDER", "TYPE", "WIDTH", "DECIMAL", "COL_WIDTH", "INCLUDE_IN_QUERY") VALUES (11, 37, 'Profit Center', to_date('2011-03-16 14:04:52', 'yyyy-mm-dd hh24:mi:ss'), 'PWRPLANT', 38, 'VarChar2', 10, 0, null, 1) ; 
INSERT INTO "CR_ELEMENTS_FIELDS" ("ELEMENT_ID", "FIELD_ID", "DESCRIPTION", "TIME_STAMP", "USER_ID", "ORDER", "TYPE", "WIDTH", "DECIMAL", "COL_WIDTH", "INCLUDE_IN_QUERY") VALUES (11, 38, 'User Field for Date In Service', to_date('2011-03-16 14:04:52', 'yyyy-mm-dd hh24:mi:ss'), 'PWRPLANT', 39, 'VarChar2', 8, 0, null, 0) ; 
INSERT INTO "CR_ELEMENTS_FIELDS" ("ELEMENT_ID", "FIELD_ID", "DESCRIPTION", "TIME_STAMP", "USER_ID", "ORDER", "TYPE", "WIDTH", "DECIMAL", "COL_WIDTH", "INCLUDE_IN_QUERY") VALUES (11, 39, 'Location', to_date('2011-03-16 14:04:52', 'yyyy-mm-dd hh24:mi:ss'), 'PWRPLANT', 40, 'VarChar2', 10, 0, null, 0) ; 
INSERT INTO "CR_ELEMENTS_FIELDS" ("ELEMENT_ID", "FIELD_ID", "DESCRIPTION", "TIME_STAMP", "USER_ID", "ORDER", "TYPE", "WIDTH", "DECIMAL", "COL_WIDTH", "INCLUDE_IN_QUERY") VALUES (11, 40, 'PTJC', to_date('2011-03-16 14:04:52', 'yyyy-mm-dd hh24:mi:ss'), 'PWRPLANT', 41, 'VarChar2', 14, 0, null, 0) ; 
INSERT INTO "CR_ELEMENTS_FIELDS" ("ELEMENT_ID", "FIELD_ID", "DESCRIPTION", "TIME_STAMP", "USER_ID", "ORDER", "TYPE", "WIDTH", "DECIMAL", "COL_WIDTH", "INCLUDE_IN_QUERY") VALUES (11, 42, 'Parent WBS', to_date('2011-03-16 14:04:52', 'yyyy-mm-dd hh24:mi:ss'), 'PWRPLANT', 42, 'VarChar2', 24, 0, null, 1) ; 
INSERT INTO "CR_ELEMENTS_FIELDS" ("ELEMENT_ID", "FIELD_ID", "DESCRIPTION", "TIME_STAMP", "USER_ID", "ORDER", "TYPE", "WIDTH", "DECIMAL", "COL_WIDTH", "INCLUDE_IN_QUERY") VALUES (11, 43, 'System Status', to_date('2011-03-16 14:04:52', 'yyyy-mm-dd hh24:mi:ss'), 'PWRPLANT', 43, 'VarChar2', 40, 0, null, 1) ; 
INSERT INTO "CR_ELEMENTS_FIELDS" ("ELEMENT_ID", "FIELD_ID", "DESCRIPTION", "TIME_STAMP", "USER_ID", "ORDER", "TYPE", "WIDTH", "DECIMAL", "COL_WIDTH", "INCLUDE_IN_QUERY") VALUES (11, 44, 'User Status', to_date('2011-03-16 14:04:52', 'yyyy-mm-dd hh24:mi:ss'), 'PWRPLANT', 44, 'VarChar2', 40, 0, null, 0) ; 
INSERT INTO "CR_ELEMENTS_FIELDS" ("ELEMENT_ID", "FIELD_ID", "DESCRIPTION", "TIME_STAMP", "USER_ID", "ORDER", "TYPE", "WIDTH", "DECIMAL", "COL_WIDTH", "INCLUDE_IN_QUERY") VALUES (11, 46, 'FERC Ind', to_date('2011-03-16 14:04:52', 'yyyy-mm-dd hh24:mi:ss'), 'PWRPLANT', 46, 'VarChar2', 10, 0, null, 1) ; 
INSERT INTO "CR_ELEMENTS_FIELDS" ("ELEMENT_ID", "FIELD_ID", "DESCRIPTION", "TIME_STAMP", "USER_ID", "ORDER", "TYPE", "WIDTH", "DECIMAL", "COL_WIDTH", "INCLUDE_IN_QUERY") VALUES (11, 47, 'Applicant', to_date('2011-03-16 14:04:52', 'yyyy-mm-dd hh24:mi:ss'), 'PWRPLANT', 47, 'Varchar2', 35, 0, null, 1) ; 
INSERT INTO "CR_ELEMENTS_FIELDS" ("ELEMENT_ID", "FIELD_ID", "DESCRIPTION", "TIME_STAMP", "USER_ID", "ORDER", "TYPE", "WIDTH", "DECIMAL", "COL_WIDTH", "INCLUDE_IN_QUERY") VALUES (11, 48, 'Functional Location', to_date('2011-03-15 11:03:55', 'yyyy-mm-dd hh24:mi:ss'), 'PWRPLANT', 48, 'varchar2', 35, 0, null, 0) ; 
INSERT INTO "CR_ELEMENTS_FIELDS" ("ELEMENT_ID", "FIELD_ID", "DESCRIPTION", "TIME_STAMP", "USER_ID", "ORDER", "TYPE", "WIDTH", "DECIMAL", "COL_WIDTH", "INCLUDE_IN_QUERY") VALUES (11, 49, 'Equipment', to_date('2011-03-15 11:03:55', 'yyyy-mm-dd hh24:mi:ss'), 'PWRPLANT', 49, 'varchar2', 35, 0, null, 0) ;   
INSERT INTO "CR_ELEMENTS_FIELDS" ("ELEMENT_ID", "FIELD_ID", "DESCRIPTION", "TIME_STAMP", "USER_ID", "ORDER", "TYPE", "WIDTH", "DECIMAL", "COL_WIDTH", "INCLUDE_IN_QUERY") VALUES (11, 50, 'Company', to_date('2011-03-16 14:04:52', 'yyyy-mm-dd hh24:mi:ss'), 'PWRPLANT', 9, 'VarChar2', 4, 0, null, null) ; 
INSERT INTO "CR_ELEMENTS_FIELDS" ("ELEMENT_ID", "FIELD_ID", "DESCRIPTION", "TIME_STAMP", "USER_ID", "ORDER", "TYPE", "WIDTH", "DECIMAL", "COL_WIDTH", "INCLUDE_IN_QUERY") VALUES (12, 1, 'Cost Center', to_date('2011-04-12 14:09:57', 'yyyy-mm-dd hh24:mi:ss'), 'PWRPLANT', 1, 'VarChar2', 10, 0, null, 1) ; 
INSERT INTO "CR_ELEMENTS_FIELDS" ("ELEMENT_ID", "FIELD_ID", "DESCRIPTION", "TIME_STAMP", "USER_ID", "ORDER", "TYPE", "WIDTH", "DECIMAL", "COL_WIDTH", "INCLUDE_IN_QUERY") VALUES (12, 2, 'Description', to_date('2011-04-12 14:09:57', 'yyyy-mm-dd hh24:mi:ss'), 'PWRPLANT', 2, 'VarChar2', 254, 0, null, 0) ; 
INSERT INTO "CR_ELEMENTS_FIELDS" ("ELEMENT_ID", "FIELD_ID", "DESCRIPTION", "TIME_STAMP", "USER_ID", "ORDER", "TYPE", "WIDTH", "DECIMAL", "COL_WIDTH", "INCLUDE_IN_QUERY") VALUES (12, 3, 'Budget Value', to_date('2011-04-12 14:09:57', 'yyyy-mm-dd hh24:mi:ss'), 'PWRPLANT', 3, 'VarChar2', 10, 0, null, 0) ; 
INSERT INTO "CR_ELEMENTS_FIELDS" ("ELEMENT_ID", "FIELD_ID", "DESCRIPTION", "TIME_STAMP", "USER_ID", "ORDER", "TYPE", "WIDTH", "DECIMAL", "COL_WIDTH", "INCLUDE_IN_QUERY") VALUES (12, 4, 'Budgeting Value', to_date('2011-04-12 14:09:57', 'yyyy-mm-dd hh24:mi:ss'), 'PWRPLANT', 4, 'VarChar2', 10, 0, null, 0) ;
INSERT INTO "CR_ELEMENTS_FIELDS" ("ELEMENT_ID", "FIELD_ID", "DESCRIPTION", "TIME_STAMP", "USER_ID", "ORDER", "TYPE", "WIDTH", "DECIMAL", "COL_WIDTH", "INCLUDE_IN_QUERY") VALUES (12, 5, 'Element Type', to_date('2011-04-12 14:09:57', 'yyyy-mm-dd hh24:mi:ss'), 'PWRPLANT', 5, 'VarChar2', 35, 0, null, 0) ; 
INSERT INTO "CR_ELEMENTS_FIELDS" ("ELEMENT_ID", "FIELD_ID", "DESCRIPTION", "TIME_STAMP", "USER_ID", "ORDER", "TYPE", "WIDTH", "DECIMAL", "COL_WIDTH", "INCLUDE_IN_QUERY") VALUES (12, 6, 'Labor Flag', to_date('2011-04-12 14:09:57', 'yyyy-mm-dd hh24:mi:ss'), 'PWRPLANT', 6, 'VarChar2', 2, 0, null, 0) ; 
INSERT INTO "CR_ELEMENTS_FIELDS" ("ELEMENT_ID", "FIELD_ID", "DESCRIPTION", "TIME_STAMP", "USER_ID", "ORDER", "TYPE", "WIDTH", "DECIMAL", "COL_WIDTH", "INCLUDE_IN_QUERY") VALUES (12, 7, 'Validation Status ID', to_date('2011-04-12 14:09:57', 'yyyy-mm-dd hh24:mi:ss'), 'PWRPLANT', 7, 'Number', 1, 0, null, 0) ; 
INSERT INTO "CR_ELEMENTS_FIELDS" ("ELEMENT_ID", "FIELD_ID", "DESCRIPTION", "TIME_STAMP", "USER_ID", "ORDER", "TYPE", "WIDTH", "DECIMAL", "COL_WIDTH", "INCLUDE_IN_QUERY") VALUES (12, 8, 'Effective Month Number', to_date('2011-04-12 14:09:57', 'yyyy-mm-dd hh24:mi:ss'), 'PWRPLANT', 8, 'Number', 6, 0, null, 0) ; 
INSERT INTO "CR_ELEMENTS_FIELDS" ("ELEMENT_ID", "FIELD_ID", "DESCRIPTION", "TIME_STAMP", "USER_ID", "ORDER", "TYPE", "WIDTH", "DECIMAL", "COL_WIDTH", "INCLUDE_IN_QUERY") VALUES (12, 9, 'Cost Center Category', to_date('2011-04-12 14:09:57', 'yyyy-mm-dd hh24:mi:ss'), 'PWRPLANT', 10, 'VarChar2', 1, 0, null, 1) ; 
INSERT INTO "CR_ELEMENTS_FIELDS" ("ELEMENT_ID", "FIELD_ID", "DESCRIPTION", "TIME_STAMP", "USER_ID", "ORDER", "TYPE", "WIDTH", "DECIMAL", "COL_WIDTH", "INCLUDE_IN_QUERY") VALUES (12, 10, 'Person Responsible', to_date('2011-04-12 14:09:57', 'yyyy-mm-dd hh24:mi:ss'), 'PWRPLANT', 12, 'VarChar2', 20, 0, null, 1) ; 
INSERT INTO "CR_ELEMENTS_FIELDS" ("ELEMENT_ID", "FIELD_ID", "DESCRIPTION", "TIME_STAMP", "USER_ID", "ORDER", "TYPE", "WIDTH", "DECIMAL", "COL_WIDTH", "INCLUDE_IN_QUERY") VALUES (12, 11, 'Currency Key', to_date('2011-04-12 14:09:57', 'yyyy-mm-dd hh24:mi:ss'), 'PWRPLANT', 13, 'VarChar2', 5, 0, null, 1) ; 
INSERT INTO "CR_ELEMENTS_FIELDS" ("ELEMENT_ID", "FIELD_ID", "DESCRIPTION", "TIME_STAMP", "USER_ID", "ORDER", "TYPE", "WIDTH", "DECIMAL", "COL_WIDTH", "INCLUDE_IN_QUERY") VALUES (12, 12, 'Costing Sheet', to_date('2011-04-12 14:09:57', 'yyyy-mm-dd hh24:mi:ss'), 'PWRPLANT', 14, 'VarChar2', 6, 0, null, 0) ; 
INSERT INTO "CR_ELEMENTS_FIELDS" ("ELEMENT_ID", "FIELD_ID", "DESCRIPTION", "TIME_STAMP", "USER_ID", "ORDER", "TYPE", "WIDTH", "DECIMAL", "COL_WIDTH", "INCLUDE_IN_QUERY") VALUES (12, 13, 'Tax Jurisdiction', to_date('2011-04-12 14:09:57', 'yyyy-mm-dd hh24:mi:ss'), 'PWRPLANT', 15, 'VarChar2', 15, 0, null, 1) ; 
INSERT INTO "CR_ELEMENTS_FIELDS" ("ELEMENT_ID", "FIELD_ID", "DESCRIPTION", "TIME_STAMP", "USER_ID", "ORDER", "TYPE", "WIDTH", "DECIMAL", "COL_WIDTH", "INCLUDE_IN_QUERY") VALUES (12, 14, 'Profit Center', to_date('2011-04-12 14:09:57', 'yyyy-mm-dd hh24:mi:ss'), 'PWRPLANT', 16, 'VarChar2', 10, 0, null, 1) ; 
INSERT INTO "CR_ELEMENTS_FIELDS" ("ELEMENT_ID", "FIELD_ID", "DESCRIPTION", "TIME_STAMP", "USER_ID", "ORDER", "TYPE", "WIDTH", "DECIMAL", "COL_WIDTH", "INCLUDE_IN_QUERY") VALUES (12, 15, 'Plant', to_date('2011-04-12 14:09:57', 'yyyy-mm-dd hh24:mi:ss'), 'PWRPLANT', 17, 'VarChar2', 4, 0, null, 0) ; 
INSERT INTO "CR_ELEMENTS_FIELDS" ("ELEMENT_ID", "FIELD_ID", "DESCRIPTION", "TIME_STAMP", "USER_ID", "ORDER", "TYPE", "WIDTH", "DECIMAL", "COL_WIDTH", "INCLUDE_IN_QUERY") VALUES (12, 16, 'Created On', to_date('2011-04-12 14:09:57', 'yyyy-mm-dd hh24:mi:ss'), 'PWRPLANT', 18, 'VarChar2', 8, 0, null, 1) ; 
INSERT INTO "CR_ELEMENTS_FIELDS" ("ELEMENT_ID", "FIELD_ID", "DESCRIPTION", "TIME_STAMP", "USER_ID", "ORDER", "TYPE", "WIDTH", "DECIMAL", "COL_WIDTH", "INCLUDE_IN_QUERY") VALUES (12, 17, 'Entered By', to_date('2011-04-12 14:09:57', 'yyyy-mm-dd hh24:mi:ss'), 'PWRPLANT', 19, 'VarChar2', 12, 0, null, 1) ; 
INSERT INTO "CR_ELEMENTS_FIELDS" ("ELEMENT_ID", "FIELD_ID", "DESCRIPTION", "TIME_STAMP", "USER_ID", "ORDER", "TYPE", "WIDTH", "DECIMAL", "COL_WIDTH", "INCLUDE_IN_QUERY") VALUES (12, 18, 'Lock Ind Act Primary Postings', to_date('2011-04-12 14:09:57', 'yyyy-mm-dd hh24:mi:ss'), 'PWRPLANT', 20, 'VarChar2', 1, 0, null, 1) ; 
INSERT INTO "CR_ELEMENTS_FIELDS" ("ELEMENT_ID", "FIELD_ID", "DESCRIPTION", "TIME_STAMP", "USER_ID", "ORDER", "TYPE", "WIDTH", "DECIMAL", "COL_WIDTH", "INCLUDE_IN_QUERY") VALUES (12, 19, 'Lock Ind Plan Primary Costs', to_date('2011-04-12 14:09:57', 'yyyy-mm-dd hh24:mi:ss'), 'PWRPLANT', 21, 'VarChar2', 1, 0, null, 1) ; 
INSERT INTO "CR_ELEMENTS_FIELDS" ("ELEMENT_ID", "FIELD_ID", "DESCRIPTION", "TIME_STAMP", "USER_ID", "ORDER", "TYPE", "WIDTH", "DECIMAL", "COL_WIDTH", "INCLUDE_IN_QUERY") VALUES (12, 20, 'Lock Ind Act Secondary Costs', to_date('2011-04-12 14:09:57', 'yyyy-mm-dd hh24:mi:ss'), 'PWRPLANT', 22, 'VarChar2', 1, 0, null, 1) ; 
INSERT INTO "CR_ELEMENTS_FIELDS" ("ELEMENT_ID", "FIELD_ID", "DESCRIPTION", "TIME_STAMP", "USER_ID", "ORDER", "TYPE", "WIDTH", "DECIMAL", "COL_WIDTH", "INCLUDE_IN_QUERY") VALUES (12, 21, 'Lock Ind Act Revenue Postings', to_date('2011-04-12 14:09:57', 'yyyy-mm-dd hh24:mi:ss'), 'PWRPLANT', 23, 'VarChar2', 1, 0, null, 1) ; 
INSERT INTO "CR_ELEMENTS_FIELDS" ("ELEMENT_ID", "FIELD_ID", "DESCRIPTION", "TIME_STAMP", "USER_ID", "ORDER", "TYPE", "WIDTH", "DECIMAL", "COL_WIDTH", "INCLUDE_IN_QUERY") VALUES (12, 22, 'Lock Ind Commitment Update', to_date('2011-04-12 14:09:57', 'yyyy-mm-dd hh24:mi:ss'), 'PWRPLANT', 24, 'VarChar2', 1, 0, null, 1) ; 
INSERT INTO "CR_ELEMENTS_FIELDS" ("ELEMENT_ID", "FIELD_ID", "DESCRIPTION", "TIME_STAMP", "USER_ID", "ORDER", "TYPE", "WIDTH", "DECIMAL", "COL_WIDTH", "INCLUDE_IN_QUERY") VALUES (12, 23, 'Lock Ind Plan Secondary Costs', to_date('2011-04-12 14:09:57', 'yyyy-mm-dd hh24:mi:ss'), 'PWRPLANT', 25, 'VarChar2', 1, 0, null, 1) ; 
INSERT INTO "CR_ELEMENTS_FIELDS" ("ELEMENT_ID", "FIELD_ID", "DESCRIPTION", "TIME_STAMP", "USER_ID", "ORDER", "TYPE", "WIDTH", "DECIMAL", "COL_WIDTH", "INCLUDE_IN_QUERY") VALUES (12, 24, 'Lock Ind Planning Revenues', to_date('2011-04-12 14:09:57', 'yyyy-mm-dd hh24:mi:ss'), 'PWRPLANT', 26, 'VarChar2', 1, 0, null, 1) ; 
INSERT INTO "CR_ELEMENTS_FIELDS" ("ELEMENT_ID", "FIELD_ID", "DESCRIPTION", "TIME_STAMP", "USER_ID", "ORDER", "TYPE", "WIDTH", "DECIMAL", "COL_WIDTH", "INCLUDE_IN_QUERY") VALUES (12, 25, 'Ind Allowed Allocation Methods', to_date('2011-04-12 14:09:57', 'yyyy-mm-dd hh24:mi:ss'), 'PWRPLANT', 27, 'VarChar2', 2, 0, null, 0) ; 
INSERT INTO "CR_ELEMENTS_FIELDS" ("ELEMENT_ID", "FIELD_ID", "DESCRIPTION", "TIME_STAMP", "USER_ID", "ORDER", "TYPE", "WIDTH", "DECIMAL", "COL_WIDTH", "INCLUDE_IN_QUERY") VALUES (12, 26, 'Indicator Rcrding Cns Qyties', to_date('2011-04-12 14:09:57', 'yyyy-mm-dd hh24:mi:ss'), 'PWRPLANT', 28, 'VarChar2', 1, 0, null, 1) ; 
INSERT INTO "CR_ELEMENTS_FIELDS" ("ELEMENT_ID", "FIELD_ID", "DESCRIPTION", "TIME_STAMP", "USER_ID", "ORDER", "TYPE", "WIDTH", "DECIMAL", "COL_WIDTH", "INCLUDE_IN_QUERY") VALUES (12, 27, 'Department', to_date('2011-04-12 14:09:57', 'yyyy-mm-dd hh24:mi:ss'), 'PWRPLANT', 29, 'VarChar2', 12, 0, null, 1) ; 
INSERT INTO "CR_ELEMENTS_FIELDS" ("ELEMENT_ID", "FIELD_ID", "DESCRIPTION", "TIME_STAMP", "USER_ID", "ORDER", "TYPE", "WIDTH", "DECIMAL", "COL_WIDTH", "INCLUDE_IN_QUERY") VALUES (12, 28, 'Name1', to_date('2011-04-12 14:09:57', 'yyyy-mm-dd hh24:mi:ss'), 'PWRPLANT', 30, 'VarChar2', 35, 0, null, 1) ; 
INSERT INTO "CR_ELEMENTS_FIELDS" ("ELEMENT_ID", "FIELD_ID", "DESCRIPTION", "TIME_STAMP", "USER_ID", "ORDER", "TYPE", "WIDTH", "DECIMAL", "COL_WIDTH", "INCLUDE_IN_QUERY") VALUES (12, 29, 'Language Key', to_date('2011-04-12 14:09:57', 'yyyy-mm-dd hh24:mi:ss'), 'PWRPLANT', 31, 'VarChar2', 1, 0, null, 1) ; 
INSERT INTO "CR_ELEMENTS_FIELDS" ("ELEMENT_ID", "FIELD_ID", "DESCRIPTION", "TIME_STAMP", "USER_ID", "ORDER", "TYPE", "WIDTH", "DECIMAL", "COL_WIDTH", "INCLUDE_IN_QUERY") VALUES (12, 30, 'Cost Collector Key', to_date('2011-04-12 14:09:57', 'yyyy-mm-dd hh24:mi:ss'), 'PWRPLANT', 32, 'VarChar2', 23, 0, null, 0) ; 
INSERT INTO "CR_ELEMENTS_FIELDS" ("ELEMENT_ID", "FIELD_ID", "DESCRIPTION", "TIME_STAMP", "USER_ID", "ORDER", "TYPE", "WIDTH", "DECIMAL", "COL_WIDTH", "INCLUDE_IN_QUERY") VALUES (12, 31, 'Indicator Statistical Object', to_date('2011-04-12 14:09:57', 'yyyy-mm-dd hh24:mi:ss'), 'PWRPLANT', 33, 'VarChar2', 1, 0, null, 0) ; 
INSERT INTO "CR_ELEMENTS_FIELDS" ("ELEMENT_ID", "FIELD_ID", "DESCRIPTION", "TIME_STAMP", "USER_ID", "ORDER", "TYPE", "WIDTH", "DECIMAL", "COL_WIDTH", "INCLUDE_IN_QUERY") VALUES (12, 32, 'Object Number', to_date('2011-04-12 14:09:57', 'yyyy-mm-dd hh24:mi:ss'), 'PWRPLANT', 34, 'VarChar2', 22, 0, null, 1) ; 
INSERT INTO "CR_ELEMENTS_FIELDS" ("ELEMENT_ID", "FIELD_ID", "DESCRIPTION", "TIME_STAMP", "USER_ID", "ORDER", "TYPE", "WIDTH", "DECIMAL", "COL_WIDTH", "INCLUDE_IN_QUERY") VALUES (12, 33, 'Cost Center Function', to_date('2011-04-12 14:09:57', 'yyyy-mm-dd hh24:mi:ss'), 'PWRPLANT', 35, 'VarChar2', 3, 0, null, 0) ; 
INSERT INTO "CR_ELEMENTS_FIELDS" ("ELEMENT_ID", "FIELD_ID", "DESCRIPTION", "TIME_STAMP", "USER_ID", "ORDER", "TYPE", "WIDTH", "DECIMAL", "COL_WIDTH", "INCLUDE_IN_QUERY") VALUES (12, 34, 'Company', to_date('2011-04-12 14:09:57', 'yyyy-mm-dd hh24:mi:ss'), 'PWRPLANT', 9, 'VarChar2', 4, 0, null, 1) ; 
INSERT INTO "CR_ELEMENTS_FIELDS" ("ELEMENT_ID", "FIELD_ID", "DESCRIPTION", "TIME_STAMP", "USER_ID", "ORDER", "TYPE", "WIDTH", "DECIMAL", "COL_WIDTH", "INCLUDE_IN_QUERY") VALUES (12, 35, 'Account', to_date('2011-04-12 14:09:57', 'yyyy-mm-dd hh24:mi:ss'), 'PWRPLANT', 36, 'VarChar2', 10, 0, null, 1) ; 
INSERT INTO "CR_ELEMENTS_FIELDS" ("ELEMENT_ID", "FIELD_ID", "DESCRIPTION", "TIME_STAMP", "USER_ID", "ORDER", "TYPE", "WIDTH", "DECIMAL", "COL_WIDTH", "INCLUDE_IN_QUERY") VALUES (12, 36, 'Cost Center Area', to_date('2011-04-12 14:09:57', 'yyyy-mm-dd hh24:mi:ss'), 'PWRPLANT', 11, 'VarChar2', 12, 0, null, null) ;   
INSERT INTO "CR_ELEMENTS_FIELDS" ("ELEMENT_ID", "FIELD_ID", "DESCRIPTION", "TIME_STAMP", "USER_ID", "ORDER", "TYPE", "WIDTH", "DECIMAL", "COL_WIDTH", "INCLUDE_IN_QUERY") VALUES (13, 1, 'Trading Partner', to_date('2011-03-15 11:03:57', 'yyyy-mm-dd hh24:mi:ss'), 'PWRPLANT', 1, 'VarChar2', 6, 0, null, 0) ;
INSERT INTO "CR_ELEMENTS_FIELDS" ("ELEMENT_ID", "FIELD_ID", "DESCRIPTION", "TIME_STAMP", "USER_ID", "ORDER", "TYPE", "WIDTH", "DECIMAL", "COL_WIDTH", "INCLUDE_IN_QUERY") VALUES (13, 2, 'Description', to_date('2011-03-15 11:03:57', 'yyyy-mm-dd hh24:mi:ss'), 'PWRPLANT', 2, 'VarChar2', 254, 0, null, 0) ;  
INSERT INTO "CR_ELEMENTS_FIELDS" ("ELEMENT_ID", "FIELD_ID", "DESCRIPTION", "TIME_STAMP", "USER_ID", "ORDER", "TYPE", "WIDTH", "DECIMAL", "COL_WIDTH", "INCLUDE_IN_QUERY") VALUES (13, 3, 'Budget Value', to_date('2011-03-15 11:03:57', 'yyyy-mm-dd hh24:mi:ss'), 'PWRPLANT', 3, 'VarChar2', 6, 0, null, 0) ; 
INSERT INTO "CR_ELEMENTS_FIELDS" ("ELEMENT_ID", "FIELD_ID", "DESCRIPTION", "TIME_STAMP", "USER_ID", "ORDER", "TYPE", "WIDTH", "DECIMAL", "COL_WIDTH", "INCLUDE_IN_QUERY") VALUES (13, 4, 'Budgeting Value', to_date('2011-03-15 11:03:57', 'yyyy-mm-dd hh24:mi:ss'), 'PWRPLANT', 4, 'VarChar2', 6, 0, null, 0) ; 
INSERT INTO "CR_ELEMENTS_FIELDS" ("ELEMENT_ID", "FIELD_ID", "DESCRIPTION", "TIME_STAMP", "USER_ID", "ORDER", "TYPE", "WIDTH", "DECIMAL", "COL_WIDTH", "INCLUDE_IN_QUERY") VALUES (13, 5, 'Element Type', to_date('2011-03-15 11:03:57', 'yyyy-mm-dd hh24:mi:ss'), 'PWRPLANT', 5, 'VarChar2', 35, 0, null, 0) ; 
INSERT INTO "CR_ELEMENTS_FIELDS" ("ELEMENT_ID", "FIELD_ID", "DESCRIPTION", "TIME_STAMP", "USER_ID", "ORDER", "TYPE", "WIDTH", "DECIMAL", "COL_WIDTH", "INCLUDE_IN_QUERY") VALUES (13, 6, 'Labor Flag', to_date('2011-03-15 11:03:57', 'yyyy-mm-dd hh24:mi:ss'), 'PWRPLANT', 6, 'VarChar2', 2, 0, null, 0) ; 
INSERT INTO "CR_ELEMENTS_FIELDS" ("ELEMENT_ID", "FIELD_ID", "DESCRIPTION", "TIME_STAMP", "USER_ID", "ORDER", "TYPE", "WIDTH", "DECIMAL", "COL_WIDTH", "INCLUDE_IN_QUERY") VALUES (13, 7, 'Validation Status ID', to_date('2011-03-15 11:03:57', 'yyyy-mm-dd hh24:mi:ss'), 'PWRPLANT', 7, 'Number', 1, 0, null, 0) ; 
INSERT INTO "CR_ELEMENTS_FIELDS" ("ELEMENT_ID", "FIELD_ID", "DESCRIPTION", "TIME_STAMP", "USER_ID", "ORDER", "TYPE", "WIDTH", "DECIMAL", "COL_WIDTH", "INCLUDE_IN_QUERY") VALUES (13, 8, 'Effective Month Number', to_date('2011-03-15 11:03:57', 'yyyy-mm-dd hh24:mi:ss'), 'PWRPLANT', 8, 'Number', 6, 0, null, 0) ; 
INSERT INTO "CR_ELEMENTS_FIELDS" ("ELEMENT_ID", "FIELD_ID", "DESCRIPTION", "TIME_STAMP", "USER_ID", "ORDER", "TYPE", "WIDTH", "DECIMAL", "COL_WIDTH", "INCLUDE_IN_QUERY") VALUES (14, 1, 'Reference Doc Num', to_date('2011-03-15 11:03:57', 'yyyy-mm-dd hh24:mi:ss'), 'PWRPLANT', 1, 'VarChar2', 16, 0, null, 0) ; 
INSERT INTO "CR_ELEMENTS_FIELDS" ("ELEMENT_ID", "FIELD_ID", "DESCRIPTION", "TIME_STAMP", "USER_ID", "ORDER", "TYPE", "WIDTH", "DECIMAL", "COL_WIDTH", "INCLUDE_IN_QUERY") VALUES (14, 2, 'Description', to_date('2011-03-15 11:03:57', 'yyyy-mm-dd hh24:mi:ss'), 'PWRPLANT', 2, 'VarChar2', 254, 0, null, 0) ; 
INSERT INTO "CR_ELEMENTS_FIELDS" ("ELEMENT_ID", "FIELD_ID", "DESCRIPTION", "TIME_STAMP", "USER_ID", "ORDER", "TYPE", "WIDTH", "DECIMAL", "COL_WIDTH", "INCLUDE_IN_QUERY") VALUES (14, 3, 'Budget Value', to_date('2011-03-15 11:03:57', 'yyyy-mm-dd hh24:mi:ss'), 'PWRPLANT', 3, 'VarChar2', 16, 0, null, 0) ; 
INSERT INTO "CR_ELEMENTS_FIELDS" ("ELEMENT_ID", "FIELD_ID", "DESCRIPTION", "TIME_STAMP", "USER_ID", "ORDER", "TYPE", "WIDTH", "DECIMAL", "COL_WIDTH", "INCLUDE_IN_QUERY") VALUES (14, 4, 'Budgeting Value', to_date('2011-03-15 11:03:57', 'yyyy-mm-dd hh24:mi:ss'), 'PWRPLANT', 4, 'VarChar2', 16, 0, null, 0) ; 
INSERT INTO "CR_ELEMENTS_FIELDS" ("ELEMENT_ID", "FIELD_ID", "DESCRIPTION", "TIME_STAMP", "USER_ID", "ORDER", "TYPE", "WIDTH", "DECIMAL", "COL_WIDTH", "INCLUDE_IN_QUERY") VALUES (14, 5, 'Element Type', to_date('2011-03-15 11:03:57', 'yyyy-mm-dd hh24:mi:ss'), 'PWRPLANT', 5, 'VarChar2', 35, 0, null, 0) ; 
INSERT INTO "CR_ELEMENTS_FIELDS" ("ELEMENT_ID", "FIELD_ID", "DESCRIPTION", "TIME_STAMP", "USER_ID", "ORDER", "TYPE", "WIDTH", "DECIMAL", "COL_WIDTH", "INCLUDE_IN_QUERY") VALUES (14, 6, 'Labor Flag', to_date('2011-03-15 11:03:57', 'yyyy-mm-dd hh24:mi:ss'), 'PWRPLANT', 6, 'VarChar2', 2, 0, null, 0) ; 
INSERT INTO "CR_ELEMENTS_FIELDS" ("ELEMENT_ID", "FIELD_ID", "DESCRIPTION", "TIME_STAMP", "USER_ID", "ORDER", "TYPE", "WIDTH", "DECIMAL", "COL_WIDTH", "INCLUDE_IN_QUERY") VALUES (14, 7, 'Validation Status ID', to_date('2011-03-15 11:03:57', 'yyyy-mm-dd hh24:mi:ss'), 'PWRPLANT', 7, 'Number', 1, 0, null, 0) ; 
INSERT INTO "CR_ELEMENTS_FIELDS" ("ELEMENT_ID", "FIELD_ID", "DESCRIPTION", "TIME_STAMP", "USER_ID", "ORDER", "TYPE", "WIDTH", "DECIMAL", "COL_WIDTH", "INCLUDE_IN_QUERY") VALUES (14, 8, 'Effective Month Number', to_date('2011-03-15 11:03:57', 'yyyy-mm-dd hh24:mi:ss'), 'PWRPLANT', 8, 'Number', 6, 0, null, 0) ; 
INSERT INTO "CR_ELEMENTS_FIELDS" ("ELEMENT_ID", "FIELD_ID", "DESCRIPTION", "TIME_STAMP", "USER_ID", "ORDER", "TYPE", "WIDTH", "DECIMAL", "COL_WIDTH", "INCLUDE_IN_QUERY") VALUES (15, 1, 'object_number', to_date('2011-03-15 11:03:57', 'yyyy-mm-dd hh24:mi:ss'), 'PWRPLANT', 1, 'VarChar2', 22, 0, null, 0) ; 
INSERT INTO "CR_ELEMENTS_FIELDS" ("ELEMENT_ID", "FIELD_ID", "DESCRIPTION", "TIME_STAMP", "USER_ID", "ORDER", "TYPE", "WIDTH", "DECIMAL", "COL_WIDTH", "INCLUDE_IN_QUERY") VALUES (15, 2, 'Description', to_date('2011-03-15 11:03:57', 'yyyy-mm-dd hh24:mi:ss'), 'PWRPLANT', 2, 'VarChar2', 254, 0, null, 0) ; 
INSERT INTO "CR_ELEMENTS_FIELDS" ("ELEMENT_ID", "FIELD_ID", "DESCRIPTION", "TIME_STAMP", "USER_ID", "ORDER", "TYPE", "WIDTH", "DECIMAL", "COL_WIDTH", "INCLUDE_IN_QUERY") VALUES (15, 3, 'Budget Value', to_date('2011-03-15 11:03:57', 'yyyy-mm-dd hh24:mi:ss'), 'PWRPLANT', 3, 'VarChar2', 22, 0, null, 0) ; 
INSERT INTO "CR_ELEMENTS_FIELDS" ("ELEMENT_ID", "FIELD_ID", "DESCRIPTION", "TIME_STAMP", "USER_ID", "ORDER", "TYPE", "WIDTH", "DECIMAL", "COL_WIDTH", "INCLUDE_IN_QUERY") VALUES (15, 4, 'Budgeting Value', to_date('2011-03-15 11:03:57', 'yyyy-mm-dd hh24:mi:ss'), 'PWRPLANT', 4, 'VarChar2', 22, 0, null, 0) ; 
INSERT INTO "CR_ELEMENTS_FIELDS" ("ELEMENT_ID", "FIELD_ID", "DESCRIPTION", "TIME_STAMP", "USER_ID", "ORDER", "TYPE", "WIDTH", "DECIMAL", "COL_WIDTH", "INCLUDE_IN_QUERY") VALUES (15, 5, 'Element Type', to_date('2011-03-15 11:03:57', 'yyyy-mm-dd hh24:mi:ss'), 'PWRPLANT', 5, 'VarChar2', 35, 0, null, 0) ; 
INSERT INTO "CR_ELEMENTS_FIELDS" ("ELEMENT_ID", "FIELD_ID", "DESCRIPTION", "TIME_STAMP", "USER_ID", "ORDER", "TYPE", "WIDTH", "DECIMAL", "COL_WIDTH", "INCLUDE_IN_QUERY") VALUES (15, 6, 'Labor Flag', to_date('2011-03-15 11:03:57', 'yyyy-mm-dd hh24:mi:ss'), 'PWRPLANT', 6, 'VarChar2', 2, 0, null, 0) ; 
INSERT INTO "CR_ELEMENTS_FIELDS" ("ELEMENT_ID", "FIELD_ID", "DESCRIPTION", "TIME_STAMP", "USER_ID", "ORDER", "TYPE", "WIDTH", "DECIMAL", "COL_WIDTH", "INCLUDE_IN_QUERY") VALUES (15, 7, 'Effective Month Number', to_date('2011-03-15 11:03:57', 'yyyy-mm-dd hh24:mi:ss'), 'PWRPLANT', 8, 'Number', 6, 0, null, 0) ;
INSERT INTO "CR_ELEMENTS_FIELDS" ("ELEMENT_ID", "FIELD_ID", "DESCRIPTION", "TIME_STAMP", "USER_ID", "ORDER", "TYPE", "WIDTH", "DECIMAL", "COL_WIDTH", "INCLUDE_IN_QUERY") VALUES (15, 8, 'Validation Status Id', to_date('2011-03-15 11:03:57', 'yyyy-mm-dd hh24:mi:ss'), 'PWRPLANT', 7, 'Number', 1, 0, null, 0) ;  
INSERT INTO "CR_ELEMENTS_FIELDS" ("ELEMENT_ID", "FIELD_ID", "DESCRIPTION", "TIME_STAMP", "USER_ID", "ORDER", "TYPE", "WIDTH", "DECIMAL", "COL_WIDTH", "INCLUDE_IN_QUERY") VALUES (16, 1, 'document_type', to_date('2011-03-15 11:03:57', 'yyyy-mm-dd hh24:mi:ss'), 'PWRPLANT', 1, 'VarChar2', 2, 0, null, 1) ; 
INSERT INTO "CR_ELEMENTS_FIELDS" ("ELEMENT_ID", "FIELD_ID", "DESCRIPTION", "TIME_STAMP", "USER_ID", "ORDER", "TYPE", "WIDTH", "DECIMAL", "COL_WIDTH", "INCLUDE_IN_QUERY") VALUES (16, 2, 'Description', to_date('2011-03-15 11:03:57', 'yyyy-mm-dd hh24:mi:ss'), 'PWRPLANT', 2, 'VarChar2', 254, 0, null, null) ; 
INSERT INTO "CR_ELEMENTS_FIELDS" ("ELEMENT_ID", "FIELD_ID", "DESCRIPTION", "TIME_STAMP", "USER_ID", "ORDER", "TYPE", "WIDTH", "DECIMAL", "COL_WIDTH", "INCLUDE_IN_QUERY") VALUES (16, 3, 'Budget Value', to_date('2011-03-15 11:03:57', 'yyyy-mm-dd hh24:mi:ss'), 'PWRPLANT', 3, 'VarChar2', 2, 0, null, null) ; 
INSERT INTO "CR_ELEMENTS_FIELDS" ("ELEMENT_ID", "FIELD_ID", "DESCRIPTION", "TIME_STAMP", "USER_ID", "ORDER", "TYPE", "WIDTH", "DECIMAL", "COL_WIDTH", "INCLUDE_IN_QUERY") VALUES (16, 4, 'Budgeting Value', to_date('2011-03-15 11:03:57', 'yyyy-mm-dd hh24:mi:ss'), 'PWRPLANT', 4, 'VarChar2', 2, 0, null, null) ; 
INSERT INTO "CR_ELEMENTS_FIELDS" ("ELEMENT_ID", "FIELD_ID", "DESCRIPTION", "TIME_STAMP", "USER_ID", "ORDER", "TYPE", "WIDTH", "DECIMAL", "COL_WIDTH", "INCLUDE_IN_QUERY") VALUES (16, 5, 'Element Type', to_date('2011-03-15 11:03:57', 'yyyy-mm-dd hh24:mi:ss'), 'PWRPLANT', 5, 'VarChar2', 35, 0, null, null) ; 
INSERT INTO "CR_ELEMENTS_FIELDS" ("ELEMENT_ID", "FIELD_ID", "DESCRIPTION", "TIME_STAMP", "USER_ID", "ORDER", "TYPE", "WIDTH", "DECIMAL", "COL_WIDTH", "INCLUDE_IN_QUERY") VALUES (16, 6, 'Labor Flag', to_date('2011-03-15 11:03:57', 'yyyy-mm-dd hh24:mi:ss'), 'PWRPLANT', 6, 'VarChar2', 2, 0, null, null) ; 
INSERT INTO "CR_ELEMENTS_FIELDS" ("ELEMENT_ID", "FIELD_ID", "DESCRIPTION", "TIME_STAMP", "USER_ID", "ORDER", "TYPE", "WIDTH", "DECIMAL", "COL_WIDTH", "INCLUDE_IN_QUERY") VALUES (16, 7, 'Validation Status ID', to_date('2011-03-16 14:02:43', 'yyyy-mm-dd hh24:mi:ss'), 'PWRPLANT', 7, 'Number', 1, 0, null, null) ; 
INSERT INTO "CR_ELEMENTS_FIELDS" ("ELEMENT_ID", "FIELD_ID", "DESCRIPTION", "TIME_STAMP", "USER_ID", "ORDER", "TYPE", "WIDTH", "DECIMAL", "COL_WIDTH", "INCLUDE_IN_QUERY") VALUES (16, 8, 'Effective Month Number', to_date('2011-03-16 14:02:43', 'yyyy-mm-dd hh24:mi:ss'), 'PWRPLANT', 8, 'Number', 6, 0, null, null) ;
INSERT INTO "CR_ELEMENTS_FIELDS" ("ELEMENT_ID", "FIELD_ID", "DESCRIPTION", "TIME_STAMP", "USER_ID", "ORDER", "TYPE", "WIDTH", "DECIMAL", "COL_WIDTH", "INCLUDE_IN_QUERY") VALUES (17, 1, 'business_area', to_date('2011-03-15 11:03:58', 'yyyy-mm-dd hh24:mi:ss'), 'PWRPLANT', 1, 'VarChar2', 4, 0, null, 1) ; 
INSERT INTO "CR_ELEMENTS_FIELDS" ("ELEMENT_ID", "FIELD_ID", "DESCRIPTION", "TIME_STAMP", "USER_ID", "ORDER", "TYPE", "WIDTH", "DECIMAL", "COL_WIDTH", "INCLUDE_IN_QUERY") VALUES (17, 2, 'Description', to_date('2011-03-15 11:03:58', 'yyyy-mm-dd hh24:mi:ss'), 'PWRPLANT', 2, 'VarChar2', 254, 0, null, null) ; 
INSERT INTO "CR_ELEMENTS_FIELDS" ("ELEMENT_ID", "FIELD_ID", "DESCRIPTION", "TIME_STAMP", "USER_ID", "ORDER", "TYPE", "WIDTH", "DECIMAL", "COL_WIDTH", "INCLUDE_IN_QUERY") VALUES (17, 3, 'Budget Value', to_date('2011-03-15 11:03:58', 'yyyy-mm-dd hh24:mi:ss'), 'PWRPLANT', 3, 'VarChar2', 4, 0, null, null) ;
INSERT INTO "CR_ELEMENTS_FIELDS" ("ELEMENT_ID", "FIELD_ID", "DESCRIPTION", "TIME_STAMP", "USER_ID", "ORDER", "TYPE", "WIDTH", "DECIMAL", "COL_WIDTH", "INCLUDE_IN_QUERY") VALUES (17, 4, 'Budgeting Value', to_date('2011-03-15 11:03:58', 'yyyy-mm-dd hh24:mi:ss'), 'PWRPLANT', 4, 'VarChar2', 4, 0, null, null) ;
INSERT INTO "CR_ELEMENTS_FIELDS" ("ELEMENT_ID", "FIELD_ID", "DESCRIPTION", "TIME_STAMP", "USER_ID", "ORDER", "TYPE", "WIDTH", "DECIMAL", "COL_WIDTH", "INCLUDE_IN_QUERY") VALUES (17, 5, 'Element Type', to_date('2011-03-15 11:03:57', 'yyyy-mm-dd hh24:mi:ss'), 'PWRPLANT', 5, 'VarChar2', 35, 0, null, null) ;
INSERT INTO "CR_ELEMENTS_FIELDS" ("ELEMENT_ID", "FIELD_ID", "DESCRIPTION", "TIME_STAMP", "USER_ID", "ORDER", "TYPE", "WIDTH", "DECIMAL", "COL_WIDTH", "INCLUDE_IN_QUERY") VALUES (17, 6, 'Labor Flag', to_date('2011-03-15 11:03:57', 'yyyy-mm-dd hh24:mi:ss'), 'PWRPLANT', 6, 'VarChar2', 2, 0, null, null) ;    
INSERT INTO "CR_ELEMENTS_FIELDS" ("ELEMENT_ID", "FIELD_ID", "DESCRIPTION", "TIME_STAMP", "USER_ID", "ORDER", "TYPE", "WIDTH", "DECIMAL", "COL_WIDTH", "INCLUDE_IN_QUERY") VALUES (17, 7, 'Validation Status ID', to_date('2011-03-16 14:02:02', 'yyyy-mm-dd hh24:mi:ss'), 'PWRPLANT', 7, 'Number', 1, 0, null, null) ; 
INSERT INTO "CR_ELEMENTS_FIELDS" ("ELEMENT_ID", "FIELD_ID", "DESCRIPTION", "TIME_STAMP", "USER_ID", "ORDER", "TYPE", "WIDTH", "DECIMAL", "COL_WIDTH", "INCLUDE_IN_QUERY") VALUES (17, 8, 'Effective Month Number', to_date('2011-03-16 14:02:02', 'yyyy-mm-dd hh24:mi:ss'), 'PWRPLANT', 8, 'Number', 6, 0, null, null) ;
INSERT INTO "CR_ELEMENTS_FIELDS" ("ELEMENT_ID", "FIELD_ID", "DESCRIPTION", "TIME_STAMP", "USER_ID", "ORDER", "TYPE", "WIDTH", "DECIMAL", "COL_WIDTH", "INCLUDE_IN_QUERY") VALUES (18, 1, 'Order Number', to_date('2011-03-29 13:53:01', 'yyyy-mm-dd hh24:mi:ss'), 'PWRPLANT', 1, 'VarChar2', 12, 0, null, 1) ; 
INSERT INTO "CR_ELEMENTS_FIELDS" ("ELEMENT_ID", "FIELD_ID", "DESCRIPTION", "TIME_STAMP", "USER_ID", "ORDER", "TYPE", "WIDTH", "DECIMAL", "COL_WIDTH", "INCLUDE_IN_QUERY") VALUES (18, 2, 'Description', to_date('2011-03-29 13:53:01', 'yyyy-mm-dd hh24:mi:ss'), 'PWRPLANT', 2, 'VarChar2', 254, 0, null, 0) ; 
INSERT INTO "CR_ELEMENTS_FIELDS" ("ELEMENT_ID", "FIELD_ID", "DESCRIPTION", "TIME_STAMP", "USER_ID", "ORDER", "TYPE", "WIDTH", "DECIMAL", "COL_WIDTH", "INCLUDE_IN_QUERY") VALUES (18, 3, 'Budget Value', to_date('2011-03-29 13:53:01', 'yyyy-mm-dd hh24:mi:ss'), 'PWRPLANT', 3, 'VarChar2', 12, 0, null, 0) ; 
INSERT INTO "CR_ELEMENTS_FIELDS" ("ELEMENT_ID", "FIELD_ID", "DESCRIPTION", "TIME_STAMP", "USER_ID", "ORDER", "TYPE", "WIDTH", "DECIMAL", "COL_WIDTH", "INCLUDE_IN_QUERY") VALUES (18, 4, 'Budgeting Value', to_date('2011-03-29 13:53:01', 'yyyy-mm-dd hh24:mi:ss'), 'PWRPLANT', 4, 'VarChar2', 25, 0, null, 0) ; 
INSERT INTO "CR_ELEMENTS_FIELDS" ("ELEMENT_ID", "FIELD_ID", "DESCRIPTION", "TIME_STAMP", "USER_ID", "ORDER", "TYPE", "WIDTH", "DECIMAL", "COL_WIDTH", "INCLUDE_IN_QUERY") VALUES (18, 5, 'Element Type', to_date('2011-03-29 13:53:01', 'yyyy-mm-dd hh24:mi:ss'), 'PWRPLANT', 5, 'VarChar2', 35, 0, null, 0) ; 
INSERT INTO "CR_ELEMENTS_FIELDS" ("ELEMENT_ID", "FIELD_ID", "DESCRIPTION", "TIME_STAMP", "USER_ID", "ORDER", "TYPE", "WIDTH", "DECIMAL", "COL_WIDTH", "INCLUDE_IN_QUERY") VALUES (18, 6, 'Labor Flag', to_date('2011-03-29 13:53:01', 'yyyy-mm-dd hh24:mi:ss'), 'PWRPLANT', 6, 'VarChar2', 2, 0, null, 0) ; 
INSERT INTO "CR_ELEMENTS_FIELDS" ("ELEMENT_ID", "FIELD_ID", "DESCRIPTION", "TIME_STAMP", "USER_ID", "ORDER", "TYPE", "WIDTH", "DECIMAL", "COL_WIDTH", "INCLUDE_IN_QUERY") VALUES (18, 7, 'Validation Status ID', to_date('2011-03-29 13:53:01', 'yyyy-mm-dd hh24:mi:ss'), 'PWRPLANT', 7, 'Number', 1, 0, null, 0) ; 
INSERT INTO "CR_ELEMENTS_FIELDS" ("ELEMENT_ID", "FIELD_ID", "DESCRIPTION", "TIME_STAMP", "USER_ID", "ORDER", "TYPE", "WIDTH", "DECIMAL", "COL_WIDTH", "INCLUDE_IN_QUERY") VALUES (18, 8, 'Effective Month Number', to_date('2011-03-29 13:53:01', 'yyyy-mm-dd hh24:mi:ss'), 'PWRPLANT', 8, 'Number', 6, 0, null, 0) ;
INSERT INTO "CR_ELEMENTS_FIELDS" ("ELEMENT_ID", "FIELD_ID", "DESCRIPTION", "TIME_STAMP", "USER_ID", "ORDER", "TYPE", "WIDTH", "DECIMAL", "COL_WIDTH", "INCLUDE_IN_QUERY") VALUES (18, 9, 'Company', to_date('2011-03-29 13:53:01', 'yyyy-mm-dd hh24:mi:ss'), 'PWRPLANT', 9, 'VarChar2', 4, 0, null, 1) ; 
INSERT INTO "CR_ELEMENTS_FIELDS" ("ELEMENT_ID", "FIELD_ID", "DESCRIPTION", "TIME_STAMP", "USER_ID", "ORDER", "TYPE", "WIDTH", "DECIMAL", "COL_WIDTH", "INCLUDE_IN_QUERY") VALUES (18, 10, 'Order Type', to_date('2011-03-29 13:53:01', 'yyyy-mm-dd hh24:mi:ss'), 'PWRPLANT', 10, 'VarChar2', 4, 0, null, 1) ; 
INSERT INTO "CR_ELEMENTS_FIELDS" ("ELEMENT_ID", "FIELD_ID", "DESCRIPTION", "TIME_STAMP", "USER_ID", "ORDER", "TYPE", "WIDTH", "DECIMAL", "COL_WIDTH", "INCLUDE_IN_QUERY") VALUES (18, 11, 'Created Date', to_date('2011-03-29 13:53:01', 'yyyy-mm-dd hh24:mi:ss'), 'PWRPLANT', 11, 'VarChar2', 8, 0, null, 1) ; 
INSERT INTO "CR_ELEMENTS_FIELDS" ("ELEMENT_ID", "FIELD_ID", "DESCRIPTION", "TIME_STAMP", "USER_ID", "ORDER", "TYPE", "WIDTH", "DECIMAL", "COL_WIDTH", "INCLUDE_IN_QUERY") VALUES (18, 12, 'Released Date', to_date('2011-03-29 13:53:01', 'yyyy-mm-dd hh24:mi:ss'), 'PWRPLANT', 12, 'VarChar2', 8, 0, null, 1) ; 
INSERT INTO "CR_ELEMENTS_FIELDS" ("ELEMENT_ID", "FIELD_ID", "DESCRIPTION", "TIME_STAMP", "USER_ID", "ORDER", "TYPE", "WIDTH", "DECIMAL", "COL_WIDTH", "INCLUDE_IN_QUERY") VALUES (18, 13, 'Scheduled Start Date', to_date('2011-03-29 13:53:01', 'yyyy-mm-dd hh24:mi:ss'), 'PWRPLANT', 13, 'VarChar2', 8, 0, null, 1) ;  
INSERT INTO "CR_ELEMENTS_FIELDS" ("ELEMENT_ID", "FIELD_ID", "DESCRIPTION", "TIME_STAMP", "USER_ID", "ORDER", "TYPE", "WIDTH", "DECIMAL", "COL_WIDTH", "INCLUDE_IN_QUERY") VALUES (18, 14, 'Scheduled Finish Date', to_date('2011-03-29 13:53:01', 'yyyy-mm-dd hh24:mi:ss'), 'PWRPLANT', 14, 'VarChar2', 8, 0, null, 1) ; 
INSERT INTO "CR_ELEMENTS_FIELDS" ("ELEMENT_ID", "FIELD_ID", "DESCRIPTION", "TIME_STAMP", "USER_ID", "ORDER", "TYPE", "WIDTH", "DECIMAL", "COL_WIDTH", "INCLUDE_IN_QUERY") VALUES (18, 15, 'Pre Closed', to_date('2011-03-29 13:53:01', 'yyyy-mm-dd hh24:mi:ss'), 'PWRPLANT', 15, 'VarChar2', 4, 0, null, 0) ; 
INSERT INTO "CR_ELEMENTS_FIELDS" ("ELEMENT_ID", "FIELD_ID", "DESCRIPTION", "TIME_STAMP", "USER_ID", "ORDER", "TYPE", "WIDTH", "DECIMAL", "COL_WIDTH", "INCLUDE_IN_QUERY") VALUES (18, 16, 'Locked', to_date('2011-03-29 13:53:01', 'yyyy-mm-dd hh24:mi:ss'), 'PWRPLANT', 16, 'VarChar2', 3, 0, null, 0) ; 
INSERT INTO "CR_ELEMENTS_FIELDS" ("ELEMENT_ID", "FIELD_ID", "DESCRIPTION", "TIME_STAMP", "USER_ID", "ORDER", "TYPE", "WIDTH", "DECIMAL", "COL_WIDTH", "INCLUDE_IN_QUERY") VALUES (18, 17, 'TECO Date', to_date('2011-03-29 13:53:01', 'yyyy-mm-dd hh24:mi:ss'), 'PWRPLANT', 17, 'VarChar2', 8, 0, null, 1) ; 
INSERT INTO "CR_ELEMENTS_FIELDS" ("ELEMENT_ID", "FIELD_ID", "DESCRIPTION", "TIME_STAMP", "USER_ID", "ORDER", "TYPE", "WIDTH", "DECIMAL", "COL_WIDTH", "INCLUDE_IN_QUERY") VALUES (18, 18, 'Close Date', to_date('2011-03-29 13:53:01', 'yyyy-mm-dd hh24:mi:ss'), 'PWRPLANT', 18, 'VarChar2', 8, 0, null, 1) ; 
INSERT INTO "CR_ELEMENTS_FIELDS" ("ELEMENT_ID", "FIELD_ID", "DESCRIPTION", "TIME_STAMP", "USER_ID", "ORDER", "TYPE", "WIDTH", "DECIMAL", "COL_WIDTH", "INCLUDE_IN_QUERY") VALUES (18, 19, 'Created By', to_date('2011-03-29 13:53:01', 'yyyy-mm-dd hh24:mi:ss'), 'PWRPLANT', 19, 'VarChar2', 12, 0, null, 1) ; 
INSERT INTO "CR_ELEMENTS_FIELDS" ("ELEMENT_ID", "FIELD_ID", "DESCRIPTION", "TIME_STAMP", "USER_ID", "ORDER", "TYPE", "WIDTH", "DECIMAL", "COL_WIDTH", "INCLUDE_IN_QUERY") VALUES (18, 20, 'Superior Order', to_date('2011-03-29 13:53:01', 'yyyy-mm-dd hh24:mi:ss'), 'PWRPLANT', 20, 'VarChar2', 12, 0, null, 1) ; 
INSERT INTO "CR_ELEMENTS_FIELDS" ("ELEMENT_ID", "FIELD_ID", "DESCRIPTION", "TIME_STAMP", "USER_ID", "ORDER", "TYPE", "WIDTH", "DECIMAL", "COL_WIDTH", "INCLUDE_IN_QUERY") VALUES (18, 21, 'Profit Center', to_date('2011-03-29 13:53:01', 'yyyy-mm-dd hh24:mi:ss'), 'PWRPLANT', 21, 'VarChar2', 10, 0, null, 1) ; 
INSERT INTO "CR_ELEMENTS_FIELDS" ("ELEMENT_ID", "FIELD_ID", "DESCRIPTION", "TIME_STAMP", "USER_ID", "ORDER", "TYPE", "WIDTH", "DECIMAL", "COL_WIDTH", "INCLUDE_IN_QUERY") VALUES (18, 22, 'User Status', to_date('2011-03-29 13:53:01', 'yyyy-mm-dd hh24:mi:ss'), 'PWRPLANT', 224, 'VarChar2', 40, 0, null, 0) ; 
INSERT INTO "CR_ELEMENTS_FIELDS" ("ELEMENT_ID", "FIELD_ID", "DESCRIPTION", "TIME_STAMP", "USER_ID", "ORDER", "TYPE", "WIDTH", "DECIMAL", "COL_WIDTH", "INCLUDE_IN_QUERY") VALUES (18, 23, 'System Status', to_date('2011-03-29 13:53:01', 'yyyy-mm-dd hh24:mi:ss'), 'PWRPLANT', 23, 'VarChar2', 40, 0, null, 1) ; 
INSERT INTO "CR_ELEMENTS_FIELDS" ("ELEMENT_ID", "FIELD_ID", "DESCRIPTION", "TIME_STAMP", "USER_ID", "ORDER", "TYPE", "WIDTH", "DECIMAL", "COL_WIDTH", "INCLUDE_IN_QUERY") VALUES (18, 24, 'Object Number', to_date('2011-03-29 13:53:01', 'yyyy-mm-dd hh24:mi:ss'), 'PWRPLANT', 22, 'VarChar2', 22, 0, null, 1) ; 
INSERT INTO "CR_ELEMENTS_FIELDS" ("ELEMENT_ID", "FIELD_ID", "DESCRIPTION", "TIME_STAMP", "USER_ID", "ORDER", "TYPE", "WIDTH", "DECIMAL", "COL_WIDTH", "INCLUDE_IN_QUERY") VALUES (18, 25, 'Plant', to_date('2011-03-29 13:53:01', 'yyyy-mm-dd hh24:mi:ss'), 'PWRPLANT', 25, 'varchar2', 10, 0, null, 1) ; 
INSERT INTO "CR_ELEMENTS_FIELDS" ("ELEMENT_ID", "FIELD_ID", "DESCRIPTION", "TIME_STAMP", "USER_ID", "ORDER", "TYPE", "WIDTH", "DECIMAL", "COL_WIDTH", "INCLUDE_IN_QUERY") VALUES (18, 26, 'Responsible Person', to_date('2011-03-29 13:53:01', 'yyyy-mm-dd hh24:mi:ss'), 'PWRPLANT', 26, 'varchar2', 35, 0, null, 1) ; 
INSERT INTO "CR_ELEMENTS_FIELDS" ("ELEMENT_ID", "FIELD_ID", "DESCRIPTION", "TIME_STAMP", "USER_ID", "ORDER", "TYPE", "WIDTH", "DECIMAL", "COL_WIDTH", "INCLUDE_IN_QUERY") VALUES (18, 27, 'Reason For Work', to_date('2011-03-29 13:53:01', 'yyyy-mm-dd hh24:mi:ss'), 'PWRPLANT', 27, 'varchar2', 5, 0, null, 0) ; 
INSERT INTO "CR_ELEMENTS_FIELDS" ("ELEMENT_ID", "FIELD_ID", "DESCRIPTION", "TIME_STAMP", "USER_ID", "ORDER", "TYPE", "WIDTH", "DECIMAL", "COL_WIDTH", "INCLUDE_IN_QUERY") VALUES (18, 28, 'Tax Jurisdiction', to_date('2011-03-29 13:53:01', 'yyyy-mm-dd hh24:mi:ss'), 'PWRPLANT', 28, 'varchar2', 35, 0, null, 1) ; 
INSERT INTO "CR_ELEMENTS_FIELDS" ("ELEMENT_ID", "FIELD_ID", "DESCRIPTION", "TIME_STAMP", "USER_ID", "ORDER", "TYPE", "WIDTH", "DECIMAL", "COL_WIDTH", "INCLUDE_IN_QUERY") VALUES (18, 29, 'Applicant', to_date('2011-03-29 13:53:01', 'yyyy-mm-dd hh24:mi:ss'), 'PWRPLANT', 29, 'varchar2', 35, 0, null, 1) ; 
INSERT INTO "CR_ELEMENTS_FIELDS" ("ELEMENT_ID", "FIELD_ID", "DESCRIPTION", "TIME_STAMP", "USER_ID", "ORDER", "TYPE", "WIDTH", "DECIMAL", "COL_WIDTH", "INCLUDE_IN_QUERY") VALUES (18, 30, 'Last Change User', to_date('2011-03-29 13:53:01', 'yyyy-mm-dd hh24:mi:ss'), 'PWRPLANT', 30, 'varchar2', 35, 0, null, 1) ; 
INSERT INTO "CR_ELEMENTS_FIELDS" ("ELEMENT_ID", "FIELD_ID", "DESCRIPTION", "TIME_STAMP", "USER_ID", "ORDER", "TYPE", "WIDTH", "DECIMAL", "COL_WIDTH", "INCLUDE_IN_QUERY") VALUES (18, 31, 'Last Change Date', to_date('2011-03-29 13:53:01', 'yyyy-mm-dd hh24:mi:ss'), 'PWRPLANT', 31, 'varchar2', 8, 0, null, 1) ; 
INSERT INTO "CR_ELEMENTS_FIELDS" ("ELEMENT_ID", "FIELD_ID", "DESCRIPTION", "TIME_STAMP", "USER_ID", "ORDER", "TYPE", "WIDTH", "DECIMAL", "COL_WIDTH", "INCLUDE_IN_QUERY") VALUES (18, 32, 'Responsible Cost Center', to_date('2011-03-29 13:53:01', 'yyyy-mm-dd hh24:mi:ss'), 'PWRPLANT', 32, 'varchar2', 35, 0, null, 1) ;
INSERT INTO "CR_ELEMENTS_FIELDS" ("ELEMENT_ID", "FIELD_ID", "DESCRIPTION", "TIME_STAMP", "USER_ID", "ORDER", "TYPE", "WIDTH", "DECIMAL", "COL_WIDTH", "INCLUDE_IN_QUERY") VALUES (19, 1, 'jurisdiction', to_date('2011-03-16 15:22:17', 'yyyy-mm-dd hh24:mi:ss'), 'PWRPLANT', 1, 'VarChar2', 15, 0, null, null) ; 	
INSERT INTO "CR_ELEMENTS_FIELDS" ("ELEMENT_ID", "FIELD_ID", "DESCRIPTION", "TIME_STAMP", "USER_ID", "ORDER", "TYPE", "WIDTH", "DECIMAL", "COL_WIDTH", "INCLUDE_IN_QUERY") VALUES (19, 2, 'Description', to_date('2011-03-16 15:22:17', 'yyyy-mm-dd hh24:mi:ss'), 'PWRPLANT', 2, 'VarChar2', 254, 0, null, null) ;
INSERT INTO "CR_ELEMENTS_FIELDS" ("ELEMENT_ID", "FIELD_ID", "DESCRIPTION", "TIME_STAMP", "USER_ID", "ORDER", "TYPE", "WIDTH", "DECIMAL", "COL_WIDTH", "INCLUDE_IN_QUERY") VALUES (19, 3, 'Budget Value', to_date('2011-03-16 15:22:17', 'yyyy-mm-dd hh24:mi:ss'), 'PWRPLANT', 3, 'VarChar2', 15, 0, null, null) ; 
INSERT INTO "CR_ELEMENTS_FIELDS" ("ELEMENT_ID", "FIELD_ID", "DESCRIPTION", "TIME_STAMP", "USER_ID", "ORDER", "TYPE", "WIDTH", "DECIMAL", "COL_WIDTH", "INCLUDE_IN_QUERY") VALUES (19, 4, 'Budgeting Value', to_date('2011-03-16 15:22:17', 'yyyy-mm-dd hh24:mi:ss'), 'PWRPLANT', 4, 'VarChar2', 15, 0, null, null) ;
INSERT INTO "CR_ELEMENTS_FIELDS" ("ELEMENT_ID", "FIELD_ID", "DESCRIPTION", "TIME_STAMP", "USER_ID", "ORDER", "TYPE", "WIDTH", "DECIMAL", "COL_WIDTH", "INCLUDE_IN_QUERY") VALUES (19, 5, 'Element Type', to_date('2011-03-16 15:22:17', 'yyyy-mm-dd hh24:mi:ss'), 'PWRPLANT', 5, 'VarChar2', 35, 0, null, null) ; 
INSERT INTO "CR_ELEMENTS_FIELDS" ("ELEMENT_ID", "FIELD_ID", "DESCRIPTION", "TIME_STAMP", "USER_ID", "ORDER", "TYPE", "WIDTH", "DECIMAL", "COL_WIDTH", "INCLUDE_IN_QUERY") VALUES (19, 6, 'Labor Flag', to_date('2011-03-16 15:22:17', 'yyyy-mm-dd hh24:mi:ss'), 'PWRPLANT', 6, 'VarChar2', 2, 0, null, null) ;  
INSERT INTO "CR_ELEMENTS_FIELDS" ("ELEMENT_ID", "FIELD_ID", "DESCRIPTION", "TIME_STAMP", "USER_ID", "ORDER", "TYPE", "WIDTH", "DECIMAL", "COL_WIDTH", "INCLUDE_IN_QUERY") VALUES (19, 7, 'Effective Month Number', to_date('2011-03-16 15:23:08', 'yyyy-mm-dd hh24:mi:ss'), 'PWRPLANT', 8, 'Number', 6, 0, null, null) ; 
INSERT INTO "CR_ELEMENTS_FIELDS" ("ELEMENT_ID", "FIELD_ID", "DESCRIPTION", "TIME_STAMP", "USER_ID", "ORDER", "TYPE", "WIDTH", "DECIMAL", "COL_WIDTH", "INCLUDE_IN_QUERY") VALUES (19, 8, 'Validation Status ID', to_date('2011-03-16 15:23:08', 'yyyy-mm-dd hh24:mi:ss'), 'PWRPLANT', 7, 'Number', 1, 0, null, null) ; 
INSERT INTO "CR_ELEMENTS_FIELDS" ("ELEMENT_ID", "FIELD_ID", "DESCRIPTION", "TIME_STAMP", "USER_ID", "ORDER", "TYPE", "WIDTH", "DECIMAL", "COL_WIDTH", "INCLUDE_IN_QUERY") VALUES (20, 1, 'tax_code', to_date('2011-03-16 15:22:21', 'yyyy-mm-dd hh24:mi:ss'), 'PWRPLANT', 1, 'VarChar2', 2, 0, null, null) ; 
INSERT INTO "CR_ELEMENTS_FIELDS" ("ELEMENT_ID", "FIELD_ID", "DESCRIPTION", "TIME_STAMP", "USER_ID", "ORDER", "TYPE", "WIDTH", "DECIMAL", "COL_WIDTH", "INCLUDE_IN_QUERY") VALUES (20, 2, 'Description', to_date('2011-03-16 15:22:21', 'yyyy-mm-dd hh24:mi:ss'), 'PWRPLANT', 2, 'VarChar2', 254, 0, null, null) ; 
INSERT INTO "CR_ELEMENTS_FIELDS" ("ELEMENT_ID", "FIELD_ID", "DESCRIPTION", "TIME_STAMP", "USER_ID", "ORDER", "TYPE", "WIDTH", "DECIMAL", "COL_WIDTH", "INCLUDE_IN_QUERY") VALUES (20, 3, 'Budget Value', to_date('2011-03-16 15:22:21', 'yyyy-mm-dd hh24:mi:ss'), 'PWRPLANT', 3, 'VarChar2', 2, 0, null, null) ; 
INSERT INTO "CR_ELEMENTS_FIELDS" ("ELEMENT_ID", "FIELD_ID", "DESCRIPTION", "TIME_STAMP", "USER_ID", "ORDER", "TYPE", "WIDTH", "DECIMAL", "COL_WIDTH", "INCLUDE_IN_QUERY") VALUES (20, 4, 'Budgeting Value', to_date('2011-03-16 15:22:21', 'yyyy-mm-dd hh24:mi:ss'), 'PWRPLANT', 4, 'VarChar2', 2, 0, null, null) ; 
INSERT INTO "CR_ELEMENTS_FIELDS" ("ELEMENT_ID", "FIELD_ID", "DESCRIPTION", "TIME_STAMP", "USER_ID", "ORDER", "TYPE", "WIDTH", "DECIMAL", "COL_WIDTH", "INCLUDE_IN_QUERY") VALUES (20, 5, 'Element Type', to_date('2011-03-16 15:22:21', 'yyyy-mm-dd hh24:mi:ss'), 'PWRPLANT', 5, 'VarChar2', 35, 0, null, null) ; 
INSERT INTO "CR_ELEMENTS_FIELDS" ("ELEMENT_ID", "FIELD_ID", "DESCRIPTION", "TIME_STAMP", "USER_ID", "ORDER", "TYPE", "WIDTH", "DECIMAL", "COL_WIDTH", "INCLUDE_IN_QUERY") VALUES (20, 6, 'Labor Flag', to_date('2011-03-16 15:22:21', 'yyyy-mm-dd hh24:mi:ss'), 'PWRPLANT', 6, 'VarChar2', 2, 0, null, null) ; 
INSERT INTO "CR_ELEMENTS_FIELDS" ("ELEMENT_ID", "FIELD_ID", "DESCRIPTION", "TIME_STAMP", "USER_ID", "ORDER", "TYPE", "WIDTH", "DECIMAL", "COL_WIDTH", "INCLUDE_IN_QUERY") VALUES (20, 7, 'Effective Month Number', to_date('2011-03-16 15:22:42', 'yyyy-mm-dd hh24:mi:ss'), 'PWRPLANT', 8, 'Number', 6, 0, null, null) ;
INSERT INTO "CR_ELEMENTS_FIELDS" ("ELEMENT_ID", "FIELD_ID", "DESCRIPTION", "TIME_STAMP", "USER_ID", "ORDER", "TYPE", "WIDTH", "DECIMAL", "COL_WIDTH", "INCLUDE_IN_QUERY") VALUES (20, 8, 'Validation Status ID', to_date('2011-03-16 15:22:42', 'yyyy-mm-dd hh24:mi:ss'), 'PWRPLANT', 7, 'Number', 1, 0, null, null) ;  
INSERT INTO "CR_ELEMENTS_FIELDS" ("ELEMENT_ID", "FIELD_ID", "DESCRIPTION", "TIME_STAMP", "USER_ID", "ORDER", "TYPE", "WIDTH", "DECIMAL", "COL_WIDTH", "INCLUDE_IN_QUERY") VALUES (21, 1, 'Wbs', to_date('2011-04-07 13:10:28', 'yyyy-mm-dd hh24:mi:ss'), 'PWRPLANT', 1, 'VarChar2', 24, 0, null, 1) ; 
INSERT INTO "CR_ELEMENTS_FIELDS" ("ELEMENT_ID", "FIELD_ID", "DESCRIPTION", "TIME_STAMP", "USER_ID", "ORDER", "TYPE", "WIDTH", "DECIMAL", "COL_WIDTH", "INCLUDE_IN_QUERY") VALUES (21, 2, 'Description', to_date('2011-04-07 13:10:30', 'yyyy-mm-dd hh24:mi:ss'), 'PWRPLANT', 2, 'VarChar2', 254, 0, null, 0) ; 
INSERT INTO "CR_ELEMENTS_FIELDS" ("ELEMENT_ID", "FIELD_ID", "DESCRIPTION", "TIME_STAMP", "USER_ID", "ORDER", "TYPE", "WIDTH", "DECIMAL", "COL_WIDTH", "INCLUDE_IN_QUERY") VALUES (21, 3, 'Budget Value', to_date('2011-04-07 13:10:30', 'yyyy-mm-dd hh24:mi:ss'), 'PWRPLANT', 3, 'VarChar2', 24, 0, null, 0) ; 
INSERT INTO "CR_ELEMENTS_FIELDS" ("ELEMENT_ID", "FIELD_ID", "DESCRIPTION", "TIME_STAMP", "USER_ID", "ORDER", "TYPE", "WIDTH", "DECIMAL", "COL_WIDTH", "INCLUDE_IN_QUERY") VALUES (21, 4, 'Budgeting Value', to_date('2011-04-07 13:10:30', 'yyyy-mm-dd hh24:mi:ss'), 'PWRPLANT', 4, 'VarChar2', 24, 0, null, 0) ; 
INSERT INTO "CR_ELEMENTS_FIELDS" ("ELEMENT_ID", "FIELD_ID", "DESCRIPTION", "TIME_STAMP", "USER_ID", "ORDER", "TYPE", "WIDTH", "DECIMAL", "COL_WIDTH", "INCLUDE_IN_QUERY") VALUES (21, 5, 'Element Type', to_date('2011-04-07 13:10:30', 'yyyy-mm-dd hh24:mi:ss'), 'PWRPLANT', 5, 'VarChar2', 35, 0, null, 0) ; 
INSERT INTO "CR_ELEMENTS_FIELDS" ("ELEMENT_ID", "FIELD_ID", "DESCRIPTION", "TIME_STAMP", "USER_ID", "ORDER", "TYPE", "WIDTH", "DECIMAL", "COL_WIDTH", "INCLUDE_IN_QUERY") VALUES (21, 6, 'Labor Flag', to_date('2011-04-07 13:10:30', 'yyyy-mm-dd hh24:mi:ss'), 'PWRPLANT', 6, 'VarChar2', 2, 0, null, 0) ; 
INSERT INTO "CR_ELEMENTS_FIELDS" ("ELEMENT_ID", "FIELD_ID", "DESCRIPTION", "TIME_STAMP", "USER_ID", "ORDER", "TYPE", "WIDTH", "DECIMAL", "COL_WIDTH", "INCLUDE_IN_QUERY") VALUES (21, 7, 'Validation Status ID', to_date('2011-04-07 13:10:28', 'yyyy-mm-dd hh24:mi:ss'), 'PWRPLANT', 7, 'Number', 1, 0, null, 0) ; 
INSERT INTO "CR_ELEMENTS_FIELDS" ("ELEMENT_ID", "FIELD_ID", "DESCRIPTION", "TIME_STAMP", "USER_ID", "ORDER", "TYPE", "WIDTH", "DECIMAL", "COL_WIDTH", "INCLUDE_IN_QUERY") VALUES (21, 8, 'Effective Month Number', to_date('2011-04-07 13:10:28', 'yyyy-mm-dd hh24:mi:ss'), 'PWRPLANT', 8, 'Number', 6, 0, null, 0) ; 
INSERT INTO "CR_ELEMENTS_FIELDS" ("ELEMENT_ID", "FIELD_ID", "DESCRIPTION", "TIME_STAMP", "USER_ID", "ORDER", "TYPE", "WIDTH", "DECIMAL", "COL_WIDTH", "INCLUDE_IN_QUERY") VALUES (21, 9, 'SAP Internal Number', to_date('2011-04-07 13:10:29', 'yyyy-mm-dd hh24:mi:ss'), 'PWRPLANT', 10, 'VarChar2', 8, 0, null, 1) ; 
INSERT INTO "CR_ELEMENTS_FIELDS" ("ELEMENT_ID", "FIELD_ID", "DESCRIPTION", "TIME_STAMP", "USER_ID", "ORDER", "TYPE", "WIDTH", "DECIMAL", "COL_WIDTH", "INCLUDE_IN_QUERY") VALUES (21, 10, 'Object Number', to_date('2011-04-07 13:10:29', 'yyyy-mm-dd hh24:mi:ss'), 'PWRPLANT', 11, 'VarChar2', 22, 0, null, 1) ; 
INSERT INTO "CR_ELEMENTS_FIELDS" ("ELEMENT_ID", "FIELD_ID", "DESCRIPTION", "TIME_STAMP", "USER_ID", "ORDER", "TYPE", "WIDTH", "DECIMAL", "COL_WIDTH", "INCLUDE_IN_QUERY") VALUES (21, 11, 'Create User', to_date('2011-04-07 13:10:29', 'yyyy-mm-dd hh24:mi:ss'), 'PWRPLANT', 12, 'VarChar2', 12, 0, null, 1) ; 
INSERT INTO "CR_ELEMENTS_FIELDS" ("ELEMENT_ID", "FIELD_ID", "DESCRIPTION", "TIME_STAMP", "USER_ID", "ORDER", "TYPE", "WIDTH", "DECIMAL", "COL_WIDTH", "INCLUDE_IN_QUERY") VALUES (21, 12, 'Create Date', to_date('2011-04-07 13:10:29', 'yyyy-mm-dd hh24:mi:ss'), 'PWRPLANT', 13, 'VarChar2', 8, 0, null, 1) ; 
INSERT INTO "CR_ELEMENTS_FIELDS" ("ELEMENT_ID", "FIELD_ID", "DESCRIPTION", "TIME_STAMP", "USER_ID", "ORDER", "TYPE", "WIDTH", "DECIMAL", "COL_WIDTH", "INCLUDE_IN_QUERY") VALUES (21, 13, 'Last Change User', to_date('2011-04-07 13:10:29', 'yyyy-mm-dd hh24:mi:ss'), 'PWRPLANT', 14, 'VarChar2', 12, 0, null, 1) ; 
INSERT INTO "CR_ELEMENTS_FIELDS" ("ELEMENT_ID", "FIELD_ID", "DESCRIPTION", "TIME_STAMP", "USER_ID", "ORDER", "TYPE", "WIDTH", "DECIMAL", "COL_WIDTH", "INCLUDE_IN_QUERY") VALUES (21, 14, 'Last Change Date', to_date('2011-04-07 13:10:29', 'yyyy-mm-dd hh24:mi:ss'), 'PWRPLANT', 15, 'VarChar2', 8, 0, null, 1) ; 
INSERT INTO "CR_ELEMENTS_FIELDS" ("ELEMENT_ID", "FIELD_ID", "DESCRIPTION", "TIME_STAMP", "USER_ID", "ORDER", "TYPE", "WIDTH", "DECIMAL", "COL_WIDTH", "INCLUDE_IN_QUERY") VALUES (21, 15, 'Responsible Person or Proj Mgr', to_date('2011-04-07 13:10:29', 'yyyy-mm-dd hh24:mi:ss'), 'PWRPLANT', 16, 'VarChar2', 25, 0, null, 1) ; 
INSERT INTO "CR_ELEMENTS_FIELDS" ("ELEMENT_ID", "FIELD_ID", "DESCRIPTION", "TIME_STAMP", "USER_ID", "ORDER", "TYPE", "WIDTH", "DECIMAL", "COL_WIDTH", "INCLUDE_IN_QUERY") VALUES (21, 16, 'Business Area', to_date('2011-04-07 13:10:29', 'yyyy-mm-dd hh24:mi:ss'), 'PWRPLANT', 17, 'VarChar2', 4, 0, null, 0) ; 
INSERT INTO "CR_ELEMENTS_FIELDS" ("ELEMENT_ID", "FIELD_ID", "DESCRIPTION", "TIME_STAMP", "USER_ID", "ORDER", "TYPE", "WIDTH", "DECIMAL", "COL_WIDTH", "INCLUDE_IN_QUERY") VALUES (21, 17, 'Project Type', to_date('2011-04-07 13:10:29', 'yyyy-mm-dd hh24:mi:ss'), 'PWRPLANT', 18, 'VarChar2', 2, 0, null, 0) ; 
INSERT INTO "CR_ELEMENTS_FIELDS" ("ELEMENT_ID", "FIELD_ID", "DESCRIPTION", "TIME_STAMP", "USER_ID", "ORDER", "TYPE", "WIDTH", "DECIMAL", "COL_WIDTH", "INCLUDE_IN_QUERY") VALUES (21, 18, 'Level in Project Hierarchy', to_date('2011-04-07 13:10:29', 'yyyy-mm-dd hh24:mi:ss'), 'PWRPLANT', 19, 'VarChar2', 3, 0, null, 1) ; 
INSERT INTO "CR_ELEMENTS_FIELDS" ("ELEMENT_ID", "FIELD_ID", "DESCRIPTION", "TIME_STAMP", "USER_ID", "ORDER", "TYPE", "WIDTH", "DECIMAL", "COL_WIDTH", "INCLUDE_IN_QUERY") VALUES (21, 19, 'Planning Element', to_date('2011-04-07 13:10:29', 'yyyy-mm-dd hh24:mi:ss'), 'PWRPLANT', 20, 'VarChar2', 1, 0, null, 1) ; 
INSERT INTO "CR_ELEMENTS_FIELDS" ("ELEMENT_ID", "FIELD_ID", "DESCRIPTION", "TIME_STAMP", "USER_ID", "ORDER", "TYPE", "WIDTH", "DECIMAL", "COL_WIDTH", "INCLUDE_IN_QUERY") VALUES (21, 20, 'Account Assignment Element', to_date('2011-04-07 13:10:29', 'yyyy-mm-dd hh24:mi:ss'), 'PWRPLANT', 21, 'VarChar2', 1, 0, null, 1) ; 
INSERT INTO "CR_ELEMENTS_FIELDS" ("ELEMENT_ID", "FIELD_ID", "DESCRIPTION", "TIME_STAMP", "USER_ID", "ORDER", "TYPE", "WIDTH", "DECIMAL", "COL_WIDTH", "INCLUDE_IN_QUERY") VALUES (21, 21, 'Results Analysis Key', to_date('2011-04-07 13:10:29', 'yyyy-mm-dd hh24:mi:ss'), 'PWRPLANT', 22, 'VarChar2', 6, 0, null, 1) ; 
INSERT INTO "CR_ELEMENTS_FIELDS" ("ELEMENT_ID", "FIELD_ID", "DESCRIPTION", "TIME_STAMP", "USER_ID", "ORDER", "TYPE", "WIDTH", "DECIMAL", "COL_WIDTH", "INCLUDE_IN_QUERY") VALUES (21, 22, 'Requesting Cost Center', to_date('2011-04-07 13:10:29', 'yyyy-mm-dd hh24:mi:ss'), 'PWRPLANT', 23, 'VarChar2', 10, 0, null, 1) ; 
INSERT INTO "CR_ELEMENTS_FIELDS" ("ELEMENT_ID", "FIELD_ID", "DESCRIPTION", "TIME_STAMP", "USER_ID", "ORDER", "TYPE", "WIDTH", "DECIMAL", "COL_WIDTH", "INCLUDE_IN_QUERY") VALUES (21, 23, 'Responsible Cost Center', to_date('2011-04-07 13:10:29', 'yyyy-mm-dd hh24:mi:ss'), 'PWRPLANT', 24, 'VarChar2', 10, 0, null, 1) ; 
INSERT INTO "CR_ELEMENTS_FIELDS" ("ELEMENT_ID", "FIELD_ID", "DESCRIPTION", "TIME_STAMP", "USER_ID", "ORDER", "TYPE", "WIDTH", "DECIMAL", "COL_WIDTH", "INCLUDE_IN_QUERY") VALUES (21, 24, 'Priority', to_date('2011-04-07 13:10:29', 'yyyy-mm-dd hh24:mi:ss'), 'PWRPLANT', 25, 'VarChar2', 1, 0, null, 0) ; 
INSERT INTO "CR_ELEMENTS_FIELDS" ("ELEMENT_ID", "FIELD_ID", "DESCRIPTION", "TIME_STAMP", "USER_ID", "ORDER", "TYPE", "WIDTH", "DECIMAL", "COL_WIDTH", "INCLUDE_IN_QUERY") VALUES (21, 25, 'Plant', to_date('2011-04-07 13:10:29', 'yyyy-mm-dd hh24:mi:ss'), 'PWRPLANT', 26, 'VarChar2', 4, 0, null, 1) ; 
INSERT INTO "CR_ELEMENTS_FIELDS" ("ELEMENT_ID", "FIELD_ID", "DESCRIPTION", "TIME_STAMP", "USER_ID", "ORDER", "TYPE", "WIDTH", "DECIMAL", "COL_WIDTH", "INCLUDE_IN_QUERY") VALUES (21, 26, 'Cost Center Actual Postings', to_date('2011-04-07 13:10:29', 'yyyy-mm-dd hh24:mi:ss'), 'PWRPLANT', 27, 'VarChar2', 10, 0, null, 0) ; 
INSERT INTO "CR_ELEMENTS_FIELDS" ("ELEMENT_ID", "FIELD_ID", "DESCRIPTION", "TIME_STAMP", "USER_ID", "ORDER", "TYPE", "WIDTH", "DECIMAL", "COL_WIDTH", "INCLUDE_IN_QUERY") VALUES (21, 27, 'Summarization Indicator', to_date('2011-04-07 13:10:29', 'yyyy-mm-dd hh24:mi:ss'), 'PWRPLANT', 28, 'VarChar2', 1, 0, null, 0) ; 
INSERT INTO "CR_ELEMENTS_FIELDS" ("ELEMENT_ID", "FIELD_ID", "DESCRIPTION", "TIME_STAMP", "USER_ID", "ORDER", "TYPE", "WIDTH", "DECIMAL", "COL_WIDTH", "INCLUDE_IN_QUERY") VALUES (21, 28, 'Statistical WBS', to_date('2011-04-07 13:10:29', 'yyyy-mm-dd hh24:mi:ss'), 'PWRPLANT', 29, 'VarChar2', 1, 0, null, 0) ; 
INSERT INTO "CR_ELEMENTS_FIELDS" ("ELEMENT_ID", "FIELD_ID", "DESCRIPTION", "TIME_STAMP", "USER_ID", "ORDER", "TYPE", "WIDTH", "DECIMAL", "COL_WIDTH", "INCLUDE_IN_QUERY") VALUES (21, 29, 'Tax Jurisdiction', to_date('2011-04-07 13:10:29', 'yyyy-mm-dd hh24:mi:ss'), 'PWRPLANT', 30, 'VarChar2', 15, 0, null, 1) ; 
INSERT INTO "CR_ELEMENTS_FIELDS" ("ELEMENT_ID", "FIELD_ID", "DESCRIPTION", "TIME_STAMP", "USER_ID", "ORDER", "TYPE", "WIDTH", "DECIMAL", "COL_WIDTH", "INCLUDE_IN_QUERY") VALUES (21, 30, 'Invstmnt Profile for Int Calc', to_date('2011-04-07 13:10:29', 'yyyy-mm-dd hh24:mi:ss'), 'PWRPLANT', 31, 'VarChar2', 7, 0, null, 0) ; 
INSERT INTO "CR_ELEMENTS_FIELDS" ("ELEMENT_ID", "FIELD_ID", "DESCRIPTION", "TIME_STAMP", "USER_ID", "ORDER", "TYPE", "WIDTH", "DECIMAL", "COL_WIDTH", "INCLUDE_IN_QUERY") VALUES (21, 31, 'Invstmnt Meaure Profile', to_date('2011-04-07 13:10:29', 'yyyy-mm-dd hh24:mi:ss'), 'PWRPLANT', 32, 'VarChar2', 6, 0, null, 1) ; 
INSERT INTO "CR_ELEMENTS_FIELDS" ("ELEMENT_ID", "FIELD_ID", "DESCRIPTION", "TIME_STAMP", "USER_ID", "ORDER", "TYPE", "WIDTH", "DECIMAL", "COL_WIDTH", "INCLUDE_IN_QUERY") VALUES (21, 32, 'Deletion Indicator', to_date('2011-04-07 13:10:29', 'yyyy-mm-dd hh24:mi:ss'), 'PWRPLANT', 33, 'VarChar2', 1, 0, null, 1) ; 
INSERT INTO "CR_ELEMENTS_FIELDS" ("ELEMENT_ID", "FIELD_ID", "DESCRIPTION", "TIME_STAMP", "USER_ID", "ORDER", "TYPE", "WIDTH", "DECIMAL", "COL_WIDTH", "INCLUDE_IN_QUERY") VALUES (21, 33, 'TECO Date', to_date('2011-04-07 13:10:29', 'yyyy-mm-dd hh24:mi:ss'), 'PWRPLANT', 34, 'VarChar2', 8, 0, null, 1) ; 
INSERT INTO "CR_ELEMENTS_FIELDS" ("ELEMENT_ID", "FIELD_ID", "DESCRIPTION", "TIME_STAMP", "USER_ID", "ORDER", "TYPE", "WIDTH", "DECIMAL", "COL_WIDTH", "INCLUDE_IN_QUERY") VALUES (21, 34, 'Reason for Investment', to_date('2011-04-07 13:10:29', 'yyyy-mm-dd hh24:mi:ss'), 'PWRPLANT', 35, 'VarChar2', 2, 0, null, 1) ; 
INSERT INTO "CR_ELEMENTS_FIELDS" ("ELEMENT_ID", "FIELD_ID", "DESCRIPTION", "TIME_STAMP", "USER_ID", "ORDER", "TYPE", "WIDTH", "DECIMAL", "COL_WIDTH", "INCLUDE_IN_QUERY") VALUES (21, 35, 'Reason for Environmental Invst', to_date('2011-04-07 13:10:29', 'yyyy-mm-dd hh24:mi:ss'), 'PWRPLANT', 36, 'VarChar2', 5, 0, null, 0) ; 
INSERT INTO "CR_ELEMENTS_FIELDS" ("ELEMENT_ID", "FIELD_ID", "DESCRIPTION", "TIME_STAMP", "USER_ID", "ORDER", "TYPE", "WIDTH", "DECIMAL", "COL_WIDTH", "INCLUDE_IN_QUERY") VALUES (21, 36, 'Functional Area', to_date('2011-04-07 13:10:29', 'yyyy-mm-dd hh24:mi:ss'), 'PWRPLANT', 37, 'VarChar2', 16, 0, null, 0) ; 
INSERT INTO "CR_ELEMENTS_FIELDS" ("ELEMENT_ID", "FIELD_ID", "DESCRIPTION", "TIME_STAMP", "USER_ID", "ORDER", "TYPE", "WIDTH", "DECIMAL", "COL_WIDTH", "INCLUDE_IN_QUERY") VALUES (21, 37, 'Profit Center', to_date('2011-04-07 13:10:30', 'yyyy-mm-dd hh24:mi:ss'), 'PWRPLANT', 38, 'VarChar2', 10, 0, null, 1) ; 
INSERT INTO "CR_ELEMENTS_FIELDS" ("ELEMENT_ID", "FIELD_ID", "DESCRIPTION", "TIME_STAMP", "USER_ID", "ORDER", "TYPE", "WIDTH", "DECIMAL", "COL_WIDTH", "INCLUDE_IN_QUERY") VALUES (21, 38, 'User Field for Date In Service', to_date('2011-04-07 13:10:30', 'yyyy-mm-dd hh24:mi:ss'), 'PWRPLANT', 39, 'VarChar2', 8, 0, null, 0) ; 
INSERT INTO "CR_ELEMENTS_FIELDS" ("ELEMENT_ID", "FIELD_ID", "DESCRIPTION", "TIME_STAMP", "USER_ID", "ORDER", "TYPE", "WIDTH", "DECIMAL", "COL_WIDTH", "INCLUDE_IN_QUERY") VALUES (21, 39, 'Location', to_date('2011-04-07 13:10:30', 'yyyy-mm-dd hh24:mi:ss'), 'PWRPLANT', 40, 'VarChar2', 10, 0, null, 0) ; 
INSERT INTO "CR_ELEMENTS_FIELDS" ("ELEMENT_ID", "FIELD_ID", "DESCRIPTION", "TIME_STAMP", "USER_ID", "ORDER", "TYPE", "WIDTH", "DECIMAL", "COL_WIDTH", "INCLUDE_IN_QUERY") VALUES (21, 40, 'PTJC', to_date('2011-04-07 13:10:30', 'yyyy-mm-dd hh24:mi:ss'), 'PWRPLANT', 41, 'VarChar2', 14, 0, null, 0) ; 	
INSERT INTO "CR_ELEMENTS_FIELDS" ("ELEMENT_ID", "FIELD_ID", "DESCRIPTION", "TIME_STAMP", "USER_ID", "ORDER", "TYPE", "WIDTH", "DECIMAL", "COL_WIDTH", "INCLUDE_IN_QUERY") VALUES (21, 42, 'Parent WBS', to_date('2011-04-07 13:10:30', 'yyyy-mm-dd hh24:mi:ss'), 'PWRPLANT', 42, 'VarChar2', 24, 0, null, 1) ; 
INSERT INTO "CR_ELEMENTS_FIELDS" ("ELEMENT_ID", "FIELD_ID", "DESCRIPTION", "TIME_STAMP", "USER_ID", "ORDER", "TYPE", "WIDTH", "DECIMAL", "COL_WIDTH", "INCLUDE_IN_QUERY") VALUES (21, 43, 'System Status', to_date('2011-04-07 13:10:30', 'yyyy-mm-dd hh24:mi:ss'), 'PWRPLANT', 43, 'VarChar2', 40, 0, null, 1) ; 
INSERT INTO "CR_ELEMENTS_FIELDS" ("ELEMENT_ID", "FIELD_ID", "DESCRIPTION", "TIME_STAMP", "USER_ID", "ORDER", "TYPE", "WIDTH", "DECIMAL", "COL_WIDTH", "INCLUDE_IN_QUERY") VALUES (21, 44, 'User Status', to_date('2011-04-07 13:10:30', 'yyyy-mm-dd hh24:mi:ss'), 'PWRPLANT', 44, 'VarChar2', 40, 0, null, 0) ; 
INSERT INTO "CR_ELEMENTS_FIELDS" ("ELEMENT_ID", "FIELD_ID", "DESCRIPTION", "TIME_STAMP", "USER_ID", "ORDER", "TYPE", "WIDTH", "DECIMAL", "COL_WIDTH", "INCLUDE_IN_QUERY") VALUES (21, 46, 'FERC Ind', to_date('2011-04-07 13:10:30', 'yyyy-mm-dd hh24:mi:ss'), 'PWRPLANT', 46, 'VarChar2', 10, 0, null, 1) ; 
INSERT INTO "CR_ELEMENTS_FIELDS" ("ELEMENT_ID", "FIELD_ID", "DESCRIPTION", "TIME_STAMP", "USER_ID", "ORDER", "TYPE", "WIDTH", "DECIMAL", "COL_WIDTH", "INCLUDE_IN_QUERY") VALUES (21, 47, 'Applicant', to_date('2011-04-07 13:10:28', 'yyyy-mm-dd hh24:mi:ss'), 'PWRPLANT', 47, 'Varchar2', 35, 0, null, 1) ; 
INSERT INTO "CR_ELEMENTS_FIELDS" ("ELEMENT_ID", "FIELD_ID", "DESCRIPTION", "TIME_STAMP", "USER_ID", "ORDER", "TYPE", "WIDTH", "DECIMAL", "COL_WIDTH", "INCLUDE_IN_QUERY") VALUES (21, 48, 'Functional Location', to_date('2011-04-07 13:10:28', 'yyyy-mm-dd hh24:mi:ss'), 'PWRPLANT', 48, 'varchar2', 35, 0, null, 0) ; 
INSERT INTO "CR_ELEMENTS_FIELDS" ("ELEMENT_ID", "FIELD_ID", "DESCRIPTION", "TIME_STAMP", "USER_ID", "ORDER", "TYPE", "WIDTH", "DECIMAL", "COL_WIDTH", "INCLUDE_IN_QUERY") VALUES (21, 49, 'Equipment', to_date('2011-04-07 13:10:28', 'yyyy-mm-dd hh24:mi:ss'), 'PWRPLANT', 49, 'varchar2', 35, 0, null, 0) ; 
INSERT INTO "CR_ELEMENTS_FIELDS" ("ELEMENT_ID", "FIELD_ID", "DESCRIPTION", "TIME_STAMP", "USER_ID", "ORDER", "TYPE", "WIDTH", "DECIMAL", "COL_WIDTH", "INCLUDE_IN_QUERY") VALUES (21, 50, 'Company', to_date('2011-04-07 13:10:30', 'yyyy-mm-dd hh24:mi:ss'), 'PWRPLANT', 9, 'VarChar2', 4, 0, null, null) ; 
INSERT INTO "CR_ELEMENTS_FIELDS" ("ELEMENT_ID", "FIELD_ID", "DESCRIPTION", "TIME_STAMP", "USER_ID", "ORDER", "TYPE", "WIDTH", "DECIMAL", "COL_WIDTH", "INCLUDE_IN_QUERY") VALUES (22, 1, 'Cost Center', to_date('2011-03-15 11:03:55', 'yyyy-mm-dd hh24:mi:ss'), 'PWRPLANT', 1, 'VarChar2', 10, 0, null, 1) ; 
INSERT INTO "CR_ELEMENTS_FIELDS" ("ELEMENT_ID", "FIELD_ID", "DESCRIPTION", "TIME_STAMP", "USER_ID", "ORDER", "TYPE", "WIDTH", "DECIMAL", "COL_WIDTH", "INCLUDE_IN_QUERY") VALUES (22, 2, 'Description', to_date('2011-03-15 11:03:55', 'yyyy-mm-dd hh24:mi:ss'), 'PWRPLANT', 2, 'VarChar2', 254, 0, null, 0) ; 
INSERT INTO "CR_ELEMENTS_FIELDS" ("ELEMENT_ID", "FIELD_ID", "DESCRIPTION", "TIME_STAMP", "USER_ID", "ORDER", "TYPE", "WIDTH", "DECIMAL", "COL_WIDTH", "INCLUDE_IN_QUERY") VALUES (22, 3, 'Budget Value', to_date('2011-03-15 11:03:55', 'yyyy-mm-dd hh24:mi:ss'), 'PWRPLANT', 3, 'VarChar2', 10, 0, null, 0) ; 
INSERT INTO "CR_ELEMENTS_FIELDS" ("ELEMENT_ID", "FIELD_ID", "DESCRIPTION", "TIME_STAMP", "USER_ID", "ORDER", "TYPE", "WIDTH", "DECIMAL", "COL_WIDTH", "INCLUDE_IN_QUERY") VALUES (22, 4, 'Budgeting Value', to_date('2011-03-15 11:03:55', 'yyyy-mm-dd hh24:mi:ss'), 'PWRPLANT', 4, 'VarChar2', 10, 0, null, 0) ; 
INSERT INTO "CR_ELEMENTS_FIELDS" ("ELEMENT_ID", "FIELD_ID", "DESCRIPTION", "TIME_STAMP", "USER_ID", "ORDER", "TYPE", "WIDTH", "DECIMAL", "COL_WIDTH", "INCLUDE_IN_QUERY") VALUES (22, 5, 'Element Type', to_date('2011-03-15 11:03:55', 'yyyy-mm-dd hh24:mi:ss'), 'PWRPLANT', 5, 'VarChar2', 35, 0, null, 0) ; 
INSERT INTO "CR_ELEMENTS_FIELDS" ("ELEMENT_ID", "FIELD_ID", "DESCRIPTION", "TIME_STAMP", "USER_ID", "ORDER", "TYPE", "WIDTH", "DECIMAL", "COL_WIDTH", "INCLUDE_IN_QUERY") VALUES (22, 6, 'Labor Flag', to_date('2011-03-15 11:03:55', 'yyyy-mm-dd hh24:mi:ss'), 'PWRPLANT', 6, 'VarChar2', 2, 0, null, 0) ; 
INSERT INTO "CR_ELEMENTS_FIELDS" ("ELEMENT_ID", "FIELD_ID", "DESCRIPTION", "TIME_STAMP", "USER_ID", "ORDER", "TYPE", "WIDTH", "DECIMAL", "COL_WIDTH", "INCLUDE_IN_QUERY") VALUES (22, 7, 'Validation Status ID', to_date('2011-03-15 11:03:55', 'yyyy-mm-dd hh24:mi:ss'), 'PWRPLANT', 7, 'Number', 1, 0, null, 0) ; 
INSERT INTO "CR_ELEMENTS_FIELDS" ("ELEMENT_ID", "FIELD_ID", "DESCRIPTION", "TIME_STAMP", "USER_ID", "ORDER", "TYPE", "WIDTH", "DECIMAL", "COL_WIDTH", "INCLUDE_IN_QUERY") VALUES (22, 8, 'Effective Month Number', to_date('2011-03-15 11:03:55', 'yyyy-mm-dd hh24:mi:ss'), 'PWRPLANT', 8, 'Number', 6, 0, null, 0) ; 
INSERT INTO "CR_ELEMENTS_FIELDS" ("ELEMENT_ID", "FIELD_ID", "DESCRIPTION", "TIME_STAMP", "USER_ID", "ORDER", "TYPE", "WIDTH", "DECIMAL", "COL_WIDTH", "INCLUDE_IN_QUERY") VALUES (22, 9, 'Cost Center Category', to_date('2011-03-16 13:30:05', 'yyyy-mm-dd hh24:mi:ss'), 'PWRPLANT', 10, 'VarChar2', 1, 0, null, 1) ; 
INSERT INTO "CR_ELEMENTS_FIELDS" ("ELEMENT_ID", "FIELD_ID", "DESCRIPTION", "TIME_STAMP", "USER_ID", "ORDER", "TYPE", "WIDTH", "DECIMAL", "COL_WIDTH", "INCLUDE_IN_QUERY") VALUES (22, 10, 'Person Responsible', to_date('2011-04-12 14:08:45', 'yyyy-mm-dd hh24:mi:ss'), 'PWRPLANT', 12, 'VarChar2', 20, 0, null, 1) ; 
INSERT INTO "CR_ELEMENTS_FIELDS" ("ELEMENT_ID", "FIELD_ID", "DESCRIPTION", "TIME_STAMP", "USER_ID", "ORDER", "TYPE", "WIDTH", "DECIMAL", "COL_WIDTH", "INCLUDE_IN_QUERY") VALUES (22, 11, 'Currency Key', to_date('2011-04-12 14:08:45', 'yyyy-mm-dd hh24:mi:ss'), 'PWRPLANT', 13, 'VarChar2', 5, 0, null, 1) ; 
INSERT INTO "CR_ELEMENTS_FIELDS" ("ELEMENT_ID", "FIELD_ID", "DESCRIPTION", "TIME_STAMP", "USER_ID", "ORDER", "TYPE", "WIDTH", "DECIMAL", "COL_WIDTH", "INCLUDE_IN_QUERY") VALUES (22, 12, 'Costing Sheet', to_date('2011-04-12 14:08:45', 'yyyy-mm-dd hh24:mi:ss'), 'PWRPLANT', 14, 'VarChar2', 6, 0, null, 0) ; 
INSERT INTO "CR_ELEMENTS_FIELDS" ("ELEMENT_ID", "FIELD_ID", "DESCRIPTION", "TIME_STAMP", "USER_ID", "ORDER", "TYPE", "WIDTH", "DECIMAL", "COL_WIDTH", "INCLUDE_IN_QUERY") VALUES (22, 13, 'Tax Jurisdiction', to_date('2011-04-12 14:08:45', 'yyyy-mm-dd hh24:mi:ss'), 'PWRPLANT', 15, 'VarChar2', 15, 0, null, 1) ; 
INSERT INTO "CR_ELEMENTS_FIELDS" ("ELEMENT_ID", "FIELD_ID", "DESCRIPTION", "TIME_STAMP", "USER_ID", "ORDER", "TYPE", "WIDTH", "DECIMAL", "COL_WIDTH", "INCLUDE_IN_QUERY") VALUES (22, 14, 'Profit Center', to_date('2011-04-12 14:08:45', 'yyyy-mm-dd hh24:mi:ss'), 'PWRPLANT', 16, 'VarChar2', 10, 0, null, 1) ; 
INSERT INTO "CR_ELEMENTS_FIELDS" ("ELEMENT_ID", "FIELD_ID", "DESCRIPTION", "TIME_STAMP", "USER_ID", "ORDER", "TYPE", "WIDTH", "DECIMAL", "COL_WIDTH", "INCLUDE_IN_QUERY") VALUES (22, 15, 'Plant', to_date('2011-04-12 14:08:45', 'yyyy-mm-dd hh24:mi:ss'), 'PWRPLANT', 17, 'VarChar2', 4, 0, null, 0) ; 
INSERT INTO "CR_ELEMENTS_FIELDS" ("ELEMENT_ID", "FIELD_ID", "DESCRIPTION", "TIME_STAMP", "USER_ID", "ORDER", "TYPE", "WIDTH", "DECIMAL", "COL_WIDTH", "INCLUDE_IN_QUERY") VALUES (22, 16, 'Created On', to_date('2011-04-12 14:08:45', 'yyyy-mm-dd hh24:mi:ss'), 'PWRPLANT', 18, 'VarChar2', 8, 0, null, 1) ; 
INSERT INTO "CR_ELEMENTS_FIELDS" ("ELEMENT_ID", "FIELD_ID", "DESCRIPTION", "TIME_STAMP", "USER_ID", "ORDER", "TYPE", "WIDTH", "DECIMAL", "COL_WIDTH", "INCLUDE_IN_QUERY") VALUES (22, 17, 'Entered By', to_date('2011-04-12 14:08:45', 'yyyy-mm-dd hh24:mi:ss'), 'PWRPLANT', 19, 'VarChar2', 12, 0, null, 1) ; 
INSERT INTO "CR_ELEMENTS_FIELDS" ("ELEMENT_ID", "FIELD_ID", "DESCRIPTION", "TIME_STAMP", "USER_ID", "ORDER", "TYPE", "WIDTH", "DECIMAL", "COL_WIDTH", "INCLUDE_IN_QUERY") VALUES (22, 18, 'Lock Ind Act Primary Postings', to_date('2011-04-12 14:08:45', 'yyyy-mm-dd hh24:mi:ss'), 'PWRPLANT', 20, 'VarChar2', 1, 0, null, 1) ; 
INSERT INTO "CR_ELEMENTS_FIELDS" ("ELEMENT_ID", "FIELD_ID", "DESCRIPTION", "TIME_STAMP", "USER_ID", "ORDER", "TYPE", "WIDTH", "DECIMAL", "COL_WIDTH", "INCLUDE_IN_QUERY") VALUES (22, 19, 'Lock Ind Plan Primary Costs', to_date('2011-04-12 14:08:45', 'yyyy-mm-dd hh24:mi:ss'), 'PWRPLANT', 21, 'VarChar2', 1, 0, null, 1) ; 
INSERT INTO "CR_ELEMENTS_FIELDS" ("ELEMENT_ID", "FIELD_ID", "DESCRIPTION", "TIME_STAMP", "USER_ID", "ORDER", "TYPE", "WIDTH", "DECIMAL", "COL_WIDTH", "INCLUDE_IN_QUERY") VALUES (22, 20, 'Lock Ind Act Secondary Costs', to_date('2011-04-12 14:08:45', 'yyyy-mm-dd hh24:mi:ss'), 'PWRPLANT', 22, 'VarChar2', 1, 0, null, 1) ; 
INSERT INTO "CR_ELEMENTS_FIELDS" ("ELEMENT_ID", "FIELD_ID", "DESCRIPTION", "TIME_STAMP", "USER_ID", "ORDER", "TYPE", "WIDTH", "DECIMAL", "COL_WIDTH", "INCLUDE_IN_QUERY") VALUES (22, 21, 'Lock Ind Act Revenue Postings', to_date('2011-04-12 14:08:45', 'yyyy-mm-dd hh24:mi:ss'), 'PWRPLANT', 23, 'VarChar2', 1, 0, null, 1) ; 
INSERT INTO "CR_ELEMENTS_FIELDS" ("ELEMENT_ID", "FIELD_ID", "DESCRIPTION", "TIME_STAMP", "USER_ID", "ORDER", "TYPE", "WIDTH", "DECIMAL", "COL_WIDTH", "INCLUDE_IN_QUERY") VALUES (22, 22, 'Lock Ind Commitment Update', to_date('2011-04-12 14:08:45', 'yyyy-mm-dd hh24:mi:ss'), 'PWRPLANT', 24, 'VarChar2', 1, 0, null, 1) ; 
INSERT INTO "CR_ELEMENTS_FIELDS" ("ELEMENT_ID", "FIELD_ID", "DESCRIPTION", "TIME_STAMP", "USER_ID", "ORDER", "TYPE", "WIDTH", "DECIMAL", "COL_WIDTH", "INCLUDE_IN_QUERY") VALUES (22, 23, 'Lock Ind Plan Secondary Costs', to_date('2011-04-12 14:08:45', 'yyyy-mm-dd hh24:mi:ss'), 'PWRPLANT', 25, 'VarChar2', 1, 0, null, 1) ; 
INSERT INTO "CR_ELEMENTS_FIELDS" ("ELEMENT_ID", "FIELD_ID", "DESCRIPTION", "TIME_STAMP", "USER_ID", "ORDER", "TYPE", "WIDTH", "DECIMAL", "COL_WIDTH", "INCLUDE_IN_QUERY") VALUES (22, 24, 'Lock Ind Planning Revenues', to_date('2011-04-12 14:08:45', 'yyyy-mm-dd hh24:mi:ss'), 'PWRPLANT', 26, 'VarChar2', 1, 0, null, 1) ; 
INSERT INTO "CR_ELEMENTS_FIELDS" ("ELEMENT_ID", "FIELD_ID", "DESCRIPTION", "TIME_STAMP", "USER_ID", "ORDER", "TYPE", "WIDTH", "DECIMAL", "COL_WIDTH", "INCLUDE_IN_QUERY") VALUES (22, 25, 'Ind Allowed Allocation Methods', to_date('2011-04-12 14:08:45', 'yyyy-mm-dd hh24:mi:ss'), 'PWRPLANT', 27, 'VarChar2', 2, 0, null, 0) ; 
INSERT INTO "CR_ELEMENTS_FIELDS" ("ELEMENT_ID", "FIELD_ID", "DESCRIPTION", "TIME_STAMP", "USER_ID", "ORDER", "TYPE", "WIDTH", "DECIMAL", "COL_WIDTH", "INCLUDE_IN_QUERY") VALUES (22, 26, 'Indicator Rcrding Cns Qyties', to_date('2011-04-12 14:08:45', 'yyyy-mm-dd hh24:mi:ss'), 'PWRPLANT', 28, 'VarChar2', 1, 0, null, 1) ; 
INSERT INTO "CR_ELEMENTS_FIELDS" ("ELEMENT_ID", "FIELD_ID", "DESCRIPTION", "TIME_STAMP", "USER_ID", "ORDER", "TYPE", "WIDTH", "DECIMAL", "COL_WIDTH", "INCLUDE_IN_QUERY") VALUES (22, 27, 'Department', to_date('2011-04-12 14:08:45', 'yyyy-mm-dd hh24:mi:ss'), 'PWRPLANT', 29, 'VarChar2', 12, 0, null, 1) ; 
INSERT INTO "CR_ELEMENTS_FIELDS" ("ELEMENT_ID", "FIELD_ID", "DESCRIPTION", "TIME_STAMP", "USER_ID", "ORDER", "TYPE", "WIDTH", "DECIMAL", "COL_WIDTH", "INCLUDE_IN_QUERY") VALUES (22, 28, 'Name1', to_date('2011-04-12 14:08:45', 'yyyy-mm-dd hh24:mi:ss'), 'PWRPLANT', 30, 'VarChar2', 35, 0, null, 1) ; 
INSERT INTO "CR_ELEMENTS_FIELDS" ("ELEMENT_ID", "FIELD_ID", "DESCRIPTION", "TIME_STAMP", "USER_ID", "ORDER", "TYPE", "WIDTH", "DECIMAL", "COL_WIDTH", "INCLUDE_IN_QUERY") VALUES (22, 29, 'Language Key', to_date('2011-04-12 14:08:45', 'yyyy-mm-dd hh24:mi:ss'), 'PWRPLANT', 31, 'VarChar2', 1, 0, null, 1) ; 
INSERT INTO "CR_ELEMENTS_FIELDS" ("ELEMENT_ID", "FIELD_ID", "DESCRIPTION", "TIME_STAMP", "USER_ID", "ORDER", "TYPE", "WIDTH", "DECIMAL", "COL_WIDTH", "INCLUDE_IN_QUERY") VALUES (22, 30, 'Cost Collector Key', to_date('2011-04-12 14:08:45', 'yyyy-mm-dd hh24:mi:ss'), 'PWRPLANT', 32, 'VarChar2', 23, 0, null, 0) ; 
INSERT INTO "CR_ELEMENTS_FIELDS" ("ELEMENT_ID", "FIELD_ID", "DESCRIPTION", "TIME_STAMP", "USER_ID", "ORDER", "TYPE", "WIDTH", "DECIMAL", "COL_WIDTH", "INCLUDE_IN_QUERY") VALUES (22, 31, 'Indicator Statistical Object', to_date('2011-04-12 14:08:45', 'yyyy-mm-dd hh24:mi:ss'), 'PWRPLANT', 33, 'VarChar2', 1, 0, null, 0) ; 
INSERT INTO "CR_ELEMENTS_FIELDS" ("ELEMENT_ID", "FIELD_ID", "DESCRIPTION", "TIME_STAMP", "USER_ID", "ORDER", "TYPE", "WIDTH", "DECIMAL", "COL_WIDTH", "INCLUDE_IN_QUERY") VALUES (22, 32, 'Object Number', to_date('2011-04-12 14:08:45', 'yyyy-mm-dd hh24:mi:ss'), 'PWRPLANT', 34, 'VarChar2', 22, 0, null, 1) ; 
INSERT INTO "CR_ELEMENTS_FIELDS" ("ELEMENT_ID", "FIELD_ID", "DESCRIPTION", "TIME_STAMP", "USER_ID", "ORDER", "TYPE", "WIDTH", "DECIMAL", "COL_WIDTH", "INCLUDE_IN_QUERY") VALUES (22, 33, 'Cost Center Function', to_date('2011-04-12 14:08:45', 'yyyy-mm-dd hh24:mi:ss'), 'PWRPLANT', 35, 'VarChar2', 3, 0, null, 0) ; 
INSERT INTO "CR_ELEMENTS_FIELDS" ("ELEMENT_ID", "FIELD_ID", "DESCRIPTION", "TIME_STAMP", "USER_ID", "ORDER", "TYPE", "WIDTH", "DECIMAL", "COL_WIDTH", "INCLUDE_IN_QUERY") VALUES (22, 34, 'Company', to_date('2011-03-16 13:58:13', 'yyyy-mm-dd hh24:mi:ss'), 'PWRPLANT', 9, 'VarChar2', 4, 0, null, 1) ; 
INSERT INTO "CR_ELEMENTS_FIELDS" ("ELEMENT_ID", "FIELD_ID", "DESCRIPTION", "TIME_STAMP", "USER_ID", "ORDER", "TYPE", "WIDTH", "DECIMAL", "COL_WIDTH", "INCLUDE_IN_QUERY") VALUES (22, 35, 'Account', to_date('2011-04-12 14:08:45', 'yyyy-mm-dd hh24:mi:ss'), 'PWRPLANT', 36, 'VarChar2', 10, 0, null, 1) ; 
INSERT INTO "CR_ELEMENTS_FIELDS" ("ELEMENT_ID", "FIELD_ID", "DESCRIPTION", "TIME_STAMP", "USER_ID", "ORDER", "TYPE", "WIDTH", "DECIMAL", "COL_WIDTH", "INCLUDE_IN_QUERY") VALUES (22, 36, 'Cost Center Area', to_date('2011-04-12 14:08:45', 'yyyy-mm-dd hh24:mi:ss'), 'PWRPLANT', 11, 'VarChar2', 12, 0, null, null) ; 
INSERT INTO "CR_ELEMENTS_FIELDS" ("ELEMENT_ID", "FIELD_ID", "DESCRIPTION", "TIME_STAMP", "USER_ID", "ORDER", "TYPE", "WIDTH", "DECIMAL", "COL_WIDTH", "INCLUDE_IN_QUERY") VALUES (23, 1, 'partner_object', to_date('2011-07-28 16:45:49', 'yyyy-mm-dd hh24:mi:ss'), 'PWRPLANT', 1, 'VarChar2', 12, 0, 0, 0) ; 
INSERT INTO "CR_ELEMENTS_FIELDS" ("ELEMENT_ID", "FIELD_ID", "DESCRIPTION", "TIME_STAMP", "USER_ID", "ORDER", "TYPE", "WIDTH", "DECIMAL", "COL_WIDTH", "INCLUDE_IN_QUERY") VALUES (23, 2, 'Description', to_date('2011-07-28 16:45:49', 'yyyy-mm-dd hh24:mi:ss'), 'PWRPLANT', 2, 'VarChar2', 254, 0, 0, 1) ; 
INSERT INTO "CR_ELEMENTS_FIELDS" ("ELEMENT_ID", "FIELD_ID", "DESCRIPTION", "TIME_STAMP", "USER_ID", "ORDER", "TYPE", "WIDTH", "DECIMAL", "COL_WIDTH", "INCLUDE_IN_QUERY") VALUES (23, 3, 'Budget Value', to_date('2011-07-28 16:45:49', 'yyyy-mm-dd hh24:mi:ss'), 'PWRPLANT', 3, 'VarChar2', 12, 0, 0, 0) ; 
INSERT INTO "CR_ELEMENTS_FIELDS" ("ELEMENT_ID", "FIELD_ID", "DESCRIPTION", "TIME_STAMP", "USER_ID", "ORDER", "TYPE", "WIDTH", "DECIMAL", "COL_WIDTH", "INCLUDE_IN_QUERY") VALUES (23, 4, 'Budgeting Value', to_date('2011-07-28 16:45:49', 'yyyy-mm-dd hh24:mi:ss'), 'PWRPLANT', 4, 'VarChar2', 12, 0, 0, 0) ; 
INSERT INTO "CR_ELEMENTS_FIELDS" ("ELEMENT_ID", "FIELD_ID", "DESCRIPTION", "TIME_STAMP", "USER_ID", "ORDER", "TYPE", "WIDTH", "DECIMAL", "COL_WIDTH", "INCLUDE_IN_QUERY") VALUES (23, 5, 'Element Type', to_date('2011-07-28 16:45:49', 'yyyy-mm-dd hh24:mi:ss'), 'PWRPLANT', 5, 'VarChar2', 35, 0, 0, 0) ; 
INSERT INTO "CR_ELEMENTS_FIELDS" ("ELEMENT_ID", "FIELD_ID", "DESCRIPTION", "TIME_STAMP", "USER_ID", "ORDER", "TYPE", "WIDTH", "DECIMAL", "COL_WIDTH", "INCLUDE_IN_QUERY") VALUES (23, 6, 'Labor Flag', to_date('2011-07-28 16:45:49', 'yyyy-mm-dd hh24:mi:ss'), 'PWRPLANT', 6, 'VarChar2', 2, 0, 0, 0) ; 
INSERT INTO "CR_ELEMENTS_FIELDS" ("ELEMENT_ID", "FIELD_ID", "DESCRIPTION", "TIME_STAMP", "USER_ID", "ORDER", "TYPE", "WIDTH", "DECIMAL", "COL_WIDTH", "INCLUDE_IN_QUERY") VALUES (23, 7, 'Validation Status ID', to_date('2011-07-28 16:45:49', 'yyyy-mm-dd hh24:mi:ss'), 'PWRPLANT', 7, 'Number', 1, 0, 0, 0) ; 
INSERT INTO "CR_ELEMENTS_FIELDS" ("ELEMENT_ID", "FIELD_ID", "DESCRIPTION", "TIME_STAMP", "USER_ID", "ORDER", "TYPE", "WIDTH", "DECIMAL", "COL_WIDTH", "INCLUDE_IN_QUERY") VALUES (23, 8, 'Effective Month Number', to_date('2011-07-28 16:45:49', 'yyyy-mm-dd hh24:mi:ss'), 'PWRPLANT', 8, 'Number', 6, 0, 0, 0) ; 
INSERT INTO "CR_ELEMENTS_FIELDS" ("ELEMENT_ID", "FIELD_ID", "DESCRIPTION", "TIME_STAMP", "USER_ID", "ORDER", "TYPE", "WIDTH", "DECIMAL", "COL_WIDTH", "INCLUDE_IN_QUERY") VALUES (23, 9, 'Company', to_date('2011-07-28 16:46:19', 'yyyy-mm-dd hh24:mi:ss'), 'PWRPLANT', 9, 'VarChar2', 4, 0, 0, 0) ; 


INSERT INTO "CR_ELEMENTS_FIELDS" ("ELEMENT_ID", "FIELD_ID", "DESCRIPTION", "TIME_STAMP", "USER_ID", "ORDER", "TYPE", "WIDTH", "DECIMAL", "COL_WIDTH", "INCLUDE_IN_QUERY") VALUES (24,1,'segment',TO_TIMESTAMP('20-07-2011 11:30:36','DD-MM-YYYY HH24:MI:SS'),'PWRPLANT',1,'VarChar2',10,0,NULL,0);
INSERT INTO "CR_ELEMENTS_FIELDS" ("ELEMENT_ID", "FIELD_ID", "DESCRIPTION", "TIME_STAMP", "USER_ID", "ORDER", "TYPE", "WIDTH", "DECIMAL", "COL_WIDTH", "INCLUDE_IN_QUERY") VALUES (24,2,'Description',TO_TIMESTAMP('20-07-2011 11:30:36','DD-MM-YYYY HH24:MI:SS'),'PWRPLANT',2,'VarChar2',254,0,NULL,0);
INSERT INTO "CR_ELEMENTS_FIELDS" ("ELEMENT_ID", "FIELD_ID", "DESCRIPTION", "TIME_STAMP", "USER_ID", "ORDER", "TYPE", "WIDTH", "DECIMAL", "COL_WIDTH", "INCLUDE_IN_QUERY") VALUES (24,3,'Budget Value',TO_TIMESTAMP('20-07-2011 11:30:36','DD-MM-YYYY HH24:MI:SS'),'PWRPLANT',3,'VarChar2',10,0,NULL,0);
INSERT INTO "CR_ELEMENTS_FIELDS" ("ELEMENT_ID", "FIELD_ID", "DESCRIPTION", "TIME_STAMP", "USER_ID", "ORDER", "TYPE", "WIDTH", "DECIMAL", "COL_WIDTH", "INCLUDE_IN_QUERY") VALUES (24,4,'Budgeting Value',TO_TIMESTAMP('20-07-2011 11:30:36','DD-MM-YYYY HH24:MI:SS'),'PWRPLANT',4,'VarChar2',10,0,NULL,0);
INSERT INTO "CR_ELEMENTS_FIELDS" ("ELEMENT_ID", "FIELD_ID", "DESCRIPTION", "TIME_STAMP", "USER_ID", "ORDER", "TYPE", "WIDTH", "DECIMAL", "COL_WIDTH", "INCLUDE_IN_QUERY") VALUES (24,5,'Element Type',TO_TIMESTAMP('20-07-2011 11:30:36','DD-MM-YYYY HH24:MI:SS'),'PWRPLANT',5,'VarChar2',35,0,NULL,0);
INSERT INTO "CR_ELEMENTS_FIELDS" ("ELEMENT_ID", "FIELD_ID", "DESCRIPTION", "TIME_STAMP", "USER_ID", "ORDER", "TYPE", "WIDTH", "DECIMAL", "COL_WIDTH", "INCLUDE_IN_QUERY") VALUES (24,6,'Labor Flag',TO_TIMESTAMP('20-07-2011 11:30:36','DD-MM-YYYY HH24:MI:SS'),'PWRPLANT',6,'VarChar2',2,0,NULL,0);
INSERT INTO "CR_ELEMENTS_FIELDS" ("ELEMENT_ID", "FIELD_ID", "DESCRIPTION", "TIME_STAMP", "USER_ID", "ORDER", "TYPE", "WIDTH", "DECIMAL", "COL_WIDTH", "INCLUDE_IN_QUERY") VALUES (24,7,'Validation Status ID',TO_TIMESTAMP('20-07-2011 11:30:36','DD-MM-YYYY HH24:MI:SS'),'PWRPLANT',7,'Number',1,0,NULL,0);
INSERT INTO "CR_ELEMENTS_FIELDS" ("ELEMENT_ID", "FIELD_ID", "DESCRIPTION", "TIME_STAMP", "USER_ID", "ORDER", "TYPE", "WIDTH", "DECIMAL", "COL_WIDTH", "INCLUDE_IN_QUERY") VALUES (24,8,'Effective Month Number',TO_TIMESTAMP('20-07-2011 11:30:36','DD-MM-YYYY HH24:MI:SS'),'PWRPLANT',8,'Number',6,0,NULL,0);
--INSERT INTO "CR_ELEMENTS_FIELDS" ("ELEMENT_ID", "FIELD_ID", "DESCRIPTION", "TIME_STAMP", "USER_ID", "ORDER", "TYPE", "WIDTH", "DECIMAL", "COL_WIDTH", "INCLUDE_IN_QUERY") VALUES (24,9,'Company',to_date('2011-04-06 08:51:33', 'yyyy-mm-dd hh24:mi:ss'),'PWRPLANT',9,'VarChar2',4,0,null,null); 


/*
||===============================================================================================================
||
||  SOURCES:
||
||===============================================================================================================
*/
-- CR SOURCES
INSERT INTO "CR_SOURCES" ("SOURCE_ID", "DESCRIPTION", "TABLE_EXISTS", "CREATE_TABLE", "FILENAME", "LOGFILE", "TABLE_NAME", "GL_SOURCE_NAME", "GL_JOURNAL_CATEGORY", "BATCH_ID_COLUMN", "VIEW_NAME", "SHORT_ARCHIVE_TABLE_NAME", "ARCHIVE_TABLE_NAME", "STORAGE_PARAMETERS") VALUES (1, 'Allocations', 1, 0, null, null, 'CR_ALLOCATIONS', null, null, 'interface_batch_id', 'CR_ALLOCATIONS', 'ARCCR_ALLOCATION', 'ARCCR_ALLOCATIONS', null) ; 
INSERT INTO "CR_SOURCES" ("SOURCE_ID", "DESCRIPTION", "TABLE_EXISTS", "CREATE_TABLE", "FILENAME", "LOGFILE", "TABLE_NAME", "GL_SOURCE_NAME", "GL_JOURNAL_CATEGORY", "BATCH_ID_COLUMN", "VIEW_NAME", "SHORT_ARCHIVE_TABLE_NAME", "ARCHIVE_TABLE_NAME", "STORAGE_PARAMETERS") VALUES (2, 'Allocations-TEST', 1, 0, null, null, 'CR_ALLOCATIONS_TEST', null, null, 'interface_batch_id', 'CR_ALLOCATIONS_TEST', 'ARCCR_ALLOCATION', 'ARCCR_ALLOCATIONS_TEST', null) ; 
INSERT INTO "CR_SOURCES" ("SOURCE_ID", "DESCRIPTION", "TABLE_EXISTS", "CREATE_TABLE", "FILENAME", "LOGFILE", "TABLE_NAME", "GL_SOURCE_NAME", "GL_JOURNAL_CATEGORY", "BATCH_ID_COLUMN", "VIEW_NAME", "SHORT_ARCHIVE_TABLE_NAME", "ARCHIVE_TABLE_NAME", "STORAGE_PARAMETERS") VALUES (3, 'Inter-Company', 1, 0, null, null, 'CR_INTER_COMPANY', null, null, 'interface_batch_id', 'CR_INTER_COMPANY', 'ARCCR_INTER_COMP', 'ARCCR_INTER_COMPANY', null) ; 
INSERT INTO "CR_SOURCES" ("SOURCE_ID", "DESCRIPTION", "TABLE_EXISTS", "CREATE_TABLE", "FILENAME", "LOGFILE", "TABLE_NAME", "GL_SOURCE_NAME", "GL_JOURNAL_CATEGORY", "BATCH_ID_COLUMN", "VIEW_NAME", "SHORT_ARCHIVE_TABLE_NAME", "ARCHIVE_TABLE_NAME", "STORAGE_PARAMETERS") VALUES (4, 'Inter-Company-TEST', 1, 0, null, null, 'CR_INTER_COMPANY_TEST', null, null, 'interface_batch_id', 'CR_INTER_COMPANY_TEST', 'ARCCR_INTER_COMP', 'ARCCR_INTER_COMPANY_TEST', null) ; 
INSERT INTO "CR_SOURCES" ("SOURCE_ID", "DESCRIPTION", "TABLE_EXISTS", "CREATE_TABLE", "FILENAME", "LOGFILE", "TABLE_NAME", "GL_SOURCE_NAME", "GL_JOURNAL_CATEGORY", "BATCH_ID_COLUMN", "VIEW_NAME", "SHORT_ARCHIVE_TABLE_NAME", "ARCHIVE_TABLE_NAME", "STORAGE_PARAMETERS") VALUES (5, 'Journal Lines', 1, 0, null, null, 'CR_JOURNAL_LINES', null, null, 'interface_batch_id', 'CR_JOURNAL_LINES', 'ARCCR_JOURNAL_LI', 'ARCCR_JOURNAL_LINES', null) ; 
INSERT INTO "CR_SOURCES" ("SOURCE_ID", "DESCRIPTION", "TABLE_EXISTS", "CREATE_TABLE", "FILENAME", "LOGFILE", "TABLE_NAME", "GL_SOURCE_NAME", "GL_JOURNAL_CATEGORY", "BATCH_ID_COLUMN", "VIEW_NAME", "SHORT_ARCHIVE_TABLE_NAME", "ARCHIVE_TABLE_NAME", "STORAGE_PARAMETERS") VALUES (6, 'PowerPlant', 1, 0, null, null, 'CR_POWERPLANT', null, null, 'interface_batch_id', 'CR_POWERPLANT', 'ARCCR_POWERPLANT', 'ARCCR_POWERPLANT', null) ; 
INSERT INTO "CR_SOURCES" ("SOURCE_ID", "DESCRIPTION", "TABLE_EXISTS", "CREATE_TABLE", "FILENAME", "LOGFILE", "TABLE_NAME", "GL_SOURCE_NAME", "GL_JOURNAL_CATEGORY", "BATCH_ID_COLUMN", "VIEW_NAME", "SHORT_ARCHIVE_TABLE_NAME", "ARCHIVE_TABLE_NAME", "STORAGE_PARAMETERS") VALUES (7, 'Reversals-Manual', 1, 0, null, null, 'CR_REVERSALS_MANUAL', null, null, 'interface_batch_id', 'CR_REVERSALS_MANUAL', 'ARCCR_REVERSALS_', 'ARCCR_REVERSALS_MANUAL', null) ; 
INSERT INTO "CR_SOURCES" ("SOURCE_ID", "DESCRIPTION", "TABLE_EXISTS", "CREATE_TABLE", "FILENAME", "LOGFILE", "TABLE_NAME", "GL_SOURCE_NAME", "GL_JOURNAL_CATEGORY", "BATCH_ID_COLUMN", "VIEW_NAME", "SHORT_ARCHIVE_TABLE_NAME", "ARCHIVE_TABLE_NAME", "STORAGE_PARAMETERS") VALUES (8, 'Accounts Payable', 1, 0, null, null, 'CR_ACCOUNTS_PAYABLE', null, null, 'interface_batch_id', 'CR_ACCOUNTS_PAYABLE', 'ARCCR_ACCOUNTS_P', 'ARCCR_ACCOUNTS_PAYABLE', null) ; 
INSERT INTO "CR_SOURCES" ("SOURCE_ID", "DESCRIPTION", "TABLE_EXISTS", "CREATE_TABLE", "FILENAME", "LOGFILE", "TABLE_NAME", "GL_SOURCE_NAME", "GL_JOURNAL_CATEGORY", "BATCH_ID_COLUMN", "VIEW_NAME", "SHORT_ARCHIVE_TABLE_NAME", "ARCHIVE_TABLE_NAME", "STORAGE_PARAMETERS") VALUES (9, 'Accounts Receivable', 1, 0, null, null, 'CR_ACCOUNTS_RECEIVABLE', null, null, 'interface_batch_id', 'CR_ACCOUNTS_RECEIVABLE', 'ARCCR_ACCOUNTS_R', 'ARCCR_ACCOUNTS_RECEIVABLE', null) ; 
INSERT INTO "CR_SOURCES" ("SOURCE_ID", "DESCRIPTION", "TABLE_EXISTS", "CREATE_TABLE", "FILENAME", "LOGFILE", "TABLE_NAME", "GL_SOURCE_NAME", "GL_JOURNAL_CATEGORY", "BATCH_ID_COLUMN", "VIEW_NAME", "SHORT_ARCHIVE_TABLE_NAME", "ARCHIVE_TABLE_NAME", "STORAGE_PARAMETERS") VALUES (10, 'Labor', 1, 0, null, null, 'CR_LABOR', null, null, 'interface_batch_id', 'CR_LABOR', 'ARCCR_LABOR', 'ARCCR_LABOR', null) ; 
INSERT INTO "CR_SOURCES" ("SOURCE_ID", "DESCRIPTION", "TABLE_EXISTS", "CREATE_TABLE", "FILENAME", "LOGFILE", "TABLE_NAME", "GL_SOURCE_NAME", "GL_JOURNAL_CATEGORY", "BATCH_ID_COLUMN", "VIEW_NAME", "SHORT_ARCHIVE_TABLE_NAME", "ARCHIVE_TABLE_NAME", "STORAGE_PARAMETERS") VALUES (11, 'SAP Trueup', 1, 0, null, null, 'CR_SAP_TRUEUP', null, null, 'interface_batch_id', 'CR_SAP_TRUEUP', 'ARCCR_SAP_TRUEUP', 'ARCCR_SAP_TRUEUP', null) ; 
INSERT INTO "CR_SOURCES" ("SOURCE_ID", "DESCRIPTION", "TABLE_EXISTS", "CREATE_TABLE", "FILENAME", "LOGFILE", "TABLE_NAME", "GL_SOURCE_NAME", "GL_JOURNAL_CATEGORY", "BATCH_ID_COLUMN", "VIEW_NAME", "SHORT_ARCHIVE_TABLE_NAME", "ARCHIVE_TABLE_NAME", "STORAGE_PARAMETERS") VALUES (12, 'General Ledger', 1, 0, null, null, 'CR_GENERAL_LEDGER', null, null, 'interface_batch_id', 'CR_GENERAL_LEDGER', 'ARCCR_GENERAL_LE', 'ARCCR_GENERAL_LEDGER', null) ; 
INSERT INTO "CR_SOURCES" ("SOURCE_ID", "DESCRIPTION", "TABLE_EXISTS", "CREATE_TABLE", "FILENAME", "LOGFILE", "TABLE_NAME", "GL_SOURCE_NAME", "GL_JOURNAL_CATEGORY", "BATCH_ID_COLUMN", "VIEW_NAME", "SHORT_ARCHIVE_TABLE_NAME", "ARCHIVE_TABLE_NAME", "STORAGE_PARAMETERS") VALUES (13, 'Inventory', 1, 0, null, null, 'CR_INVENTORY', null, null, 'interface_batch_id', 'CR_INVENTORY', 'ARCCR_INVENTORY', 'ARCCR_INVENTORY', null) ; 
INSERT INTO "CR_SOURCES" ("SOURCE_ID", "DESCRIPTION", "TABLE_EXISTS", "CREATE_TABLE", "FILENAME", "LOGFILE", "TABLE_NAME", "GL_SOURCE_NAME", "GL_JOURNAL_CATEGORY", "BATCH_ID_COLUMN", "VIEW_NAME", "SHORT_ARCHIVE_TABLE_NAME", "ARCHIVE_TABLE_NAME", "STORAGE_PARAMETERS") VALUES (14, 'PowerTax', 1, 0, null, null, 'CR_POWERTAX', null, null, 'interface_batch_id', 'CR_POWERTAX', 'ARCCR_POWERTAX', 'ARCCR_POWERTAX', null) ; 

-- CR SOURCES FIELDS
INSERT INTO "CR_SOURCES_FIELDS" ("SOURCE_ID", "FIELD_ID", "DESCRIPTION", "TIME_STAMP", "USER_ID", "ORDER", "TYPE", "WIDTH", "DECIMAL", "COL_WIDTH", "COLUMN_DESCRIPTION", "AMOUNT_FIELD", "QUANTITY_FIELD", "FORMAT_OVERRIDE") VALUES (1, 1, 'Interface Batch Id', to_date('2011-03-15 11:03:51', 'yyyy-mm-dd hh24:mi:ss'), 'PWRPLANT', 5, 'VarChar2', 35, 0, null, null, 0, 0, null) ; 
INSERT INTO "CR_SOURCES_FIELDS" ("SOURCE_ID", "FIELD_ID", "DESCRIPTION", "TIME_STAMP", "USER_ID", "ORDER", "TYPE", "WIDTH", "DECIMAL", "COL_WIDTH", "COLUMN_DESCRIPTION", "AMOUNT_FIELD", "QUANTITY_FIELD", "FORMAT_OVERRIDE") VALUES (1, 2, 'Allocation Id', to_date('2011-03-15 11:03:51', 'yyyy-mm-dd hh24:mi:ss'), 'PWRPLANT', 1, 'Number', 22, 0, null, null, 0, 0, null) ; 
INSERT INTO "CR_SOURCES_FIELDS" ("SOURCE_ID", "FIELD_ID", "DESCRIPTION", "TIME_STAMP", "USER_ID", "ORDER", "TYPE", "WIDTH", "DECIMAL", "COL_WIDTH", "COLUMN_DESCRIPTION", "AMOUNT_FIELD", "QUANTITY_FIELD", "FORMAT_OVERRIDE") VALUES (1, 3, 'Target Credit', to_date('2011-03-15 11:03:51', 'yyyy-mm-dd hh24:mi:ss'), 'PWRPLANT', 2, 'VarChar2', 6, 0, null, null, 0, 0, null) ; 
INSERT INTO "CR_SOURCES_FIELDS" ("SOURCE_ID", "FIELD_ID", "DESCRIPTION", "TIME_STAMP", "USER_ID", "ORDER", "TYPE", "WIDTH", "DECIMAL", "COL_WIDTH", "COLUMN_DESCRIPTION", "AMOUNT_FIELD", "QUANTITY_FIELD", "FORMAT_OVERRIDE") VALUES (1, 4, 'Reversal Id', to_date('2011-03-15 11:03:51', 'yyyy-mm-dd hh24:mi:ss'), 'PWRPLANT', 3, 'Number', 22, 0, null, null, 0, 0, null) ; 
INSERT INTO "CR_SOURCES_FIELDS" ("SOURCE_ID", "FIELD_ID", "DESCRIPTION", "TIME_STAMP", "USER_ID", "ORDER", "TYPE", "WIDTH", "DECIMAL", "COL_WIDTH", "COLUMN_DESCRIPTION", "AMOUNT_FIELD", "QUANTITY_FIELD", "FORMAT_OVERRIDE") VALUES (1, 5, 'Cross Charge Company', to_date('2011-03-15 11:03:51', 'yyyy-mm-dd hh24:mi:ss'), 'PWRPLANT', 4, 'VarChar2', 35, 0, null, null, 0, 0, null) ; 
INSERT INTO "CR_SOURCES_FIELDS" ("SOURCE_ID", "FIELD_ID", "DESCRIPTION", "TIME_STAMP", "USER_ID", "ORDER", "TYPE", "WIDTH", "DECIMAL", "COL_WIDTH", "COLUMN_DESCRIPTION", "AMOUNT_FIELD", "QUANTITY_FIELD", "FORMAT_OVERRIDE") VALUES (1, 6, 'Allocation Rate', to_date('2011-03-15 11:03:53', 'yyyy-mm-dd hh24:mi:ss'), 'PWRPLANT', 6, 'Number', 22, 8, null, null, null, null, null) ; 
INSERT INTO "CR_SOURCES_FIELDS" ("SOURCE_ID", "FIELD_ID", "DESCRIPTION", "TIME_STAMP", "USER_ID", "ORDER", "TYPE", "WIDTH", "DECIMAL", "COL_WIDTH", "COLUMN_DESCRIPTION", "AMOUNT_FIELD", "QUANTITY_FIELD", "FORMAT_OVERRIDE") VALUES (2, 1, 'Interface Batch ID', to_date('2011-03-15 11:03:51', 'yyyy-mm-dd hh24:mi:ss'), 'PWRPLANT', 5, 'VarChar2', 35, 0, null, null, 0, 0, null) ; 
INSERT INTO "CR_SOURCES_FIELDS" ("SOURCE_ID", "FIELD_ID", "DESCRIPTION", "TIME_STAMP", "USER_ID", "ORDER", "TYPE", "WIDTH", "DECIMAL", "COL_WIDTH", "COLUMN_DESCRIPTION", "AMOUNT_FIELD", "QUANTITY_FIELD", "FORMAT_OVERRIDE") VALUES (2, 2, 'Allocation Id', to_date('2011-03-15 11:03:51', 'yyyy-mm-dd hh24:mi:ss'), 'PWRPLANT', 1, 'Number', 22, 0, null, null, 0, 0, null) ; 
INSERT INTO "CR_SOURCES_FIELDS" ("SOURCE_ID", "FIELD_ID", "DESCRIPTION", "TIME_STAMP", "USER_ID", "ORDER", "TYPE", "WIDTH", "DECIMAL", "COL_WIDTH", "COLUMN_DESCRIPTION", "AMOUNT_FIELD", "QUANTITY_FIELD", "FORMAT_OVERRIDE") VALUES (2, 3, 'Target Credit', to_date('2011-03-15 11:03:51', 'yyyy-mm-dd hh24:mi:ss'), 'PWRPLANT', 2, 'VarChar2', 6, 0, null, null, 0, 0, null) ; 
INSERT INTO "CR_SOURCES_FIELDS" ("SOURCE_ID", "FIELD_ID", "DESCRIPTION", "TIME_STAMP", "USER_ID", "ORDER", "TYPE", "WIDTH", "DECIMAL", "COL_WIDTH", "COLUMN_DESCRIPTION", "AMOUNT_FIELD", "QUANTITY_FIELD", "FORMAT_OVERRIDE") VALUES (2, 4, 'Reversal Id', to_date('2011-03-15 11:03:51', 'yyyy-mm-dd hh24:mi:ss'), 'PWRPLANT', 3, 'Number', 22, 0, null, null, 0, 0, null) ; 
INSERT INTO "CR_SOURCES_FIELDS" ("SOURCE_ID", "FIELD_ID", "DESCRIPTION", "TIME_STAMP", "USER_ID", "ORDER", "TYPE", "WIDTH", "DECIMAL", "COL_WIDTH", "COLUMN_DESCRIPTION", "AMOUNT_FIELD", "QUANTITY_FIELD", "FORMAT_OVERRIDE") VALUES (2, 5, 'Cross Charge Company', to_date('2011-03-15 11:03:51', 'yyyy-mm-dd hh24:mi:ss'), 'PWRPLANT', 4, 'VarChar2', 35, 0, null, null, 0, 0, null) ; 
INSERT INTO "CR_SOURCES_FIELDS" ("SOURCE_ID", "FIELD_ID", "DESCRIPTION", "TIME_STAMP", "USER_ID", "ORDER", "TYPE", "WIDTH", "DECIMAL", "COL_WIDTH", "COLUMN_DESCRIPTION", "AMOUNT_FIELD", "QUANTITY_FIELD", "FORMAT_OVERRIDE") VALUES (2, 6, 'Allocation Rate', to_date('2011-03-15 11:03:53', 'yyyy-mm-dd hh24:mi:ss'), 'PWRPLANT', 6, 'Number', 22, 8, null, null, null, null, null) ; 
INSERT INTO "CR_SOURCES_FIELDS" ("SOURCE_ID", "FIELD_ID", "DESCRIPTION", "TIME_STAMP", "USER_ID", "ORDER", "TYPE", "WIDTH", "DECIMAL", "COL_WIDTH", "COLUMN_DESCRIPTION", "AMOUNT_FIELD", "QUANTITY_FIELD", "FORMAT_OVERRIDE") VALUES (3, 1, 'Interface Batch ID', to_date('2011-03-15 11:03:51', 'yyyy-mm-dd hh24:mi:ss'), 'PWRPLANT', 5, 'VarChar2', 35, 0, null, null, 0, 0, null) ; 
INSERT INTO "CR_SOURCES_FIELDS" ("SOURCE_ID", "FIELD_ID", "DESCRIPTION", "TIME_STAMP", "USER_ID", "ORDER", "TYPE", "WIDTH", "DECIMAL", "COL_WIDTH", "COLUMN_DESCRIPTION", "AMOUNT_FIELD", "QUANTITY_FIELD", "FORMAT_OVERRIDE") VALUES (3, 2, 'Allocation Id', to_date('2011-03-15 11:03:51', 'yyyy-mm-dd hh24:mi:ss'), 'PWRPLANT', 1, 'Number', 22, 0, null, null, 0, 0, null) ; 
INSERT INTO "CR_SOURCES_FIELDS" ("SOURCE_ID", "FIELD_ID", "DESCRIPTION", "TIME_STAMP", "USER_ID", "ORDER", "TYPE", "WIDTH", "DECIMAL", "COL_WIDTH", "COLUMN_DESCRIPTION", "AMOUNT_FIELD", "QUANTITY_FIELD", "FORMAT_OVERRIDE") VALUES (3, 3, 'Target Credit', to_date('2011-03-15 11:03:51', 'yyyy-mm-dd hh24:mi:ss'), 'PWRPLANT', 2, 'VarChar2', 6, 0, null, null, 0, 0, null) ; 
INSERT INTO "CR_SOURCES_FIELDS" ("SOURCE_ID", "FIELD_ID", "DESCRIPTION", "TIME_STAMP", "USER_ID", "ORDER", "TYPE", "WIDTH", "DECIMAL", "COL_WIDTH", "COLUMN_DESCRIPTION", "AMOUNT_FIELD", "QUANTITY_FIELD", "FORMAT_OVERRIDE") VALUES (3, 4, 'Reversal Id', to_date('2011-03-15 11:03:51', 'yyyy-mm-dd hh24:mi:ss'), 'PWRPLANT', 3, 'Number', 22, 0, null, null, 0, 0, null) ; 
INSERT INTO "CR_SOURCES_FIELDS" ("SOURCE_ID", "FIELD_ID", "DESCRIPTION", "TIME_STAMP", "USER_ID", "ORDER", "TYPE", "WIDTH", "DECIMAL", "COL_WIDTH", "COLUMN_DESCRIPTION", "AMOUNT_FIELD", "QUANTITY_FIELD", "FORMAT_OVERRIDE") VALUES (3, 5, 'Cross Charge Company', to_date('2011-03-15 11:03:51', 'yyyy-mm-dd hh24:mi:ss'), 'PWRPLANT', 4, 'VarChar2', 35, 0, null, null, 0, 0, null) ; 
INSERT INTO "CR_SOURCES_FIELDS" ("SOURCE_ID", "FIELD_ID", "DESCRIPTION", "TIME_STAMP", "USER_ID", "ORDER", "TYPE", "WIDTH", "DECIMAL", "COL_WIDTH", "COLUMN_DESCRIPTION", "AMOUNT_FIELD", "QUANTITY_FIELD", "FORMAT_OVERRIDE") VALUES (3, 6, 'Allocation Rate', to_date('2011-03-15 11:03:53', 'yyyy-mm-dd hh24:mi:ss'), 'PWRPLANT', 6, 'Number', 22, 8, null, null, null, null, null) ; 
INSERT INTO "CR_SOURCES_FIELDS" ("SOURCE_ID", "FIELD_ID", "DESCRIPTION", "TIME_STAMP", "USER_ID", "ORDER", "TYPE", "WIDTH", "DECIMAL", "COL_WIDTH", "COLUMN_DESCRIPTION", "AMOUNT_FIELD", "QUANTITY_FIELD", "FORMAT_OVERRIDE") VALUES (4, 1, 'Interface Batch ID', to_date('2011-03-15 11:03:51', 'yyyy-mm-dd hh24:mi:ss'), 'PWRPLANT', 5, 'VarChar2', 35, 0, null, null, 0, 0, null) ; 
INSERT INTO "CR_SOURCES_FIELDS" ("SOURCE_ID", "FIELD_ID", "DESCRIPTION", "TIME_STAMP", "USER_ID", "ORDER", "TYPE", "WIDTH", "DECIMAL", "COL_WIDTH", "COLUMN_DESCRIPTION", "AMOUNT_FIELD", "QUANTITY_FIELD", "FORMAT_OVERRIDE") VALUES (4, 2, 'Allocation Id', to_date('2011-03-15 11:03:51', 'yyyy-mm-dd hh24:mi:ss'), 'PWRPLANT', 1, 'Number', 22, 0, null, null, 0, 0, null) ; 
INSERT INTO "CR_SOURCES_FIELDS" ("SOURCE_ID", "FIELD_ID", "DESCRIPTION", "TIME_STAMP", "USER_ID", "ORDER", "TYPE", "WIDTH", "DECIMAL", "COL_WIDTH", "COLUMN_DESCRIPTION", "AMOUNT_FIELD", "QUANTITY_FIELD", "FORMAT_OVERRIDE") VALUES (4, 3, 'Target Credit', to_date('2011-03-15 11:03:51', 'yyyy-mm-dd hh24:mi:ss'), 'PWRPLANT', 2, 'VarChar2', 6, 0, null, null, 0, 0, null) ; 
INSERT INTO "CR_SOURCES_FIELDS" ("SOURCE_ID", "FIELD_ID", "DESCRIPTION", "TIME_STAMP", "USER_ID", "ORDER", "TYPE", "WIDTH", "DECIMAL", "COL_WIDTH", "COLUMN_DESCRIPTION", "AMOUNT_FIELD", "QUANTITY_FIELD", "FORMAT_OVERRIDE") VALUES (4, 4, 'Reversal Id', to_date('2011-03-15 11:03:51', 'yyyy-mm-dd hh24:mi:ss'), 'PWRPLANT', 3, 'Number', 22, 0, null, null, 0, 0, null) ; 
INSERT INTO "CR_SOURCES_FIELDS" ("SOURCE_ID", "FIELD_ID", "DESCRIPTION", "TIME_STAMP", "USER_ID", "ORDER", "TYPE", "WIDTH", "DECIMAL", "COL_WIDTH", "COLUMN_DESCRIPTION", "AMOUNT_FIELD", "QUANTITY_FIELD", "FORMAT_OVERRIDE") VALUES (4, 5, 'Cross Charge Company', to_date('2011-03-15 11:03:51', 'yyyy-mm-dd hh24:mi:ss'), 'PWRPLANT', 4, 'VarChar2', 35, 0, null, null, 0, 0, null) ; 
INSERT INTO "CR_SOURCES_FIELDS" ("SOURCE_ID", "FIELD_ID", "DESCRIPTION", "TIME_STAMP", "USER_ID", "ORDER", "TYPE", "WIDTH", "DECIMAL", "COL_WIDTH", "COLUMN_DESCRIPTION", "AMOUNT_FIELD", "QUANTITY_FIELD", "FORMAT_OVERRIDE") VALUES (4, 6, 'Allocation Rate', to_date('2011-03-15 11:03:53', 'yyyy-mm-dd hh24:mi:ss'), 'PWRPLANT', 6, 'Number', 22, 8, null, null, null, null, null) ; 
INSERT INTO "CR_SOURCES_FIELDS" ("SOURCE_ID", "FIELD_ID", "DESCRIPTION", "TIME_STAMP", "USER_ID", "ORDER", "TYPE", "WIDTH", "DECIMAL", "COL_WIDTH", "COLUMN_DESCRIPTION", "AMOUNT_FIELD", "QUANTITY_FIELD", "FORMAT_OVERRIDE") VALUES (5, 1, 'Line Description', to_date('2011-03-15 11:03:51', 'yyyy-mm-dd hh24:mi:ss'), 'PWRPLANT', 1, 'VarChar2', 254, 0, null, null, 0, 0, null) ; 
INSERT INTO "CR_SOURCES_FIELDS" ("SOURCE_ID", "FIELD_ID", "DESCRIPTION", "TIME_STAMP", "USER_ID", "ORDER", "TYPE", "WIDTH", "DECIMAL", "COL_WIDTH", "COLUMN_DESCRIPTION", "AMOUNT_FIELD", "QUANTITY_FIELD", "FORMAT_OVERRIDE") VALUES (5, 2, 'Interface Batch ID', to_date('2011-03-15 11:03:51', 'yyyy-mm-dd hh24:mi:ss'), 'PWRPLANT', 4, 'VarChar2', 35, 0, null, null, 0, 0, null) ; 
INSERT INTO "CR_SOURCES_FIELDS" ("SOURCE_ID", "FIELD_ID", "DESCRIPTION", "TIME_STAMP", "USER_ID", "ORDER", "TYPE", "WIDTH", "DECIMAL", "COL_WIDTH", "COLUMN_DESCRIPTION", "AMOUNT_FIELD", "QUANTITY_FIELD", "FORMAT_OVERRIDE") VALUES (5, 3, 'Journal Id', to_date('2011-03-15 11:03:51', 'yyyy-mm-dd hh24:mi:ss'), 'PWRPLANT', 2, 'Number', 22, 0, null, null, 0, 0, null) ; 
INSERT INTO "CR_SOURCES_FIELDS" ("SOURCE_ID", "FIELD_ID", "DESCRIPTION", "TIME_STAMP", "USER_ID", "ORDER", "TYPE", "WIDTH", "DECIMAL", "COL_WIDTH", "COLUMN_DESCRIPTION", "AMOUNT_FIELD", "QUANTITY_FIELD", "FORMAT_OVERRIDE") VALUES (5, 4, 'CR Reversal Code', to_date('2011-03-15 11:03:51', 'yyyy-mm-dd hh24:mi:ss'), 'PWRPLANT', 3, 'VarChar2', 1, 0, null, null, 0, 0, null) ; 
INSERT INTO "CR_SOURCES_FIELDS" ("SOURCE_ID", "FIELD_ID", "DESCRIPTION", "TIME_STAMP", "USER_ID", "ORDER", "TYPE", "WIDTH", "DECIMAL", "COL_WIDTH", "COLUMN_DESCRIPTION", "AMOUNT_FIELD", "QUANTITY_FIELD", "FORMAT_OVERRIDE") VALUES (6, 1, 'Interface Batch Id', to_date('2011-03-15 11:03:51', 'yyyy-mm-dd hh24:mi:ss'), 'PWRPLANT', 4, 'VarChar2', 35, 0, null, null, 0, 0, null) ; 
INSERT INTO "CR_SOURCES_FIELDS" ("SOURCE_ID", "FIELD_ID", "DESCRIPTION", "TIME_STAMP", "USER_ID", "ORDER", "TYPE", "WIDTH", "DECIMAL", "COL_WIDTH", "COLUMN_DESCRIPTION", "AMOUNT_FIELD", "QUANTITY_FIELD", "FORMAT_OVERRIDE") VALUES (6, 2, 'GL Trans ID', to_date('2011-03-15 11:03:51', 'yyyy-mm-dd hh24:mi:ss'), 'PWRPLANT', 2, 'Number', 22, 0, null, null, 0, 0, null) ; 
INSERT INTO "CR_SOURCES_FIELDS" ("SOURCE_ID", "FIELD_ID", "DESCRIPTION", "TIME_STAMP", "USER_ID", "ORDER", "TYPE", "WIDTH", "DECIMAL", "COL_WIDTH", "COLUMN_DESCRIPTION", "AMOUNT_FIELD", "QUANTITY_FIELD", "FORMAT_OVERRIDE") VALUES (6, 3, 'Description', to_date('2011-03-15 11:03:51', 'yyyy-mm-dd hh24:mi:ss'), 'PWRPLANT', 1, 'VarChar2', 254, 0, null, null, 0, 0, null) ; 
INSERT INTO "CR_SOURCES_FIELDS" ("SOURCE_ID", "FIELD_ID", "DESCRIPTION", "TIME_STAMP", "USER_ID", "ORDER", "TYPE", "WIDTH", "DECIMAL", "COL_WIDTH", "COLUMN_DESCRIPTION", "AMOUNT_FIELD", "QUANTITY_FIELD", "FORMAT_OVERRIDE") VALUES (6, 4, 'Source', to_date('2011-03-15 11:03:51', 'yyyy-mm-dd hh24:mi:ss'), 'PWRPLANT', 3, 'VarChar2', 35, 0, null, null, 0, 0, null) ; 
INSERT INTO "CR_SOURCES_FIELDS" ("SOURCE_ID", "FIELD_ID", "DESCRIPTION", "TIME_STAMP", "USER_ID", "ORDER", "TYPE", "WIDTH", "DECIMAL", "COL_WIDTH", "COLUMN_DESCRIPTION", "AMOUNT_FIELD", "QUANTITY_FIELD", "FORMAT_OVERRIDE") VALUES (6, 5, 'Tax Orig Month Number', to_date('2011-03-15 15:10:02', 'yyyy-mm-dd hh24:mi:ss'), 'PWRPLANT', 5, 'Number', 22, 0, null, null, 0, 0, null) ; 
INSERT INTO "CR_SOURCES_FIELDS" ("SOURCE_ID", "FIELD_ID", "DESCRIPTION", "TIME_STAMP", "USER_ID", "ORDER", "TYPE", "WIDTH", "DECIMAL", "COL_WIDTH", "COLUMN_DESCRIPTION", "AMOUNT_FIELD", "QUANTITY_FIELD", "FORMAT_OVERRIDE") VALUES (6, 6, 'Je Method Id', to_date('2011-03-29 13:59:05', 'yyyy-mm-dd hh24:mi:ss'), 'PWRPLANT', 6, 'Number', 22, 0, null, null, 0, 0, null) ; 
INSERT INTO "CR_SOURCES_FIELDS" ("SOURCE_ID", "FIELD_ID", "DESCRIPTION", "TIME_STAMP", "USER_ID", "ORDER", "TYPE", "WIDTH", "DECIMAL", "COL_WIDTH", "COLUMN_DESCRIPTION", "AMOUNT_FIELD", "QUANTITY_FIELD", "FORMAT_OVERRIDE") VALUES (6, 7, 'Reimbursable Status', to_date('2011-03-29 13:59:05', 'yyyy-mm-dd hh24:mi:ss'), 'PWRPLANT', 5, 'VarChar2', 10, 0, null, null, 0, 0, null) ; 
INSERT INTO "CR_SOURCES_FIELDS" ("SOURCE_ID", "FIELD_ID", "DESCRIPTION", "TIME_STAMP", "USER_ID", "ORDER", "TYPE", "WIDTH", "DECIMAL", "COL_WIDTH", "COLUMN_DESCRIPTION", "AMOUNT_FIELD", "QUANTITY_FIELD", "FORMAT_OVERRIDE") VALUES (7, 1, 'Interface Batch Id', to_date('2011-03-15 11:03:51', 'yyyy-mm-dd hh24:mi:ss'), 'PWRPLANT', 5, 'VarChar2', 35, 0, null, null, 0, 0, null) ; 
INSERT INTO "CR_SOURCES_FIELDS" ("SOURCE_ID", "FIELD_ID", "DESCRIPTION", "TIME_STAMP", "USER_ID", "ORDER", "TYPE", "WIDTH", "DECIMAL", "COL_WIDTH", "COLUMN_DESCRIPTION", "AMOUNT_FIELD", "QUANTITY_FIELD", "FORMAT_OVERRIDE") VALUES (7, 2, 'Allocation Id', to_date('2011-03-15 11:03:51', 'yyyy-mm-dd hh24:mi:ss'), 'PWRPLANT', 1, 'Number', 22, 0, null, null, 0, 0, null) ; 
INSERT INTO "CR_SOURCES_FIELDS" ("SOURCE_ID", "FIELD_ID", "DESCRIPTION", "TIME_STAMP", "USER_ID", "ORDER", "TYPE", "WIDTH", "DECIMAL", "COL_WIDTH", "COLUMN_DESCRIPTION", "AMOUNT_FIELD", "QUANTITY_FIELD", "FORMAT_OVERRIDE") VALUES (7, 3, 'Target Credit', to_date('2011-03-15 11:03:51', 'yyyy-mm-dd hh24:mi:ss'), 'PWRPLANT', 2, 'VarChar2', 6, 0, null, null, 0, 0, null) ; 
INSERT INTO "CR_SOURCES_FIELDS" ("SOURCE_ID", "FIELD_ID", "DESCRIPTION", "TIME_STAMP", "USER_ID", "ORDER", "TYPE", "WIDTH", "DECIMAL", "COL_WIDTH", "COLUMN_DESCRIPTION", "AMOUNT_FIELD", "QUANTITY_FIELD", "FORMAT_OVERRIDE") VALUES (7, 4, 'Reversal Id', to_date('2011-03-15 11:03:51', 'yyyy-mm-dd hh24:mi:ss'), 'PWRPLANT', 3, 'Number', 22, 0, null, null, 0, 0, null) ; 
INSERT INTO "CR_SOURCES_FIELDS" ("SOURCE_ID", "FIELD_ID", "DESCRIPTION", "TIME_STAMP", "USER_ID", "ORDER", "TYPE", "WIDTH", "DECIMAL", "COL_WIDTH", "COLUMN_DESCRIPTION", "AMOUNT_FIELD", "QUANTITY_FIELD", "FORMAT_OVERRIDE") VALUES (7, 5, 'Cross Charge Company', to_date('2011-03-15 11:03:51', 'yyyy-mm-dd hh24:mi:ss'), 'PWRPLANT', 4, 'VarChar2', 35, 0, null, null, 0, 0, null) ; 
INSERT INTO "CR_SOURCES_FIELDS" ("SOURCE_ID", "FIELD_ID", "DESCRIPTION", "TIME_STAMP", "USER_ID", "ORDER", "TYPE", "WIDTH", "DECIMAL", "COL_WIDTH", "COLUMN_DESCRIPTION", "AMOUNT_FIELD", "QUANTITY_FIELD", "FORMAT_OVERRIDE") VALUES (8, 1, 'Document Number', to_date('2011-03-16 11:43:30', 'yyyy-mm-dd hh24:mi:ss'), 'PWRPLANT', 1, 'VarChar2', 10, 0, null, null, 0, 0, null) ; 
INSERT INTO "CR_SOURCES_FIELDS" ("SOURCE_ID", "FIELD_ID", "DESCRIPTION", "TIME_STAMP", "USER_ID", "ORDER", "TYPE", "WIDTH", "DECIMAL", "COL_WIDTH", "COLUMN_DESCRIPTION", "AMOUNT_FIELD", "QUANTITY_FIELD", "FORMAT_OVERRIDE") VALUES (8, 2, 'Document Text', to_date('2011-03-29 14:03:21', 'yyyy-mm-dd hh24:mi:ss'), 'PWRPLANT', 3, 'VarChar2', 50, 0, null, null, 0, 0, null) ; 
INSERT INTO "CR_SOURCES_FIELDS" ("SOURCE_ID", "FIELD_ID", "DESCRIPTION", "TIME_STAMP", "USER_ID", "ORDER", "TYPE", "WIDTH", "DECIMAL", "COL_WIDTH", "COLUMN_DESCRIPTION", "AMOUNT_FIELD", "QUANTITY_FIELD", "FORMAT_OVERRIDE") VALUES (8, 3, 'Document Date', to_date('2011-03-29 14:03:21', 'yyyy-mm-dd hh24:mi:ss'), 'PWRPLANT', 4, 'VarChar2', 10, 0, null, null, 0, 0, null) ; 
INSERT INTO "CR_SOURCES_FIELDS" ("SOURCE_ID", "FIELD_ID", "DESCRIPTION", "TIME_STAMP", "USER_ID", "ORDER", "TYPE", "WIDTH", "DECIMAL", "COL_WIDTH", "COLUMN_DESCRIPTION", "AMOUNT_FIELD", "QUANTITY_FIELD", "FORMAT_OVERRIDE") VALUES (8, 4, 'Posting Date', to_date('2011-03-29 14:03:21', 'yyyy-mm-dd hh24:mi:ss'), 'PWRPLANT', 5, 'VarChar2', 10, 0, null, null, 0, 0, null) ; 
INSERT INTO "CR_SOURCES_FIELDS" ("SOURCE_ID", "FIELD_ID", "DESCRIPTION", "TIME_STAMP", "USER_ID", "ORDER", "TYPE", "WIDTH", "DECIMAL", "COL_WIDTH", "COLUMN_DESCRIPTION", "AMOUNT_FIELD", "QUANTITY_FIELD", "FORMAT_OVERRIDE") VALUES (8, 6, 'Purchasing Document', to_date('2011-03-16 11:43:30', 'yyyy-mm-dd hh24:mi:ss'), 'PWRPLANT', 6, 'VarChar2', 10, 0, null, null, 0, 0, null) ; 
INSERT INTO "CR_SOURCES_FIELDS" ("SOURCE_ID", "FIELD_ID", "DESCRIPTION", "TIME_STAMP", "USER_ID", "ORDER", "TYPE", "WIDTH", "DECIMAL", "COL_WIDTH", "COLUMN_DESCRIPTION", "AMOUNT_FIELD", "QUANTITY_FIELD", "FORMAT_OVERRIDE") VALUES (8, 7, 'PO Item Number', to_date('2011-03-16 11:43:30', 'yyyy-mm-dd hh24:mi:ss'), 'PWRPLANT', 7, 'VarChar2', 5, 0, null, null, 0, 0, null) ; 
INSERT INTO "CR_SOURCES_FIELDS" ("SOURCE_ID", "FIELD_ID", "DESCRIPTION", "TIME_STAMP", "USER_ID", "ORDER", "TYPE", "WIDTH", "DECIMAL", "COL_WIDTH", "COLUMN_DESCRIPTION", "AMOUNT_FIELD", "QUANTITY_FIELD", "FORMAT_OVERRIDE") VALUES (8, 8, 'PO Item Text', to_date('2011-03-16 11:43:30', 'yyyy-mm-dd hh24:mi:ss'), 'PWRPLANT', 8, 'VarChar2', 40, 0, null, null, 0, 0, null) ; 
INSERT INTO "CR_SOURCES_FIELDS" ("SOURCE_ID", "FIELD_ID", "DESCRIPTION", "TIME_STAMP", "USER_ID", "ORDER", "TYPE", "WIDTH", "DECIMAL", "COL_WIDTH", "COLUMN_DESCRIPTION", "AMOUNT_FIELD", "QUANTITY_FIELD", "FORMAT_OVERRIDE") VALUES (8, 9, 'Vendor', to_date('2011-03-16 11:43:30', 'yyyy-mm-dd hh24:mi:ss'), 'PWRPLANT', 9, 'VarChar2', 10, 0, null, null, 0, 0, null) ; 
INSERT INTO "CR_SOURCES_FIELDS" ("SOURCE_ID", "FIELD_ID", "DESCRIPTION", "TIME_STAMP", "USER_ID", "ORDER", "TYPE", "WIDTH", "DECIMAL", "COL_WIDTH", "COLUMN_DESCRIPTION", "AMOUNT_FIELD", "QUANTITY_FIELD", "FORMAT_OVERRIDE") VALUES (8, 10, 'Invoice Number', to_date('2011-03-29 14:03:21', 'yyyy-mm-dd hh24:mi:ss'), 'PWRPLANT', 11, 'VarChar2', 16, 0, null, null, 0, 0, null) ; 
INSERT INTO "CR_SOURCES_FIELDS" ("SOURCE_ID", "FIELD_ID", "DESCRIPTION", "TIME_STAMP", "USER_ID", "ORDER", "TYPE", "WIDTH", "DECIMAL", "COL_WIDTH", "COLUMN_DESCRIPTION", "AMOUNT_FIELD", "QUANTITY_FIELD", "FORMAT_OVERRIDE") VALUES (8, 11, 'PO Tax Indicator', to_date('2011-03-29 14:03:21', 'yyyy-mm-dd hh24:mi:ss'), 'PWRPLANT', 12, 'VarChar2', 2, 0, null, null, 0, 0, null) ; 
INSERT INTO "CR_SOURCES_FIELDS" ("SOURCE_ID", "FIELD_ID", "DESCRIPTION", "TIME_STAMP", "USER_ID", "ORDER", "TYPE", "WIDTH", "DECIMAL", "COL_WIDTH", "COLUMN_DESCRIPTION", "AMOUNT_FIELD", "QUANTITY_FIELD", "FORMAT_OVERRIDE") VALUES (8, 12, 'Material Number', to_date('2011-03-29 14:03:21', 'yyyy-mm-dd hh24:mi:ss'), 'PWRPLANT', 13, 'VarChar2', 18, 0, null, null, 0, 0, null) ; 
INSERT INTO "CR_SOURCES_FIELDS" ("SOURCE_ID", "FIELD_ID", "DESCRIPTION", "TIME_STAMP", "USER_ID", "ORDER", "TYPE", "WIDTH", "DECIMAL", "COL_WIDTH", "COLUMN_DESCRIPTION", "AMOUNT_FIELD", "QUANTITY_FIELD", "FORMAT_OVERRIDE") VALUES (8, 13, 'Material Description', to_date('2011-03-16 11:43:30', 'yyyy-mm-dd hh24:mi:ss'), 'PWRPLANT', 13, 'VarChar2', 40, 0, null, null, 0, 0, null) ; 
INSERT INTO "CR_SOURCES_FIELDS" ("SOURCE_ID", "FIELD_ID", "DESCRIPTION", "TIME_STAMP", "USER_ID", "ORDER", "TYPE", "WIDTH", "DECIMAL", "COL_WIDTH", "COLUMN_DESCRIPTION", "AMOUNT_FIELD", "QUANTITY_FIELD", "FORMAT_OVERRIDE") VALUES (8, 14, 'Interface Batch Id', to_date('2011-03-29 14:03:40', 'yyyy-mm-dd hh24:mi:ss'), 'PWRPLANT', 33, 'VarChar2', 35, 0, null, null, 0, 0, null) ; 
INSERT INTO "CR_SOURCES_FIELDS" ("SOURCE_ID", "FIELD_ID", "DESCRIPTION", "TIME_STAMP", "USER_ID", "ORDER", "TYPE", "WIDTH", "DECIMAL", "COL_WIDTH", "COLUMN_DESCRIPTION", "AMOUNT_FIELD", "QUANTITY_FIELD", "FORMAT_OVERRIDE") VALUES (8, 15, 'CR Txn Type', to_date('2011-03-29 14:03:40', 'yyyy-mm-dd hh24:mi:ss'), 'PWRPLANT', 27, 'VarChar2', 10, 0, null, null, 0, 0, null) ; 
INSERT INTO "CR_SOURCES_FIELDS" ("SOURCE_ID", "FIELD_ID", "DESCRIPTION", "TIME_STAMP", "USER_ID", "ORDER", "TYPE", "WIDTH", "DECIMAL", "COL_WIDTH", "COLUMN_DESCRIPTION", "AMOUNT_FIELD", "QUANTITY_FIELD", "FORMAT_OVERRIDE") VALUES (8, 16, 'CR Derivation Rate', to_date('2011-03-29 14:03:21', 'yyyy-mm-dd hh24:mi:ss'), 'PWRPLANT', 28, 'Number', 22, 8, null, null, 0, 0, null) ; 
INSERT INTO "CR_SOURCES_FIELDS" ("SOURCE_ID", "FIELD_ID", "DESCRIPTION", "TIME_STAMP", "USER_ID", "ORDER", "TYPE", "WIDTH", "DECIMAL", "COL_WIDTH", "COLUMN_DESCRIPTION", "AMOUNT_FIELD", "QUANTITY_FIELD", "FORMAT_OVERRIDE") VALUES (8, 17, 'CR Derivation ID', to_date('2011-03-29 14:03:21', 'yyyy-mm-dd hh24:mi:ss'), 'PWRPLANT', 29, 'Number', 22, 0, null, null, 0, 0, null) ; 
INSERT INTO "CR_SOURCES_FIELDS" ("SOURCE_ID", "FIELD_ID", "DESCRIPTION", "TIME_STAMP", "USER_ID", "ORDER", "TYPE", "WIDTH", "DECIMAL", "COL_WIDTH", "COLUMN_DESCRIPTION", "AMOUNT_FIELD", "QUANTITY_FIELD", "FORMAT_OVERRIDE") VALUES (8, 18, 'CR Derivation Rollup', to_date('2011-03-29 14:03:21', 'yyyy-mm-dd hh24:mi:ss'), 'PWRPLANT', 30, 'VarChar2', 35, 0, null, null, 0, 0, null) ; 
INSERT INTO "CR_SOURCES_FIELDS" ("SOURCE_ID", "FIELD_ID", "DESCRIPTION", "TIME_STAMP", "USER_ID", "ORDER", "TYPE", "WIDTH", "DECIMAL", "COL_WIDTH", "COLUMN_DESCRIPTION", "AMOUNT_FIELD", "QUANTITY_FIELD", "FORMAT_OVERRIDE") VALUES (8, 19, 'CR Derivation Status', to_date('2011-03-29 14:03:21', 'yyyy-mm-dd hh24:mi:ss'), 'PWRPLANT', 31, 'Varchar2', 35, 0, null, null, 0, 0, null) ; 
INSERT INTO "CR_SOURCES_FIELDS" ("SOURCE_ID", "FIELD_ID", "DESCRIPTION", "TIME_STAMP", "USER_ID", "ORDER", "TYPE", "WIDTH", "DECIMAL", "COL_WIDTH", "COLUMN_DESCRIPTION", "AMOUNT_FIELD", "QUANTITY_FIELD", "FORMAT_OVERRIDE") VALUES (8, 20, 'CR Derivation Type', to_date('2011-03-29 14:03:21', 'yyyy-mm-dd hh24:mi:ss'), 'PWRPLANT', 32, 'Varchar2', 35, 0, null, null, 0, 0, null) ; 
INSERT INTO "CR_SOURCES_FIELDS" ("SOURCE_ID", "FIELD_ID", "DESCRIPTION", "TIME_STAMP", "USER_ID", "ORDER", "TYPE", "WIDTH", "DECIMAL", "COL_WIDTH", "COLUMN_DESCRIPTION", "AMOUNT_FIELD", "QUANTITY_FIELD", "FORMAT_OVERRIDE") VALUES (8, 21, 'Vendor Name', to_date('2011-03-29 14:03:21', 'yyyy-mm-dd hh24:mi:ss'), 'PWRPLANT', 10, 'VarChar2', 35, 0, null, null, 0, 0, null) ; 
INSERT INTO "CR_SOURCES_FIELDS" ("SOURCE_ID", "FIELD_ID", "DESCRIPTION", "TIME_STAMP", "USER_ID", "ORDER", "TYPE", "WIDTH", "DECIMAL", "COL_WIDTH", "COLUMN_DESCRIPTION", "AMOUNT_FIELD", "QUANTITY_FIELD", "FORMAT_OVERRIDE") VALUES (8, 22, 'SAP Name', to_date('2011-03-29 14:03:21', 'yyyy-mm-dd hh24:mi:ss'), 'PWRPLANT', 14, 'VarChar2', 50, 0, null, null, 0, 0, null) ; 
INSERT INTO "CR_SOURCES_FIELDS" ("SOURCE_ID", "FIELD_ID", "DESCRIPTION", "TIME_STAMP", "USER_ID", "ORDER", "TYPE", "WIDTH", "DECIMAL", "COL_WIDTH", "COLUMN_DESCRIPTION", "AMOUNT_FIELD", "QUANTITY_FIELD", "FORMAT_OVERRIDE") VALUES (8, 23, 'SAP User', to_date('2011-03-29 14:03:21', 'yyyy-mm-dd hh24:mi:ss'), 'PWRPLANT', 15, 'VarChar2', 15, 0, null, null, 0, 0, null) ; 
INSERT INTO "CR_SOURCES_FIELDS" ("SOURCE_ID", "FIELD_ID", "DESCRIPTION", "TIME_STAMP", "USER_ID", "ORDER", "TYPE", "WIDTH", "DECIMAL", "COL_WIDTH", "COLUMN_DESCRIPTION", "AMOUNT_FIELD", "QUANTITY_FIELD", "FORMAT_OVERRIDE") VALUES (8, 24, 'Partner Activity', to_date('2011-03-29 14:03:21', 'yyyy-mm-dd hh24:mi:ss'), 'PWRPLANT', 16, 'VarChar2', 6, 0, null, null, 0, 0, null) ; 
INSERT INTO "CR_SOURCES_FIELDS" ("SOURCE_ID", "FIELD_ID", "DESCRIPTION", "TIME_STAMP", "USER_ID", "ORDER", "TYPE", "WIDTH", "DECIMAL", "COL_WIDTH", "COLUMN_DESCRIPTION", "AMOUNT_FIELD", "QUANTITY_FIELD", "FORMAT_OVERRIDE") VALUES (8, 25, 'Source Object', to_date('2011-03-29 14:03:21', 'yyyy-mm-dd hh24:mi:ss'), 'PWRPLANT', 17, 'VarChar2', 22, 0, null, null, 0, 0, null) ; 
INSERT INTO "CR_SOURCES_FIELDS" ("SOURCE_ID", "FIELD_ID", "DESCRIPTION", "TIME_STAMP", "USER_ID", "ORDER", "TYPE", "WIDTH", "DECIMAL", "COL_WIDTH", "COLUMN_DESCRIPTION", "AMOUNT_FIELD", "QUANTITY_FIELD", "FORMAT_OVERRIDE") VALUES (8, 26, 'Source Object Name', to_date('2011-03-29 14:03:21', 'yyyy-mm-dd hh24:mi:ss'), 'PWRPLANT', 18, 'VarChar2', 60, 0, null, null, 0, 0, null) ; 
INSERT INTO "CR_SOURCES_FIELDS" ("SOURCE_ID", "FIELD_ID", "DESCRIPTION", "TIME_STAMP", "USER_ID", "ORDER", "TYPE", "WIDTH", "DECIMAL", "COL_WIDTH", "COLUMN_DESCRIPTION", "AMOUNT_FIELD", "QUANTITY_FIELD", "FORMAT_OVERRIDE") VALUES (8, 28, 'Line Number', to_date('2011-03-29 14:03:21', 'yyyy-mm-dd hh24:mi:ss'), 'PWRPLANT', 2, 'VarChar2', 3, 0, null, null, 0, 0, null) ; 
INSERT INTO "CR_SOURCES_FIELDS" ("SOURCE_ID", "FIELD_ID", "DESCRIPTION", "TIME_STAMP", "USER_ID", "ORDER", "TYPE", "WIDTH", "DECIMAL", "COL_WIDTH", "COLUMN_DESCRIPTION", "AMOUNT_FIELD", "QUANTITY_FIELD", "FORMAT_OVERRIDE") VALUES (8, 29, 'FI Doc Number', to_date('2011-03-29 14:03:21', 'yyyy-mm-dd hh24:mi:ss'), 'PWRPLANT', 20, 'VarChar2', 10, 0, null, null, 0, 0, null) ; 
INSERT INTO "CR_SOURCES_FIELDS" ("SOURCE_ID", "FIELD_ID", "DESCRIPTION", "TIME_STAMP", "USER_ID", "ORDER", "TYPE", "WIDTH", "DECIMAL", "COL_WIDTH", "COLUMN_DESCRIPTION", "AMOUNT_FIELD", "QUANTITY_FIELD", "FORMAT_OVERRIDE") VALUES (8, 30, 'Delivery Location', to_date('2011-03-29 14:03:21', 'yyyy-mm-dd hh24:mi:ss'), 'PWRPLANT', 21, 'VarChar2', 4, 0, null, null, 0, 0, null) ; 
INSERT INTO "CR_SOURCES_FIELDS" ("SOURCE_ID", "FIELD_ID", "DESCRIPTION", "TIME_STAMP", "USER_ID", "ORDER", "TYPE", "WIDTH", "DECIMAL", "COL_WIDTH", "COLUMN_DESCRIPTION", "AMOUNT_FIELD", "QUANTITY_FIELD", "FORMAT_OVERRIDE") VALUES (8, 31, 'Plant Location', to_date('2011-03-29 14:03:21', 'yyyy-mm-dd hh24:mi:ss'), 'PWRPLANT', 22, 'VarChar2', 4, 0, null, null, 0, 0, null) ; 
INSERT INTO "CR_SOURCES_FIELDS" ("SOURCE_ID", "FIELD_ID", "DESCRIPTION", "TIME_STAMP", "USER_ID", "ORDER", "TYPE", "WIDTH", "DECIMAL", "COL_WIDTH", "COLUMN_DESCRIPTION", "AMOUNT_FIELD", "QUANTITY_FIELD", "FORMAT_OVERRIDE") VALUES (8, 32, 'Invoice Date', to_date('2011-03-29 14:03:21', 'yyyy-mm-dd hh24:mi:ss'), 'PWRPLANT', 23, 'VarChar2', 8, 0, null, null, 0, 0, null) ; 
INSERT INTO "CR_SOURCES_FIELDS" ("SOURCE_ID", "FIELD_ID", "DESCRIPTION", "TIME_STAMP", "USER_ID", "ORDER", "TYPE", "WIDTH", "DECIMAL", "COL_WIDTH", "COLUMN_DESCRIPTION", "AMOUNT_FIELD", "QUANTITY_FIELD", "FORMAT_OVERRIDE") VALUES (8, 33, 'Account Assignment Code', to_date('2011-03-29 14:03:21', 'yyyy-mm-dd hh24:mi:ss'), 'PWRPLANT', 24, 'VarChar2', 30, 0, null, null, 0, 0, null) ; 
INSERT INTO "CR_SOURCES_FIELDS" ("SOURCE_ID", "FIELD_ID", "DESCRIPTION", "TIME_STAMP", "USER_ID", "ORDER", "TYPE", "WIDTH", "DECIMAL", "COL_WIDTH", "COLUMN_DESCRIPTION", "AMOUNT_FIELD", "QUANTITY_FIELD", "FORMAT_OVERRIDE") VALUES (8, 34, 'Valuation Class', to_date('2011-03-29 14:03:21', 'yyyy-mm-dd hh24:mi:ss'), 'PWRPLANT', 25, 'VarChar2', 4, 0, null, null, 0, 0, null) ; 
INSERT INTO "CR_SOURCES_FIELDS" ("SOURCE_ID", "FIELD_ID", "DESCRIPTION", "TIME_STAMP", "USER_ID", "ORDER", "TYPE", "WIDTH", "DECIMAL", "COL_WIDTH", "COLUMN_DESCRIPTION", "AMOUNT_FIELD", "QUANTITY_FIELD", "FORMAT_OVERRIDE") VALUES (8, 35, 'Reimbursable Status', to_date('2011-03-29 14:03:21', 'yyyy-mm-dd hh24:mi:ss'), 'PWRPLANT', 26, 'VarChar2', 10, 0, null, null, null, null, null) ; 
INSERT INTO "CR_SOURCES_FIELDS" ("SOURCE_ID", "FIELD_ID", "DESCRIPTION", "TIME_STAMP", "USER_ID", "ORDER", "TYPE", "WIDTH", "DECIMAL", "COL_WIDTH", "COLUMN_DESCRIPTION", "AMOUNT_FIELD", "QUANTITY_FIELD", "FORMAT_OVERRIDE") VALUES (9, 1, 'Document Number', to_date('2011-03-16 11:43:30', 'yyyy-mm-dd hh24:mi:ss'), 'PWRPLANT', 1, 'VarChar2', 10, 0, null, null, 0, 0, null) ; 
INSERT INTO "CR_SOURCES_FIELDS" ("SOURCE_ID", "FIELD_ID", "DESCRIPTION", "TIME_STAMP", "USER_ID", "ORDER", "TYPE", "WIDTH", "DECIMAL", "COL_WIDTH", "COLUMN_DESCRIPTION", "AMOUNT_FIELD", "QUANTITY_FIELD", "FORMAT_OVERRIDE") VALUES (9, 2, 'Document Text', to_date('2011-03-29 14:06:22', 'yyyy-mm-dd hh24:mi:ss'), 'PWRPLANT', 3, 'VarChar2', 50, 0, null, null, 0, 0, null) ; 
INSERT INTO "CR_SOURCES_FIELDS" ("SOURCE_ID", "FIELD_ID", "DESCRIPTION", "TIME_STAMP", "USER_ID", "ORDER", "TYPE", "WIDTH", "DECIMAL", "COL_WIDTH", "COLUMN_DESCRIPTION", "AMOUNT_FIELD", "QUANTITY_FIELD", "FORMAT_OVERRIDE") VALUES (9, 3, 'Document Date', to_date('2011-03-29 14:06:22', 'yyyy-mm-dd hh24:mi:ss'), 'PWRPLANT', 4, 'VarChar2', 10, 0, null, null, 0, 0, null) ; 
INSERT INTO "CR_SOURCES_FIELDS" ("SOURCE_ID", "FIELD_ID", "DESCRIPTION", "TIME_STAMP", "USER_ID", "ORDER", "TYPE", "WIDTH", "DECIMAL", "COL_WIDTH", "COLUMN_DESCRIPTION", "AMOUNT_FIELD", "QUANTITY_FIELD", "FORMAT_OVERRIDE") VALUES (9, 4, 'Posting Date', to_date('2011-03-29 14:06:22', 'yyyy-mm-dd hh24:mi:ss'), 'PWRPLANT', 5, 'VarChar2', 10, 0, null, null, 0, 0, null) ; 
INSERT INTO "CR_SOURCES_FIELDS" ("SOURCE_ID", "FIELD_ID", "DESCRIPTION", "TIME_STAMP", "USER_ID", "ORDER", "TYPE", "WIDTH", "DECIMAL", "COL_WIDTH", "COLUMN_DESCRIPTION", "AMOUNT_FIELD", "QUANTITY_FIELD", "FORMAT_OVERRIDE") VALUES (9, 5, 'Customer Number', to_date('2011-03-16 11:43:30', 'yyyy-mm-dd hh24:mi:ss'), 'PWRPLANT', 6, 'VarChar2', 10, 0, null, null, 0, 0, null) ; 
INSERT INTO "CR_SOURCES_FIELDS" ("SOURCE_ID", "FIELD_ID", "DESCRIPTION", "TIME_STAMP", "USER_ID", "ORDER", "TYPE", "WIDTH", "DECIMAL", "COL_WIDTH", "COLUMN_DESCRIPTION", "AMOUNT_FIELD", "QUANTITY_FIELD", "FORMAT_OVERRIDE") VALUES (9, 6, 'Customer Description', to_date('2011-03-16 11:43:30', 'yyyy-mm-dd hh24:mi:ss'), 'PWRPLANT', 7, 'VarChar2', 50, 0, null, null, 0, 0, null) ; 
INSERT INTO "CR_SOURCES_FIELDS" ("SOURCE_ID", "FIELD_ID", "DESCRIPTION", "TIME_STAMP", "USER_ID", "ORDER", "TYPE", "WIDTH", "DECIMAL", "COL_WIDTH", "COLUMN_DESCRIPTION", "AMOUNT_FIELD", "QUANTITY_FIELD", "FORMAT_OVERRIDE") VALUES (9, 7, 'Interface Batch Id', to_date('2011-03-29 14:06:22', 'yyyy-mm-dd hh24:mi:ss'), 'PWRPLANT', 24, 'VarChar2', 35, 0, null, null, 0, 0, null) ; 
INSERT INTO "CR_SOURCES_FIELDS" ("SOURCE_ID", "FIELD_ID", "DESCRIPTION", "TIME_STAMP", "USER_ID", "ORDER", "TYPE", "WIDTH", "DECIMAL", "COL_WIDTH", "COLUMN_DESCRIPTION", "AMOUNT_FIELD", "QUANTITY_FIELD", "FORMAT_OVERRIDE") VALUES (9, 8, 'CR Txn Type', to_date('2011-03-29 14:06:22', 'yyyy-mm-dd hh24:mi:ss'), 'PWRPLANT', 18, 'VarChar2', 10, 0, null, null, 0, 0, null) ; 
INSERT INTO "CR_SOURCES_FIELDS" ("SOURCE_ID", "FIELD_ID", "DESCRIPTION", "TIME_STAMP", "USER_ID", "ORDER", "TYPE", "WIDTH", "DECIMAL", "COL_WIDTH", "COLUMN_DESCRIPTION", "AMOUNT_FIELD", "QUANTITY_FIELD", "FORMAT_OVERRIDE") VALUES (9, 9, 'CR Derivation Rate', to_date('2011-03-29 14:06:22', 'yyyy-mm-dd hh24:mi:ss'), 'PWRPLANT', 19, 'Number', 22, 8, null, null, 0, 0, null) ; 
INSERT INTO "CR_SOURCES_FIELDS" ("SOURCE_ID", "FIELD_ID", "DESCRIPTION", "TIME_STAMP", "USER_ID", "ORDER", "TYPE", "WIDTH", "DECIMAL", "COL_WIDTH", "COLUMN_DESCRIPTION", "AMOUNT_FIELD", "QUANTITY_FIELD", "FORMAT_OVERRIDE") VALUES (9, 10, 'CR Derivation ID', to_date('2011-03-29 14:06:22', 'yyyy-mm-dd hh24:mi:ss'), 'PWRPLANT', 20, 'Number', 22, 0, null, null, 0, 0, null) ; 
INSERT INTO "CR_SOURCES_FIELDS" ("SOURCE_ID", "FIELD_ID", "DESCRIPTION", "TIME_STAMP", "USER_ID", "ORDER", "TYPE", "WIDTH", "DECIMAL", "COL_WIDTH", "COLUMN_DESCRIPTION", "AMOUNT_FIELD", "QUANTITY_FIELD", "FORMAT_OVERRIDE") VALUES (9, 11, 'CR Derivation Rollup', to_date('2011-03-29 14:06:22', 'yyyy-mm-dd hh24:mi:ss'), 'PWRPLANT', 21, 'VarChar2', 35, 0, null, null, 0, 0, null) ; 
INSERT INTO "CR_SOURCES_FIELDS" ("SOURCE_ID", "FIELD_ID", "DESCRIPTION", "TIME_STAMP", "USER_ID", "ORDER", "TYPE", "WIDTH", "DECIMAL", "COL_WIDTH", "COLUMN_DESCRIPTION", "AMOUNT_FIELD", "QUANTITY_FIELD", "FORMAT_OVERRIDE") VALUES (9, 12, 'CR Derivation Status', to_date('2011-03-29 14:06:22', 'yyyy-mm-dd hh24:mi:ss'), 'PWRPLANT', 22, 'Varchar2', 35, 0, null, null, 0, 0, null) ;
INSERT INTO "CR_SOURCES_FIELDS" ("SOURCE_ID", "FIELD_ID", "DESCRIPTION", "TIME_STAMP", "USER_ID", "ORDER", "TYPE", "WIDTH", "DECIMAL", "COL_WIDTH", "COLUMN_DESCRIPTION", "AMOUNT_FIELD", "QUANTITY_FIELD", "FORMAT_OVERRIDE") VALUES (9, 13, 'CR Derivation Type', to_date('2011-03-29 14:06:22', 'yyyy-mm-dd hh24:mi:ss'), 'PWRPLANT', 23, 'Varchar2', 35, 0, null, null, 0, 0, null) ; 
INSERT INTO "CR_SOURCES_FIELDS" ("SOURCE_ID", "FIELD_ID", "DESCRIPTION", "TIME_STAMP", "USER_ID", "ORDER", "TYPE", "WIDTH", "DECIMAL", "COL_WIDTH", "COLUMN_DESCRIPTION", "AMOUNT_FIELD", "QUANTITY_FIELD", "FORMAT_OVERRIDE") VALUES (9, 14, 'SAP Name', to_date('2011-03-29 14:06:23', 'yyyy-mm-dd hh24:mi:ss'), 'PWRPLANT', 8, 'VarChar2', 50, 0, null, null, 0, 0, null) ; 
INSERT INTO "CR_SOURCES_FIELDS" ("SOURCE_ID", "FIELD_ID", "DESCRIPTION", "TIME_STAMP", "USER_ID", "ORDER", "TYPE", "WIDTH", "DECIMAL", "COL_WIDTH", "COLUMN_DESCRIPTION", "AMOUNT_FIELD", "QUANTITY_FIELD", "FORMAT_OVERRIDE") VALUES (9, 15, 'SAP User', to_date('2011-03-29 14:06:23', 'yyyy-mm-dd hh24:mi:ss'), 'PWRPLANT', 9, 'VarChar2', 15, 0, null, null, 0, 0, null) ; 
INSERT INTO "CR_SOURCES_FIELDS" ("SOURCE_ID", "FIELD_ID", "DESCRIPTION", "TIME_STAMP", "USER_ID", "ORDER", "TYPE", "WIDTH", "DECIMAL", "COL_WIDTH", "COLUMN_DESCRIPTION", "AMOUNT_FIELD", "QUANTITY_FIELD", "FORMAT_OVERRIDE") VALUES (9, 16, 'Partner Activity', to_date('2011-03-29 14:06:23', 'yyyy-mm-dd hh24:mi:ss'), 'PWRPLANT', 10, 'VarChar2', 6, 0, null, null, 0, 0, null) ; 
INSERT INTO "CR_SOURCES_FIELDS" ("SOURCE_ID", "FIELD_ID", "DESCRIPTION", "TIME_STAMP", "USER_ID", "ORDER", "TYPE", "WIDTH", "DECIMAL", "COL_WIDTH", "COLUMN_DESCRIPTION", "AMOUNT_FIELD", "QUANTITY_FIELD", "FORMAT_OVERRIDE") VALUES (9, 17, 'Source Object', to_date('2011-03-29 14:06:23', 'yyyy-mm-dd hh24:mi:ss'), 'PWRPLANT', 11, 'VarChar2', 22, 0, null, null, 0, 0, null) ; 
INSERT INTO "CR_SOURCES_FIELDS" ("SOURCE_ID", "FIELD_ID", "DESCRIPTION", "TIME_STAMP", "USER_ID", "ORDER", "TYPE", "WIDTH", "DECIMAL", "COL_WIDTH", "COLUMN_DESCRIPTION", "AMOUNT_FIELD", "QUANTITY_FIELD", "FORMAT_OVERRIDE") VALUES (9, 18, 'Source Object Name', to_date('2011-03-29 14:06:23', 'yyyy-mm-dd hh24:mi:ss'), 'PWRPLANT', 12, 'VarChar2', 60, 0, null, null, 0, 0, null) ; 
INSERT INTO "CR_SOURCES_FIELDS" ("SOURCE_ID", "FIELD_ID", "DESCRIPTION", "TIME_STAMP", "USER_ID", "ORDER", "TYPE", "WIDTH", "DECIMAL", "COL_WIDTH", "COLUMN_DESCRIPTION", "AMOUNT_FIELD", "QUANTITY_FIELD", "FORMAT_OVERRIDE") VALUES (9, 19, 'Line Number', to_date('2011-03-29 14:06:23', 'yyyy-mm-dd hh24:mi:ss'), 'PWRPLANT', 2, 'VarChar2', 3, 0, null, null, 0, 0, null) ; 
INSERT INTO "CR_SOURCES_FIELDS" ("SOURCE_ID", "FIELD_ID", "DESCRIPTION", "TIME_STAMP", "USER_ID", "ORDER", "TYPE", "WIDTH", "DECIMAL", "COL_WIDTH", "COLUMN_DESCRIPTION", "AMOUNT_FIELD", "QUANTITY_FIELD", "FORMAT_OVERRIDE") VALUES (9, 20, 'FI Doc Number', to_date('2011-03-29 14:06:23', 'yyyy-mm-dd hh24:mi:ss'), 'PWRPLANT', 14, 'VarChar2', 10, 0, null, null, 0, 0, null) ;
INSERT INTO "CR_SOURCES_FIELDS" ("SOURCE_ID", "FIELD_ID", "DESCRIPTION", "TIME_STAMP", "USER_ID", "ORDER", "TYPE", "WIDTH", "DECIMAL", "COL_WIDTH", "COLUMN_DESCRIPTION", "AMOUNT_FIELD", "QUANTITY_FIELD", "FORMAT_OVERRIDE") VALUES (9, 21, 'PP Invoice Number', to_date('2011-03-29 14:06:23', 'yyyy-mm-dd hh24:mi:ss'), 'PWRPLANT', 15, 'VarChar2', 16, 0, null, null, 0, 0, null) ; 
INSERT INTO "CR_SOURCES_FIELDS" ("SOURCE_ID", "FIELD_ID", "DESCRIPTION", "TIME_STAMP", "USER_ID", "ORDER", "TYPE", "WIDTH", "DECIMAL", "COL_WIDTH", "COLUMN_DESCRIPTION", "AMOUNT_FIELD", "QUANTITY_FIELD", "FORMAT_OVERRIDE") VALUES (9, 22, 'Invoice Number', to_date('2011-03-29 14:06:23', 'yyyy-mm-dd hh24:mi:ss'), 'PWRPLANT', 16, 'VarChar2', 16, 0, null, null, 0, 0, null) ;  
INSERT INTO "CR_SOURCES_FIELDS" ("SOURCE_ID", "FIELD_ID", "DESCRIPTION", "TIME_STAMP", "USER_ID", "ORDER", "TYPE", "WIDTH", "DECIMAL", "COL_WIDTH", "COLUMN_DESCRIPTION", "AMOUNT_FIELD", "QUANTITY_FIELD", "FORMAT_OVERRIDE") VALUES (9, 23, 'Reimbursable Status', to_date('2011-03-29 14:06:23', 'yyyy-mm-dd hh24:mi:ss'), 'PWRPLANT', 17, 'VarChar2', 10, 0, null, null, null, null, null) ; 
INSERT INTO "CR_SOURCES_FIELDS" ("SOURCE_ID", "FIELD_ID", "DESCRIPTION", "TIME_STAMP", "USER_ID", "ORDER", "TYPE", "WIDTH", "DECIMAL", "COL_WIDTH", "COLUMN_DESCRIPTION", "AMOUNT_FIELD", "QUANTITY_FIELD", "FORMAT_OVERRIDE") VALUES (10, 1, 'Document Number', to_date('2011-03-16 11:43:30', 'yyyy-mm-dd hh24:mi:ss'), 'PWRPLANT', 1, 'VarChar2', 10, 0, null, null, 0, 0, null) ; 
INSERT INTO "CR_SOURCES_FIELDS" ("SOURCE_ID", "FIELD_ID", "DESCRIPTION", "TIME_STAMP", "USER_ID", "ORDER", "TYPE", "WIDTH", "DECIMAL", "COL_WIDTH", "COLUMN_DESCRIPTION", "AMOUNT_FIELD", "QUANTITY_FIELD", "FORMAT_OVERRIDE") VALUES (10, 2, 'Document Text', to_date('2011-03-29 14:08:18', 'yyyy-mm-dd hh24:mi:ss'), 'PWRPLANT', 3, 'VarChar2', 50, 0, null, null, 0, 0, null) ; 
INSERT INTO "CR_SOURCES_FIELDS" ("SOURCE_ID", "FIELD_ID", "DESCRIPTION", "TIME_STAMP", "USER_ID", "ORDER", "TYPE", "WIDTH", "DECIMAL", "COL_WIDTH", "COLUMN_DESCRIPTION", "AMOUNT_FIELD", "QUANTITY_FIELD", "FORMAT_OVERRIDE") VALUES (10, 3, 'Document Date', to_date('2011-03-29 14:08:18', 'yyyy-mm-dd hh24:mi:ss'), 'PWRPLANT', 4, 'VarChar2', 10, 0, null, null, 0, 0, null) ; 
INSERT INTO "CR_SOURCES_FIELDS" ("SOURCE_ID", "FIELD_ID", "DESCRIPTION", "TIME_STAMP", "USER_ID", "ORDER", "TYPE", "WIDTH", "DECIMAL", "COL_WIDTH", "COLUMN_DESCRIPTION", "AMOUNT_FIELD", "QUANTITY_FIELD", "FORMAT_OVERRIDE") VALUES (10, 4, 'Posting Date', to_date('2011-03-29 14:08:18', 'yyyy-mm-dd hh24:mi:ss'), 'PWRPLANT', 5, 'VarChar2', 10, 0, null, null, 0, 0, null) ; 
INSERT INTO "CR_SOURCES_FIELDS" ("SOURCE_ID", "FIELD_ID", "DESCRIPTION", "TIME_STAMP", "USER_ID", "ORDER", "TYPE", "WIDTH", "DECIMAL", "COL_WIDTH", "COLUMN_DESCRIPTION", "AMOUNT_FIELD", "QUANTITY_FIELD", "FORMAT_OVERRIDE") VALUES (10, 5, 'Interface Batch Id', to_date('2011-03-29 14:08:18', 'yyyy-mm-dd hh24:mi:ss'), 'PWRPLANT', 24, 'VarChar2', 35, 0, null, null, 0, 0, null) ; 
INSERT INTO "CR_SOURCES_FIELDS" ("SOURCE_ID", "FIELD_ID", "DESCRIPTION", "TIME_STAMP", "USER_ID", "ORDER", "TYPE", "WIDTH", "DECIMAL", "COL_WIDTH", "COLUMN_DESCRIPTION", "AMOUNT_FIELD", "QUANTITY_FIELD", "FORMAT_OVERRIDE") VALUES (10, 6, 'CR Txn Type', to_date('2011-03-29 14:08:18', 'yyyy-mm-dd hh24:mi:ss'), 'PWRPLANT', 18, 'VarChar2', 10, 0, null, null, 0, 0, null) ; 
INSERT INTO "CR_SOURCES_FIELDS" ("SOURCE_ID", "FIELD_ID", "DESCRIPTION", "TIME_STAMP", "USER_ID", "ORDER", "TYPE", "WIDTH", "DECIMAL", "COL_WIDTH", "COLUMN_DESCRIPTION", "AMOUNT_FIELD", "QUANTITY_FIELD", "FORMAT_OVERRIDE") VALUES (10, 7, 'CR Derivation Rate', to_date('2011-03-29 14:08:18', 'yyyy-mm-dd hh24:mi:ss'), 'PWRPLANT', 19, 'Number', 22, 8, null, null, 0, 0, null) ; 
INSERT INTO "CR_SOURCES_FIELDS" ("SOURCE_ID", "FIELD_ID", "DESCRIPTION", "TIME_STAMP", "USER_ID", "ORDER", "TYPE", "WIDTH", "DECIMAL", "COL_WIDTH", "COLUMN_DESCRIPTION", "AMOUNT_FIELD", "QUANTITY_FIELD", "FORMAT_OVERRIDE") VALUES (10, 8, 'CR Derivation ID', to_date('2011-03-29 14:08:18', 'yyyy-mm-dd hh24:mi:ss'), 'PWRPLANT', 20, 'Number', 22, 0, null, null, 0, 0, null) ; 
INSERT INTO "CR_SOURCES_FIELDS" ("SOURCE_ID", "FIELD_ID", "DESCRIPTION", "TIME_STAMP", "USER_ID", "ORDER", "TYPE", "WIDTH", "DECIMAL", "COL_WIDTH", "COLUMN_DESCRIPTION", "AMOUNT_FIELD", "QUANTITY_FIELD", "FORMAT_OVERRIDE") VALUES (10, 9, 'CR Derivation Rollup', to_date('2011-03-29 14:08:18', 'yyyy-mm-dd hh24:mi:ss'), 'PWRPLANT', 21, 'VarChar2', 35, 0, null, null, 0, 0, null) ;
INSERT INTO "CR_SOURCES_FIELDS" ("SOURCE_ID", "FIELD_ID", "DESCRIPTION", "TIME_STAMP", "USER_ID", "ORDER", "TYPE", "WIDTH", "DECIMAL", "COL_WIDTH", "COLUMN_DESCRIPTION", "AMOUNT_FIELD", "QUANTITY_FIELD", "FORMAT_OVERRIDE") VALUES (10, 10, 'CR Derivation Status', to_date('2011-03-29 14:08:18', 'yyyy-mm-dd hh24:mi:ss'), 'PWRPLANT', 22, 'Varchar2', 35, 0, null, null, 0, 0, null) ;  
INSERT INTO "CR_SOURCES_FIELDS" ("SOURCE_ID", "FIELD_ID", "DESCRIPTION", "TIME_STAMP", "USER_ID", "ORDER", "TYPE", "WIDTH", "DECIMAL", "COL_WIDTH", "COLUMN_DESCRIPTION", "AMOUNT_FIELD", "QUANTITY_FIELD", "FORMAT_OVERRIDE") VALUES (10, 11, 'CR Derivation Type', to_date('2011-03-29 14:08:18', 'yyyy-mm-dd hh24:mi:ss'), 'PWRPLANT', 23, 'Varchar2', 35, 0, null, null, 0, 0, null) ; 
INSERT INTO "CR_SOURCES_FIELDS" ("SOURCE_ID", "FIELD_ID", "DESCRIPTION", "TIME_STAMP", "USER_ID", "ORDER", "TYPE", "WIDTH", "DECIMAL", "COL_WIDTH", "COLUMN_DESCRIPTION", "AMOUNT_FIELD", "QUANTITY_FIELD", "FORMAT_OVERRIDE") VALUES (10, 12, 'SAP Name', to_date('2011-03-29 14:08:18', 'yyyy-mm-dd hh24:mi:ss'), 'PWRPLANT', 6, 'VarChar2', 50, 0, null, null, 0, 0, null) ; 
INSERT INTO "CR_SOURCES_FIELDS" ("SOURCE_ID", "FIELD_ID", "DESCRIPTION", "TIME_STAMP", "USER_ID", "ORDER", "TYPE", "WIDTH", "DECIMAL", "COL_WIDTH", "COLUMN_DESCRIPTION", "AMOUNT_FIELD", "QUANTITY_FIELD", "FORMAT_OVERRIDE") VALUES (10, 13, 'SAP User', to_date('2011-03-29 14:08:18', 'yyyy-mm-dd hh24:mi:ss'), 'PWRPLANT', 7, 'VarChar2', 15, 0, null, null, 0, 0, null) ; 
INSERT INTO "CR_SOURCES_FIELDS" ("SOURCE_ID", "FIELD_ID", "DESCRIPTION", "TIME_STAMP", "USER_ID", "ORDER", "TYPE", "WIDTH", "DECIMAL", "COL_WIDTH", "COLUMN_DESCRIPTION", "AMOUNT_FIELD", "QUANTITY_FIELD", "FORMAT_OVERRIDE") VALUES (10, 14, 'Partner Activity', to_date('2011-03-29 14:08:18', 'yyyy-mm-dd hh24:mi:ss'), 'PWRPLANT', 8, 'VarChar2', 6, 0, null, null, 0, 0, null) ; 
INSERT INTO "CR_SOURCES_FIELDS" ("SOURCE_ID", "FIELD_ID", "DESCRIPTION", "TIME_STAMP", "USER_ID", "ORDER", "TYPE", "WIDTH", "DECIMAL", "COL_WIDTH", "COLUMN_DESCRIPTION", "AMOUNT_FIELD", "QUANTITY_FIELD", "FORMAT_OVERRIDE") VALUES (10, 15, 'Source Object', to_date('2011-03-29 14:08:18', 'yyyy-mm-dd hh24:mi:ss'), 'PWRPLANT', 9, 'VarChar2', 22, 0, null, null, 0, 0, null) ; 
INSERT INTO "CR_SOURCES_FIELDS" ("SOURCE_ID", "FIELD_ID", "DESCRIPTION", "TIME_STAMP", "USER_ID", "ORDER", "TYPE", "WIDTH", "DECIMAL", "COL_WIDTH", "COLUMN_DESCRIPTION", "AMOUNT_FIELD", "QUANTITY_FIELD", "FORMAT_OVERRIDE") VALUES (10, 16, 'Source Object Name', to_date('2011-03-29 14:08:18', 'yyyy-mm-dd hh24:mi:ss'), 'PWRPLANT', 10, 'VarChar2', 60, 0, null, null, 0, 0, null) ; 
INSERT INTO "CR_SOURCES_FIELDS" ("SOURCE_ID", "FIELD_ID", "DESCRIPTION", "TIME_STAMP", "USER_ID", "ORDER", "TYPE", "WIDTH", "DECIMAL", "COL_WIDTH", "COLUMN_DESCRIPTION", "AMOUNT_FIELD", "QUANTITY_FIELD", "FORMAT_OVERRIDE") VALUES (10, 17, 'Personnel Sub Area', to_date('2011-03-29 14:08:18', 'yyyy-mm-dd hh24:mi:ss'), 'PWRPLANT', 12, 'VarChar2', 4, 0, null, null, 0, 0, null) ; 
INSERT INTO "CR_SOURCES_FIELDS" ("SOURCE_ID", "FIELD_ID", "DESCRIPTION", "TIME_STAMP", "USER_ID", "ORDER", "TYPE", "WIDTH", "DECIMAL", "COL_WIDTH", "COLUMN_DESCRIPTION", "AMOUNT_FIELD", "QUANTITY_FIELD", "FORMAT_OVERRIDE") VALUES (10, 18, 'Employee Sub Group', to_date('2011-03-29 14:08:18', 'yyyy-mm-dd hh24:mi:ss'), 'PWRPLANT', 13, 'VarChar2', 2, 0, null, null, 0, 0, null) ;
INSERT INTO "CR_SOURCES_FIELDS" ("SOURCE_ID", "FIELD_ID", "DESCRIPTION", "TIME_STAMP", "USER_ID", "ORDER", "TYPE", "WIDTH", "DECIMAL", "COL_WIDTH", "COLUMN_DESCRIPTION", "AMOUNT_FIELD", "QUANTITY_FIELD", "FORMAT_OVERRIDE") VALUES (10, 19, 'Line Number', to_date('2011-03-29 14:08:18', 'yyyy-mm-dd hh24:mi:ss'), 'PWRPLANT', 2, 'VarChar2', 3, 0, null, null, 0, 0, null) ; 
INSERT INTO "CR_SOURCES_FIELDS" ("SOURCE_ID", "FIELD_ID", "DESCRIPTION", "TIME_STAMP", "USER_ID", "ORDER", "TYPE", "WIDTH", "DECIMAL", "COL_WIDTH", "COLUMN_DESCRIPTION", "AMOUNT_FIELD", "QUANTITY_FIELD", "FORMAT_OVERRIDE") VALUES (10, 20, 'FI Doc Number', to_date('2011-03-29 14:08:19', 'yyyy-mm-dd hh24:mi:ss'), 'PWRPLANT', 14, 'VarChar2', 10, 0, null, null, 0, 0, null) ;  
INSERT INTO "CR_SOURCES_FIELDS" ("SOURCE_ID", "FIELD_ID", "DESCRIPTION", "TIME_STAMP", "USER_ID", "ORDER", "TYPE", "WIDTH", "DECIMAL", "COL_WIDTH", "COLUMN_DESCRIPTION", "AMOUNT_FIELD", "QUANTITY_FIELD", "FORMAT_OVERRIDE") VALUES (10, 21, 'Total Hours', to_date('2011-03-29 14:08:19', 'yyyy-mm-dd hh24:mi:ss'), 'PWRPLANT', 15, 'Number', 9, 2, null, null, 0, 0, null) ; 
INSERT INTO "CR_SOURCES_FIELDS" ("SOURCE_ID", "FIELD_ID", "DESCRIPTION", "TIME_STAMP", "USER_ID", "ORDER", "TYPE", "WIDTH", "DECIMAL", "COL_WIDTH", "COLUMN_DESCRIPTION", "AMOUNT_FIELD", "QUANTITY_FIELD", "FORMAT_OVERRIDE") VALUES (10, 22, 'Activity Code', to_date('2011-03-29 14:08:19', 'yyyy-mm-dd hh24:mi:ss'), 'PWRPLANT', 16, 'VarChar2', 6, 0, null, null, 0, 0, null) ; 
INSERT INTO "CR_SOURCES_FIELDS" ("SOURCE_ID", "FIELD_ID", "DESCRIPTION", "TIME_STAMP", "USER_ID", "ORDER", "TYPE", "WIDTH", "DECIMAL", "COL_WIDTH", "COLUMN_DESCRIPTION", "AMOUNT_FIELD", "QUANTITY_FIELD", "FORMAT_OVERRIDE") VALUES (10, 23, 'Reimbursable Status', to_date('2011-03-29 14:08:19', 'yyyy-mm-dd hh24:mi:ss'), 'PWRPLANT', 17, 'VarChar2', 10, 0, null, null, null, null, null) ; 
INSERT INTO "CR_SOURCES_FIELDS" ("SOURCE_ID", "FIELD_ID", "DESCRIPTION", "TIME_STAMP", "USER_ID", "ORDER", "TYPE", "WIDTH", "DECIMAL", "COL_WIDTH", "COLUMN_DESCRIPTION", "AMOUNT_FIELD", "QUANTITY_FIELD", "FORMAT_OVERRIDE") VALUES (11, 1, 'Description', to_date('2011-03-16 11:43:30', 'yyyy-mm-dd hh24:mi:ss'), 'PWRPLANT', 1, 'VarChar2', 35, 0, null, null, 0, 0, null) ; 
INSERT INTO "CR_SOURCES_FIELDS" ("SOURCE_ID", "FIELD_ID", "DESCRIPTION", "TIME_STAMP", "USER_ID", "ORDER", "TYPE", "WIDTH", "DECIMAL", "COL_WIDTH", "COLUMN_DESCRIPTION", "AMOUNT_FIELD", "QUANTITY_FIELD", "FORMAT_OVERRIDE") VALUES (11, 2, 'Interface Batch ID', to_date('2011-03-29 14:10:01', 'yyyy-mm-dd hh24:mi:ss'), 'PWRPLANT', 8, 'VarChar2', 35, 0, null, null, 0, 0, null) ; 
INSERT INTO "CR_SOURCES_FIELDS" ("SOURCE_ID", "FIELD_ID", "DESCRIPTION", "TIME_STAMP", "USER_ID", "ORDER", "TYPE", "WIDTH", "DECIMAL", "COL_WIDTH", "COLUMN_DESCRIPTION", "AMOUNT_FIELD", "QUANTITY_FIELD", "FORMAT_OVERRIDE") VALUES (11, 3, 'CR Txn Type', to_date('2011-03-29 14:10:01', 'yyyy-mm-dd hh24:mi:ss'), 'PWRPLANT', 2, 'VarChar2', 50, 0, null, null, 0, 0, null) ; 
INSERT INTO "CR_SOURCES_FIELDS" ("SOURCE_ID", "FIELD_ID", "DESCRIPTION", "TIME_STAMP", "USER_ID", "ORDER", "TYPE", "WIDTH", "DECIMAL", "COL_WIDTH", "COLUMN_DESCRIPTION", "AMOUNT_FIELD", "QUANTITY_FIELD", "FORMAT_OVERRIDE") VALUES (11, 4, 'CR Derivation Rate', to_date('2011-03-29 14:10:01', 'yyyy-mm-dd hh24:mi:ss'), 'PWRPLANT', 3, 'Number', 22, 8, null, null, 0, 0, null) ; 
INSERT INTO "CR_SOURCES_FIELDS" ("SOURCE_ID", "FIELD_ID", "DESCRIPTION", "TIME_STAMP", "USER_ID", "ORDER", "TYPE", "WIDTH", "DECIMAL", "COL_WIDTH", "COLUMN_DESCRIPTION", "AMOUNT_FIELD", "QUANTITY_FIELD", "FORMAT_OVERRIDE") VALUES (11, 5, 'CR Derivation Id', to_date('2011-03-29 14:10:01', 'yyyy-mm-dd hh24:mi:ss'), 'PWRPLANT', 4, 'Number', 22, 0, null, null, 0, 0, null) ; 
INSERT INTO "CR_SOURCES_FIELDS" ("SOURCE_ID", "FIELD_ID", "DESCRIPTION", "TIME_STAMP", "USER_ID", "ORDER", "TYPE", "WIDTH", "DECIMAL", "COL_WIDTH", "COLUMN_DESCRIPTION", "AMOUNT_FIELD", "QUANTITY_FIELD", "FORMAT_OVERRIDE") VALUES (11, 6, 'CR Derivation Rollup', to_date('2011-03-29 14:10:01', 'yyyy-mm-dd hh24:mi:ss'), 'PWRPLANT', 5, 'VarChar2', 35, 0, null, null, 0, 0, null) ; 
INSERT INTO "CR_SOURCES_FIELDS" ("SOURCE_ID", "FIELD_ID", "DESCRIPTION", "TIME_STAMP", "USER_ID", "ORDER", "TYPE", "WIDTH", "DECIMAL", "COL_WIDTH", "COLUMN_DESCRIPTION", "AMOUNT_FIELD", "QUANTITY_FIELD", "FORMAT_OVERRIDE") VALUES (11, 7, 'CR Derivation Status', to_date('2011-03-29 14:10:01', 'yyyy-mm-dd hh24:mi:ss'), 'PWRPLANT', 6, 'Varchar2', 35, 0, null, null, 0, 0, null) ; 
INSERT INTO "CR_SOURCES_FIELDS" ("SOURCE_ID", "FIELD_ID", "DESCRIPTION", "TIME_STAMP", "USER_ID", "ORDER", "TYPE", "WIDTH", "DECIMAL", "COL_WIDTH", "COLUMN_DESCRIPTION", "AMOUNT_FIELD", "QUANTITY_FIELD", "FORMAT_OVERRIDE") VALUES (11, 8, 'CR Derivation Type', to_date('2011-03-29 14:10:01', 'yyyy-mm-dd hh24:mi:ss'), 'PWRPLANT', 7, 'Varchar2', 35, 0, null, null, 0, 0, null) ; 
INSERT INTO "CR_SOURCES_FIELDS" ("SOURCE_ID", "FIELD_ID", "DESCRIPTION", "TIME_STAMP", "USER_ID", "ORDER", "TYPE", "WIDTH", "DECIMAL", "COL_WIDTH", "COLUMN_DESCRIPTION", "AMOUNT_FIELD", "QUANTITY_FIELD", "FORMAT_OVERRIDE") VALUES (12, 1, 'Document Number', to_date('2011-03-16 11:43:30', 'yyyy-mm-dd hh24:mi:ss'), 'PWRPLANT', 1, 'VarChar2', 10, 0, null, null, 0, 0, null) ; 
INSERT INTO "CR_SOURCES_FIELDS" ("SOURCE_ID", "FIELD_ID", "DESCRIPTION", "TIME_STAMP", "USER_ID", "ORDER", "TYPE", "WIDTH", "DECIMAL", "COL_WIDTH", "COLUMN_DESCRIPTION", "AMOUNT_FIELD", "QUANTITY_FIELD", "FORMAT_OVERRIDE") VALUES (12, 2, 'Document Text', to_date('2011-03-29 14:11:03', 'yyyy-mm-dd hh24:mi:ss'), 'PWRPLANT', 3, 'VarChar2', 50, 0, null, null, 0, 0, null) ; 
INSERT INTO "CR_SOURCES_FIELDS" ("SOURCE_ID", "FIELD_ID", "DESCRIPTION", "TIME_STAMP", "USER_ID", "ORDER", "TYPE", "WIDTH", "DECIMAL", "COL_WIDTH", "COLUMN_DESCRIPTION", "AMOUNT_FIELD", "QUANTITY_FIELD", "FORMAT_OVERRIDE") VALUES (12, 3, 'Document Date', to_date('2011-03-29 14:11:03', 'yyyy-mm-dd hh24:mi:ss'), 'PWRPLANT', 4, 'VarChar2', 10, 0, null, null, 0, 0, null) ; 
INSERT INTO "CR_SOURCES_FIELDS" ("SOURCE_ID", "FIELD_ID", "DESCRIPTION", "TIME_STAMP", "USER_ID", "ORDER", "TYPE", "WIDTH", "DECIMAL", "COL_WIDTH", "COLUMN_DESCRIPTION", "AMOUNT_FIELD", "QUANTITY_FIELD", "FORMAT_OVERRIDE") VALUES (12, 4, 'Posting Date', to_date('2011-03-29 14:11:03', 'yyyy-mm-dd hh24:mi:ss'), 'PWRPLANT', 5, 'VarChar2', 10, 0, null, null, 0, 0, null) ; 
INSERT INTO "CR_SOURCES_FIELDS" ("SOURCE_ID", "FIELD_ID", "DESCRIPTION", "TIME_STAMP", "USER_ID", "ORDER", "TYPE", "WIDTH", "DECIMAL", "COL_WIDTH", "COLUMN_DESCRIPTION", "AMOUNT_FIELD", "QUANTITY_FIELD", "FORMAT_OVERRIDE") VALUES (12, 5, 'SAP Name', to_date('2011-03-16 11:43:30', 'yyyy-mm-dd hh24:mi:ss'), 'PWRPLANT', 6, 'VarChar2', 50, 0, null, null, 0, 0, null) ; 
INSERT INTO "CR_SOURCES_FIELDS" ("SOURCE_ID", "FIELD_ID", "DESCRIPTION", "TIME_STAMP", "USER_ID", "ORDER", "TYPE", "WIDTH", "DECIMAL", "COL_WIDTH", "COLUMN_DESCRIPTION", "AMOUNT_FIELD", "QUANTITY_FIELD", "FORMAT_OVERRIDE") VALUES (12, 6, 'SAP User', to_date('2011-03-16 11:43:30', 'yyyy-mm-dd hh24:mi:ss'), 'PWRPLANT', 7, 'VarChar2', 15, 0, null, null, 0, 0, null) ; 
INSERT INTO "CR_SOURCES_FIELDS" ("SOURCE_ID", "FIELD_ID", "DESCRIPTION", "TIME_STAMP", "USER_ID", "ORDER", "TYPE", "WIDTH", "DECIMAL", "COL_WIDTH", "COLUMN_DESCRIPTION", "AMOUNT_FIELD", "QUANTITY_FIELD", "FORMAT_OVERRIDE") VALUES (12, 7, 'Partner Activity', to_date('2011-03-16 11:43:30', 'yyyy-mm-dd hh24:mi:ss'), 'PWRPLANT', 8, 'VarChar2', 6, 0, null, null, 0, 0, null) ; 
INSERT INTO "CR_SOURCES_FIELDS" ("SOURCE_ID", "FIELD_ID", "DESCRIPTION", "TIME_STAMP", "USER_ID", "ORDER", "TYPE", "WIDTH", "DECIMAL", "COL_WIDTH", "COLUMN_DESCRIPTION", "AMOUNT_FIELD", "QUANTITY_FIELD", "FORMAT_OVERRIDE") VALUES (12, 8, 'Interface Batch Id', to_date('2011-03-29 14:11:03', 'yyyy-mm-dd hh24:mi:ss'), 'PWRPLANT', 24, 'VarChar2', 35, 0, null, null, 0, 0, null) ; 
INSERT INTO "CR_SOURCES_FIELDS" ("SOURCE_ID", "FIELD_ID", "DESCRIPTION", "TIME_STAMP", "USER_ID", "ORDER", "TYPE", "WIDTH", "DECIMAL", "COL_WIDTH", "COLUMN_DESCRIPTION", "AMOUNT_FIELD", "QUANTITY_FIELD", "FORMAT_OVERRIDE") VALUES (12, 9, 'CR Txn Type', to_date('2011-03-29 14:11:03', 'yyyy-mm-dd hh24:mi:ss'), 'PWRPLANT', 18, 'VarChar2', 10, 0, null, null, 0, 0, null) ; 
INSERT INTO "CR_SOURCES_FIELDS" ("SOURCE_ID", "FIELD_ID", "DESCRIPTION", "TIME_STAMP", "USER_ID", "ORDER", "TYPE", "WIDTH", "DECIMAL", "COL_WIDTH", "COLUMN_DESCRIPTION", "AMOUNT_FIELD", "QUANTITY_FIELD", "FORMAT_OVERRIDE") VALUES (12, 10, 'CR Derivation Rate', to_date('2011-03-29 14:11:03', 'yyyy-mm-dd hh24:mi:ss'), 'PWRPLANT', 19, 'Number', 22, 8, null, null, 0, 0, null) ; 
INSERT INTO "CR_SOURCES_FIELDS" ("SOURCE_ID", "FIELD_ID", "DESCRIPTION", "TIME_STAMP", "USER_ID", "ORDER", "TYPE", "WIDTH", "DECIMAL", "COL_WIDTH", "COLUMN_DESCRIPTION", "AMOUNT_FIELD", "QUANTITY_FIELD", "FORMAT_OVERRIDE") VALUES (12, 11, 'CR Derivation ID', to_date('2011-03-29 14:11:03', 'yyyy-mm-dd hh24:mi:ss'), 'PWRPLANT', 20, 'Number', 22, 0, null, null, 0, 0, null) ; 
INSERT INTO "CR_SOURCES_FIELDS" ("SOURCE_ID", "FIELD_ID", "DESCRIPTION", "TIME_STAMP", "USER_ID", "ORDER", "TYPE", "WIDTH", "DECIMAL", "COL_WIDTH", "COLUMN_DESCRIPTION", "AMOUNT_FIELD", "QUANTITY_FIELD", "FORMAT_OVERRIDE") VALUES (12, 12, 'CR Derivation Rollup', to_date('2011-03-29 14:11:03', 'yyyy-mm-dd hh24:mi:ss'), 'PWRPLANT', 21, 'VarChar2', 35, 0, null, null, 0, 0, null) ; 
INSERT INTO "CR_SOURCES_FIELDS" ("SOURCE_ID", "FIELD_ID", "DESCRIPTION", "TIME_STAMP", "USER_ID", "ORDER", "TYPE", "WIDTH", "DECIMAL", "COL_WIDTH", "COLUMN_DESCRIPTION", "AMOUNT_FIELD", "QUANTITY_FIELD", "FORMAT_OVERRIDE") VALUES (12, 13, 'CR Derivation Status', to_date('2011-03-29 14:11:03', 'yyyy-mm-dd hh24:mi:ss'), 'PWRPLANT', 22, 'Varchar2', 35, 0, null, null, 0, 0, null) ; 
INSERT INTO "CR_SOURCES_FIELDS" ("SOURCE_ID", "FIELD_ID", "DESCRIPTION", "TIME_STAMP", "USER_ID", "ORDER", "TYPE", "WIDTH", "DECIMAL", "COL_WIDTH", "COLUMN_DESCRIPTION", "AMOUNT_FIELD", "QUANTITY_FIELD", "FORMAT_OVERRIDE") VALUES (12, 14, 'CR Derivation Type', to_date('2011-03-29 14:11:03', 'yyyy-mm-dd hh24:mi:ss'), 'PWRPLANT', 23, 'Varchar2', 35, 0, null, null, 0, 0, null) ; 
INSERT INTO "CR_SOURCES_FIELDS" ("SOURCE_ID", "FIELD_ID", "DESCRIPTION", "TIME_STAMP", "USER_ID", "ORDER", "TYPE", "WIDTH", "DECIMAL", "COL_WIDTH", "COLUMN_DESCRIPTION", "AMOUNT_FIELD", "QUANTITY_FIELD", "FORMAT_OVERRIDE") VALUES (12, 15, 'Source Object Name', to_date('2011-03-29 14:11:03', 'yyyy-mm-dd hh24:mi:ss'), 'PWRPLANT', 10, 'VarChar2', 60, 0, null, null, 0, 0, null) ; 
INSERT INTO "CR_SOURCES_FIELDS" ("SOURCE_ID", "FIELD_ID", "DESCRIPTION", "TIME_STAMP", "USER_ID", "ORDER", "TYPE", "WIDTH", "DECIMAL", "COL_WIDTH", "COLUMN_DESCRIPTION", "AMOUNT_FIELD", "QUANTITY_FIELD", "FORMAT_OVERRIDE") VALUES (12, 16, 'Source Object', to_date('2011-03-29 14:11:03', 'yyyy-mm-dd hh24:mi:ss'), 'PWRPLANT', 11, 'VarChar2', 22, 0, null, null, 0, 0, null) ; 
INSERT INTO "CR_SOURCES_FIELDS" ("SOURCE_ID", "FIELD_ID", "DESCRIPTION", "TIME_STAMP", "USER_ID", "ORDER", "TYPE", "WIDTH", "DECIMAL", "COL_WIDTH", "COLUMN_DESCRIPTION", "AMOUNT_FIELD", "QUANTITY_FIELD", "FORMAT_OVERRIDE") VALUES (12, 17, 'Line Number', to_date('2011-03-29 14:11:03', 'yyyy-mm-dd hh24:mi:ss'), 'PWRPLANT', 2, 'VarChar2', 3, 0, null, null, 0, 0, null) ; 
INSERT INTO "CR_SOURCES_FIELDS" ("SOURCE_ID", "FIELD_ID", "DESCRIPTION", "TIME_STAMP", "USER_ID", "ORDER", "TYPE", "WIDTH", "DECIMAL", "COL_WIDTH", "COLUMN_DESCRIPTION", "AMOUNT_FIELD", "QUANTITY_FIELD", "FORMAT_OVERRIDE") VALUES (12, 18, 'FI Doc Number', to_date('2011-03-29 14:11:03', 'yyyy-mm-dd hh24:mi:ss'), 'PWRPLANT', 12, 'VarChar2', 10, 0, null, null, 0, 0, null) ; 
INSERT INTO "CR_SOURCES_FIELDS" ("SOURCE_ID", "FIELD_ID", "DESCRIPTION", "TIME_STAMP", "USER_ID", "ORDER", "TYPE", "WIDTH", "DECIMAL", "COL_WIDTH", "COLUMN_DESCRIPTION", "AMOUNT_FIELD", "QUANTITY_FIELD", "FORMAT_OVERRIDE") VALUES (12, 19, 'Vehicle Class', to_date('2011-03-29 14:11:03', 'yyyy-mm-dd hh24:mi:ss'), 'PWRPLANT', 12, 'VarChar2', 6, 0, null, null, 0, 0, null) ; 
INSERT INTO "CR_SOURCES_FIELDS" ("SOURCE_ID", "FIELD_ID", "DESCRIPTION", "TIME_STAMP", "USER_ID", "ORDER", "TYPE", "WIDTH", "DECIMAL", "COL_WIDTH", "COLUMN_DESCRIPTION", "AMOUNT_FIELD", "QUANTITY_FIELD", "FORMAT_OVERRIDE") VALUES (12, 20, 'Vehicle Hourly Rate', to_date('2011-03-29 14:11:03', 'yyyy-mm-dd hh24:mi:ss'), 'PWRPLANT', 14, 'Number', 7, 3, null, null, 0, 0, null) ; 
INSERT INTO "CR_SOURCES_FIELDS" ("SOURCE_ID", "FIELD_ID", "DESCRIPTION", "TIME_STAMP", "USER_ID", "ORDER", "TYPE", "WIDTH", "DECIMAL", "COL_WIDTH", "COLUMN_DESCRIPTION", "AMOUNT_FIELD", "QUANTITY_FIELD", "FORMAT_OVERRIDE") VALUES (12, 21, 'Vehicle Number', to_date('2011-03-29 14:11:03', 'yyyy-mm-dd hh24:mi:ss'), 'PWRPLANT', 15, 'VarChar2', 4, 0, null, null, 0, 0, null) ; 
INSERT INTO "CR_SOURCES_FIELDS" ("SOURCE_ID", "FIELD_ID", "DESCRIPTION", "TIME_STAMP", "USER_ID", "ORDER", "TYPE", "WIDTH", "DECIMAL", "COL_WIDTH", "COLUMN_DESCRIPTION", "AMOUNT_FIELD", "QUANTITY_FIELD", "FORMAT_OVERRIDE") VALUES (12, 22, 'Doc Header Reference Field', to_date('2011-03-29 14:11:03', 'yyyy-mm-dd hh24:mi:ss'), 'PWRPLANT', 16, 'VarChar2', 16, 0, null, null, 0, 0, null) ; 
INSERT INTO "CR_SOURCES_FIELDS" ("SOURCE_ID", "FIELD_ID", "DESCRIPTION", "TIME_STAMP", "USER_ID", "ORDER", "TYPE", "WIDTH", "DECIMAL", "COL_WIDTH", "COLUMN_DESCRIPTION", "AMOUNT_FIELD", "QUANTITY_FIELD", "FORMAT_OVERRIDE") VALUES (12, 23, 'Reimbursable Status', to_date('2011-03-29 14:11:03', 'yyyy-mm-dd hh24:mi:ss'), 'PWRPLANT', 17, 'VarChar2', 10, 0, null, null, null, null, null) ; 
INSERT INTO "CR_SOURCES_FIELDS" ("SOURCE_ID", "FIELD_ID", "DESCRIPTION", "TIME_STAMP", "USER_ID", "ORDER", "TYPE", "WIDTH", "DECIMAL", "COL_WIDTH", "COLUMN_DESCRIPTION", "AMOUNT_FIELD", "QUANTITY_FIELD", "FORMAT_OVERRIDE") VALUES (13, 1, 'Document Number', to_date('2011-03-16 11:43:30', 'yyyy-mm-dd hh24:mi:ss'), 'PWRPLANT', 1, 'VarChar2', 10, 0, null, null, 0, 0, null) ; 
INSERT INTO "CR_SOURCES_FIELDS" ("SOURCE_ID", "FIELD_ID", "DESCRIPTION", "TIME_STAMP", "USER_ID", "ORDER", "TYPE", "WIDTH", "DECIMAL", "COL_WIDTH", "COLUMN_DESCRIPTION", "AMOUNT_FIELD", "QUANTITY_FIELD", "FORMAT_OVERRIDE") VALUES (13, 2, 'Document Text', to_date('2011-03-29 14:12:42', 'yyyy-mm-dd hh24:mi:ss'), 'PWRPLANT', 3, 'VarChar2', 50, 0, null, null, 0, 0, null) ; 
INSERT INTO "CR_SOURCES_FIELDS" ("SOURCE_ID", "FIELD_ID", "DESCRIPTION", "TIME_STAMP", "USER_ID", "ORDER", "TYPE", "WIDTH", "DECIMAL", "COL_WIDTH", "COLUMN_DESCRIPTION", "AMOUNT_FIELD", "QUANTITY_FIELD", "FORMAT_OVERRIDE") VALUES (13, 3, 'Document Date', to_date('2011-03-29 14:12:42', 'yyyy-mm-dd hh24:mi:ss'), 'PWRPLANT', 4, 'VarChar2', 10, 0, null, null, 0, 0, null) ; 
INSERT INTO "CR_SOURCES_FIELDS" ("SOURCE_ID", "FIELD_ID", "DESCRIPTION", "TIME_STAMP", "USER_ID", "ORDER", "TYPE", "WIDTH", "DECIMAL", "COL_WIDTH", "COLUMN_DESCRIPTION", "AMOUNT_FIELD", "QUANTITY_FIELD", "FORMAT_OVERRIDE") VALUES (13, 4, 'Posting Date', to_date('2011-03-29 14:12:42', 'yyyy-mm-dd hh24:mi:ss'), 'PWRPLANT', 5, 'VarChar2', 10, 0, null, null, 0, 0, null) ; 
INSERT INTO "CR_SOURCES_FIELDS" ("SOURCE_ID", "FIELD_ID", "DESCRIPTION", "TIME_STAMP", "USER_ID", "ORDER", "TYPE", "WIDTH", "DECIMAL", "COL_WIDTH", "COLUMN_DESCRIPTION", "AMOUNT_FIELD", "QUANTITY_FIELD", "FORMAT_OVERRIDE") VALUES (13, 5, 'Material Number', to_date('2011-03-29 14:12:42', 'yyyy-mm-dd hh24:mi:ss'), 'PWRPLANT', 6, 'VarChar2', 18, 0, null, null, 0, 0, null) ; 
INSERT INTO "CR_SOURCES_FIELDS" ("SOURCE_ID", "FIELD_ID", "DESCRIPTION", "TIME_STAMP", "USER_ID", "ORDER", "TYPE", "WIDTH", "DECIMAL", "COL_WIDTH", "COLUMN_DESCRIPTION", "AMOUNT_FIELD", "QUANTITY_FIELD", "FORMAT_OVERRIDE") VALUES (13, 6, 'Material Description', to_date('2011-03-29 14:12:42', 'yyyy-mm-dd hh24:mi:ss'), 'PWRPLANT', 7, 'VarChar2', 40, 0, null, null, 0, 0, null) ; 
INSERT INTO "CR_SOURCES_FIELDS" ("SOURCE_ID", "FIELD_ID", "DESCRIPTION", "TIME_STAMP", "USER_ID", "ORDER", "TYPE", "WIDTH", "DECIMAL", "COL_WIDTH", "COLUMN_DESCRIPTION", "AMOUNT_FIELD", "QUANTITY_FIELD", "FORMAT_OVERRIDE") VALUES (13, 7, 'Interface Batch Id', to_date('2011-03-29 14:12:42', 'yyyy-mm-dd hh24:mi:ss'), 'PWRPLANT', 34, 'VarChar2', 35, 0, null, null, 0, 0, null) ; 
INSERT INTO "CR_SOURCES_FIELDS" ("SOURCE_ID", "FIELD_ID", "DESCRIPTION", "TIME_STAMP", "USER_ID", "ORDER", "TYPE", "WIDTH", "DECIMAL", "COL_WIDTH", "COLUMN_DESCRIPTION", "AMOUNT_FIELD", "QUANTITY_FIELD", "FORMAT_OVERRIDE") VALUES (13, 8, 'CR Txn Type', to_date('2011-03-29 14:12:42', 'yyyy-mm-dd hh24:mi:ss'), 'PWRPLANT', 28, 'VarChar2', 10, 0, null, null, 0, 0, null) ; 
INSERT INTO "CR_SOURCES_FIELDS" ("SOURCE_ID", "FIELD_ID", "DESCRIPTION", "TIME_STAMP", "USER_ID", "ORDER", "TYPE", "WIDTH", "DECIMAL", "COL_WIDTH", "COLUMN_DESCRIPTION", "AMOUNT_FIELD", "QUANTITY_FIELD", "FORMAT_OVERRIDE") VALUES (13, 9, 'CR Derivation Rate', to_date('2011-03-29 14:12:42', 'yyyy-mm-dd hh24:mi:ss'), 'PWRPLANT', 29, 'Number', 22, 8, null, null, 0, 0, null) ; 
INSERT INTO "CR_SOURCES_FIELDS" ("SOURCE_ID", "FIELD_ID", "DESCRIPTION", "TIME_STAMP", "USER_ID", "ORDER", "TYPE", "WIDTH", "DECIMAL", "COL_WIDTH", "COLUMN_DESCRIPTION", "AMOUNT_FIELD", "QUANTITY_FIELD", "FORMAT_OVERRIDE") VALUES (13, 10, 'CR Derivation ID', to_date('2011-03-29 14:12:42', 'yyyy-mm-dd hh24:mi:ss'), 'PWRPLANT', 30, 'Number', 22, 0, null, null, 0, 0, null) ; 
INSERT INTO "CR_SOURCES_FIELDS" ("SOURCE_ID", "FIELD_ID", "DESCRIPTION", "TIME_STAMP", "USER_ID", "ORDER", "TYPE", "WIDTH", "DECIMAL", "COL_WIDTH", "COLUMN_DESCRIPTION", "AMOUNT_FIELD", "QUANTITY_FIELD", "FORMAT_OVERRIDE") VALUES (13, 11, 'CR Derivation Rollup', to_date('2011-03-29 14:12:42', 'yyyy-mm-dd hh24:mi:ss'), 'PWRPLANT', 31, 'VarChar2', 35, 0, null, null, 0, 0, null) ; 
INSERT INTO "CR_SOURCES_FIELDS" ("SOURCE_ID", "FIELD_ID", "DESCRIPTION", "TIME_STAMP", "USER_ID", "ORDER", "TYPE", "WIDTH", "DECIMAL", "COL_WIDTH", "COLUMN_DESCRIPTION", "AMOUNT_FIELD", "QUANTITY_FIELD", "FORMAT_OVERRIDE") VALUES (13, 12, 'CR Derivation Status', to_date('2011-03-29 14:12:42', 'yyyy-mm-dd hh24:mi:ss'), 'PWRPLANT', 32, 'Varchar2', 35, 0, null, null, 0, 0, null) ; 
INSERT INTO "CR_SOURCES_FIELDS" ("SOURCE_ID", "FIELD_ID", "DESCRIPTION", "TIME_STAMP", "USER_ID", "ORDER", "TYPE", "WIDTH", "DECIMAL", "COL_WIDTH", "COLUMN_DESCRIPTION", "AMOUNT_FIELD", "QUANTITY_FIELD", "FORMAT_OVERRIDE") VALUES (13, 13, 'CR Derivation Type', to_date('2011-03-29 14:12:42', 'yyyy-mm-dd hh24:mi:ss'), 'PWRPLANT', 33, 'Varchar2', 35, 0, null, null, 0, 0, null) ; 
INSERT INTO "CR_SOURCES_FIELDS" ("SOURCE_ID", "FIELD_ID", "DESCRIPTION", "TIME_STAMP", "USER_ID", "ORDER", "TYPE", "WIDTH", "DECIMAL", "COL_WIDTH", "COLUMN_DESCRIPTION", "AMOUNT_FIELD", "QUANTITY_FIELD", "FORMAT_OVERRIDE") VALUES (13, 14, 'Purchasing Document', to_date('2011-03-29 14:12:42', 'yyyy-mm-dd hh24:mi:ss'), 'PWRPLANT', 8, 'VarChar2', 10, 0, null, null, 0, 0, null) ; 
INSERT INTO "CR_SOURCES_FIELDS" ("SOURCE_ID", "FIELD_ID", "DESCRIPTION", "TIME_STAMP", "USER_ID", "ORDER", "TYPE", "WIDTH", "DECIMAL", "COL_WIDTH", "COLUMN_DESCRIPTION", "AMOUNT_FIELD", "QUANTITY_FIELD", "FORMAT_OVERRIDE") VALUES (13, 15, 'Unit of Measure', to_date('2011-03-29 14:12:42', 'yyyy-mm-dd hh24:mi:ss'), 'PWRPLANT', 9, 'VarChar2', 3, 0, null, null, 0, 0, null) ; 
INSERT INTO "CR_SOURCES_FIELDS" ("SOURCE_ID", "FIELD_ID", "DESCRIPTION", "TIME_STAMP", "USER_ID", "ORDER", "TYPE", "WIDTH", "DECIMAL", "COL_WIDTH", "COLUMN_DESCRIPTION", "AMOUNT_FIELD", "QUANTITY_FIELD", "FORMAT_OVERRIDE") VALUES (13, 16, 'PO Item Number', to_date('2011-03-29 14:12:42', 'yyyy-mm-dd hh24:mi:ss'), 'PWRPLANT', 10, 'VarChar2', 5, 0, null, null, 0, 0, null) ; 
INSERT INTO "CR_SOURCES_FIELDS" ("SOURCE_ID", "FIELD_ID", "DESCRIPTION", "TIME_STAMP", "USER_ID", "ORDER", "TYPE", "WIDTH", "DECIMAL", "COL_WIDTH", "COLUMN_DESCRIPTION", "AMOUNT_FIELD", "QUANTITY_FIELD", "FORMAT_OVERRIDE") VALUES (13, 17, 'PO Item Text', to_date('2011-03-29 14:12:42', 'yyyy-mm-dd hh24:mi:ss'), 'PWRPLANT', 11, 'VarChar2', 40, 0, null, null, 0, 0, null) ; 
INSERT INTO "CR_SOURCES_FIELDS" ("SOURCE_ID", "FIELD_ID", "DESCRIPTION", "TIME_STAMP", "USER_ID", "ORDER", "TYPE", "WIDTH", "DECIMAL", "COL_WIDTH", "COLUMN_DESCRIPTION", "AMOUNT_FIELD", "QUANTITY_FIELD", "FORMAT_OVERRIDE") VALUES (13, 18, 'SAP Name', to_date('2011-03-29 14:12:42', 'yyyy-mm-dd hh24:mi:ss'), 'PWRPLANT', 12, 'VarChar2', 50, 0, null, null, 0, 0, null) ; 
INSERT INTO "CR_SOURCES_FIELDS" ("SOURCE_ID", "FIELD_ID", "DESCRIPTION", "TIME_STAMP", "USER_ID", "ORDER", "TYPE", "WIDTH", "DECIMAL", "COL_WIDTH", "COLUMN_DESCRIPTION", "AMOUNT_FIELD", "QUANTITY_FIELD", "FORMAT_OVERRIDE") VALUES (13, 19, 'SAP User', to_date('2011-03-29 14:12:42', 'yyyy-mm-dd hh24:mi:ss'), 'PWRPLANT', 13, 'VarChar2', 15, 0, null, null, 0, 0, null) ; 
INSERT INTO "CR_SOURCES_FIELDS" ("SOURCE_ID", "FIELD_ID", "DESCRIPTION", "TIME_STAMP", "USER_ID", "ORDER", "TYPE", "WIDTH", "DECIMAL", "COL_WIDTH", "COLUMN_DESCRIPTION", "AMOUNT_FIELD", "QUANTITY_FIELD", "FORMAT_OVERRIDE") VALUES (13, 20, 'Partner Activity', to_date('2011-03-29 14:12:42', 'yyyy-mm-dd hh24:mi:ss'), 'PWRPLANT', 13, 'VarChar2', 6, 0, null, null, 0, 0, null) ; 
INSERT INTO "CR_SOURCES_FIELDS" ("SOURCE_ID", "FIELD_ID", "DESCRIPTION", "TIME_STAMP", "USER_ID", "ORDER", "TYPE", "WIDTH", "DECIMAL", "COL_WIDTH", "COLUMN_DESCRIPTION", "AMOUNT_FIELD", "QUANTITY_FIELD", "FORMAT_OVERRIDE") VALUES (13, 21, 'Source Object', to_date('2011-03-29 14:12:42', 'yyyy-mm-dd hh24:mi:ss'), 'PWRPLANT', 15, 'VarChar2', 22, 0, null, null, 0, 0, null) ; 
INSERT INTO "CR_SOURCES_FIELDS" ("SOURCE_ID", "FIELD_ID", "DESCRIPTION", "TIME_STAMP", "USER_ID", "ORDER", "TYPE", "WIDTH", "DECIMAL", "COL_WIDTH", "COLUMN_DESCRIPTION", "AMOUNT_FIELD", "QUANTITY_FIELD", "FORMAT_OVERRIDE") VALUES (13, 22, 'Source Object Name', to_date('2011-03-29 14:12:42', 'yyyy-mm-dd hh24:mi:ss'), 'PWRPLANT', 16, 'VarChar2', 60, 0, null, null, 0, 0, null) ; 
INSERT INTO "CR_SOURCES_FIELDS" ("SOURCE_ID", "FIELD_ID", "DESCRIPTION", "TIME_STAMP", "USER_ID", "ORDER", "TYPE", "WIDTH", "DECIMAL", "COL_WIDTH", "COLUMN_DESCRIPTION", "AMOUNT_FIELD", "QUANTITY_FIELD", "FORMAT_OVERRIDE") VALUES (13, 23, 'Material Tax Indicator', to_date('2011-03-29 14:12:42', 'yyyy-mm-dd hh24:mi:ss'), 'PWRPLANT', 18, 'VarChar2', 1, 0, null, null, 0, 0, null) ; 
INSERT INTO "CR_SOURCES_FIELDS" ("SOURCE_ID", "FIELD_ID", "DESCRIPTION", "TIME_STAMP", "USER_ID", "ORDER", "TYPE", "WIDTH", "DECIMAL", "COL_WIDTH", "COLUMN_DESCRIPTION", "AMOUNT_FIELD", "QUANTITY_FIELD", "FORMAT_OVERRIDE") VALUES (13, 24, 'Line Number', to_date('2011-03-29 14:12:42', 'yyyy-mm-dd hh24:mi:ss'), 'PWRPLANT', 2, 'VarChar2', 3, 0, null, null, 0, 0, null) ; 
INSERT INTO "CR_SOURCES_FIELDS" ("SOURCE_ID", "FIELD_ID", "DESCRIPTION", "TIME_STAMP", "USER_ID", "ORDER", "TYPE", "WIDTH", "DECIMAL", "COL_WIDTH", "COLUMN_DESCRIPTION", "AMOUNT_FIELD", "QUANTITY_FIELD", "FORMAT_OVERRIDE") VALUES (13, 25, 'FI Doc Number', to_date('2011-03-29 14:12:42', 'yyyy-mm-dd hh24:mi:ss'), 'PWRPLANT', 19, 'VarChar2', 10, 0, null, null, 0, 0, null) ; 
INSERT INTO "CR_SOURCES_FIELDS" ("SOURCE_ID", "FIELD_ID", "DESCRIPTION", "TIME_STAMP", "USER_ID", "ORDER", "TYPE", "WIDTH", "DECIMAL", "COL_WIDTH", "COLUMN_DESCRIPTION", "AMOUNT_FIELD", "QUANTITY_FIELD", "FORMAT_OVERRIDE") VALUES (13, 26, 'Store Room Plant', to_date('2011-03-29 14:12:42', 'yyyy-mm-dd hh24:mi:ss'), 'PWRPLANT', 20, 'VarChar2', 10, 0, null, null, 0, 0, null) ; 
INSERT INTO "CR_SOURCES_FIELDS" ("SOURCE_ID", "FIELD_ID", "DESCRIPTION", "TIME_STAMP", "USER_ID", "ORDER", "TYPE", "WIDTH", "DECIMAL", "COL_WIDTH", "COLUMN_DESCRIPTION", "AMOUNT_FIELD", "QUANTITY_FIELD", "FORMAT_OVERRIDE") VALUES (13, 27, 'Movement Type', to_date('2011-03-29 14:12:42', 'yyyy-mm-dd hh24:mi:ss'), 'PWRPLANT', 21, 'VarChar2', 3, 0, null, null, 0, 0, null) ; 
INSERT INTO "CR_SOURCES_FIELDS" ("SOURCE_ID", "FIELD_ID", "DESCRIPTION", "TIME_STAMP", "USER_ID", "ORDER", "TYPE", "WIDTH", "DECIMAL", "COL_WIDTH", "COLUMN_DESCRIPTION", "AMOUNT_FIELD", "QUANTITY_FIELD", "FORMAT_OVERRIDE") VALUES (13, 28, 'Account Assignment Code', to_date('2011-03-29 14:12:42', 'yyyy-mm-dd hh24:mi:ss'), 'PWRPLANT', 22, 'VarChar2', 30, 0, null, null, 0, 0, null) ; 
INSERT INTO "CR_SOURCES_FIELDS" ("SOURCE_ID", "FIELD_ID", "DESCRIPTION", "TIME_STAMP", "USER_ID", "ORDER", "TYPE", "WIDTH", "DECIMAL", "COL_WIDTH", "COLUMN_DESCRIPTION", "AMOUNT_FIELD", "QUANTITY_FIELD", "FORMAT_OVERRIDE") VALUES (13, 29, 'Valuation Class', to_date('2011-03-29 14:12:42', 'yyyy-mm-dd hh24:mi:ss'), 'PWRPLANT', 23, 'VarChar2', 4, 0, null, null, 0, 0, null) ; 
INSERT INTO "CR_SOURCES_FIELDS" ("SOURCE_ID", "FIELD_ID", "DESCRIPTION", "TIME_STAMP", "USER_ID", "ORDER", "TYPE", "WIDTH", "DECIMAL", "COL_WIDTH", "COLUMN_DESCRIPTION", "AMOUNT_FIELD", "QUANTITY_FIELD", "FORMAT_OVERRIDE") VALUES (13, 30, 'Unit Price', to_date('2011-03-29 14:12:43', 'yyyy-mm-dd hh24:mi:ss'), 'PWRPLANT', 24, 'Number', 22, 2, null, null, 0, 0, null) ; 
INSERT INTO "CR_SOURCES_FIELDS" ("SOURCE_ID", "FIELD_ID", "DESCRIPTION", "TIME_STAMP", "USER_ID", "ORDER", "TYPE", "WIDTH", "DECIMAL", "COL_WIDTH", "COLUMN_DESCRIPTION", "AMOUNT_FIELD", "QUANTITY_FIELD", "FORMAT_OVERRIDE") VALUES (13, 31, 'Plant Location', to_date('2011-03-29 14:12:43', 'yyyy-mm-dd hh24:mi:ss'), 'PWRPLANT', 25, 'VarChar2', 4, 0, null, null, null, null, null) ; 
INSERT INTO "CR_SOURCES_FIELDS" ("SOURCE_ID", "FIELD_ID", "DESCRIPTION", "TIME_STAMP", "USER_ID", "ORDER", "TYPE", "WIDTH", "DECIMAL", "COL_WIDTH", "COLUMN_DESCRIPTION", "AMOUNT_FIELD", "QUANTITY_FIELD", "FORMAT_OVERRIDE") VALUES (13, 32, 'Delivery Location', to_date('2011-03-29 14:12:43', 'yyyy-mm-dd hh24:mi:ss'), 'PWRPLANT', 26, 'VarChar2', 4, 0, null, null, null, null, null) ; 
INSERT INTO "CR_SOURCES_FIELDS" ("SOURCE_ID", "FIELD_ID", "DESCRIPTION", "TIME_STAMP", "USER_ID", "ORDER", "TYPE", "WIDTH", "DECIMAL", "COL_WIDTH", "COLUMN_DESCRIPTION", "AMOUNT_FIELD", "QUANTITY_FIELD", "FORMAT_OVERRIDE") VALUES (13, 33, 'Reimbursable Status', to_date('2011-03-29 14:12:43', 'yyyy-mm-dd hh24:mi:ss'), 'PWRPLANT', 27, 'VarChar2', 10, 0, null, null, null, null, null) ; 
INSERT INTO "CR_SOURCES_FIELDS" ("SOURCE_ID", "FIELD_ID", "DESCRIPTION", "TIME_STAMP", "USER_ID", "ORDER", "TYPE", "WIDTH", "DECIMAL", "COL_WIDTH", "COLUMN_DESCRIPTION", "AMOUNT_FIELD", "QUANTITY_FIELD", "FORMAT_OVERRIDE") VALUES (14, 1, 'ta_version_id', to_date('2011-03-15 15:26:49', 'yyyy-mm-dd hh24:mi:ss'), 'PWRPLANT', 1, 'Number', 22, 0, null, null, 0, 0, null) ; 
INSERT INTO "CR_SOURCES_FIELDS" ("SOURCE_ID", "FIELD_ID", "DESCRIPTION", "TIME_STAMP", "USER_ID", "ORDER", "TYPE", "WIDTH", "DECIMAL", "COL_WIDTH", "COLUMN_DESCRIPTION", "AMOUNT_FIELD", "QUANTITY_FIELD", "FORMAT_OVERRIDE") VALUES (14, 2, 'gl_month', to_date('2011-03-15 15:26:49', 'yyyy-mm-dd hh24:mi:ss'), 'PWRPLANT', 2, 'Number', 22, 2, null, null, 0, 0, null) ; 
INSERT INTO "CR_SOURCES_FIELDS" ("SOURCE_ID", "FIELD_ID", "DESCRIPTION", "TIME_STAMP", "USER_ID", "ORDER", "TYPE", "WIDTH", "DECIMAL", "COL_WIDTH", "COLUMN_DESCRIPTION", "AMOUNT_FIELD", "QUANTITY_FIELD", "FORMAT_OVERRIDE") VALUES (14, 3, 'run_number', to_date('2011-03-15 15:26:49', 'yyyy-mm-dd hh24:mi:ss'), 'PWRPLANT', 3, 'Number', 22, 0, null, null, 0, 0, null) ; 
INSERT INTO "CR_SOURCES_FIELDS" ("SOURCE_ID", "FIELD_ID", "DESCRIPTION", "TIME_STAMP", "USER_ID", "ORDER", "TYPE", "WIDTH", "DECIMAL", "COL_WIDTH", "COLUMN_DESCRIPTION", "AMOUNT_FIELD", "QUANTITY_FIELD", "FORMAT_OVERRIDE") VALUES (14, 4, 'reversal_code', to_date('2011-03-15 15:26:49', 'yyyy-mm-dd hh24:mi:ss'), 'PWRPLANT', 4, 'Number', 22, 0, null, null, 0, 0, null) ; 
INSERT INTO "CR_SOURCES_FIELDS" ("SOURCE_ID", "FIELD_ID", "DESCRIPTION", "TIME_STAMP", "USER_ID", "ORDER", "TYPE", "WIDTH", "DECIMAL", "COL_WIDTH", "COLUMN_DESCRIPTION", "AMOUNT_FIELD", "QUANTITY_FIELD", "FORMAT_OVERRIDE") VALUES (14, 5, 'interface_batch_id', to_date('2011-03-15 15:26:49', 'yyyy-mm-dd hh24:mi:ss'), 'PWRPLANT', 100, 'VarChar2', 35, 0, null, null, 0, 0, null) ; 
INSERT INTO "CR_SOURCES_FIELDS" ("SOURCE_ID", "FIELD_ID", "DESCRIPTION", "TIME_STAMP", "USER_ID", "ORDER", "TYPE", "WIDTH", "DECIMAL", "COL_WIDTH", "COLUMN_DESCRIPTION", "AMOUNT_FIELD", "QUANTITY_FIELD", "FORMAT_OVERRIDE") VALUES (14, 6, 'company_id', to_date('2011-03-15 15:26:49', 'yyyy-mm-dd hh24:mi:ss'), 'PWRPLANT', 5, 'Number', 22, 0, null, null, 0, 0, null) ; 
INSERT INTO "CR_SOURCES_FIELDS" ("SOURCE_ID", "FIELD_ID", "DESCRIPTION", "TIME_STAMP", "USER_ID", "ORDER", "TYPE", "WIDTH", "DECIMAL", "COL_WIDTH", "COLUMN_DESCRIPTION", "AMOUNT_FIELD", "QUANTITY_FIELD", "FORMAT_OVERRIDE") VALUES (14, 7, 'post_date', to_date('2011-03-15 15:26:49', 'yyyy-mm-dd hh24:mi:ss'), 'PWRPLANT', 6, 'VarChar2', 10, 0, null, null, 0, 0, null) ; 
INSERT INTO "CR_SOURCES_FIELDS" ("SOURCE_ID", "FIELD_ID", "DESCRIPTION", "TIME_STAMP", "USER_ID", "ORDER", "TYPE", "WIDTH", "DECIMAL", "COL_WIDTH", "COLUMN_DESCRIPTION", "AMOUNT_FIELD", "QUANTITY_FIELD", "FORMAT_OVERRIDE") VALUES (14, 8, 'item_text', to_date('2011-03-15 15:26:49', 'yyyy-mm-dd hh24:mi:ss'), 'PWRPLANT', 7, 'VarChar2', 50, 0, null, null, 0, 0, null) ; 
INSERT INTO "CR_SOURCES_FIELDS" ("SOURCE_ID", "FIELD_ID", "DESCRIPTION", "TIME_STAMP", "USER_ID", "ORDER", "TYPE", "WIDTH", "DECIMAL", "COL_WIDTH", "COLUMN_DESCRIPTION", "AMOUNT_FIELD", "QUANTITY_FIELD", "FORMAT_OVERRIDE") VALUES (14, 9, 'doc_header_text', to_date('2011-03-15 15:26:49', 'yyyy-mm-dd hh24:mi:ss'), 'PWRPLANT', 8, 'VarChar2', 25, 0, null, null, 0, 0, null) ; 


																																																																																													 

/*
||===============================================================================================================
||
||  CWIP_CHARGE.EXE:
||
||===============================================================================================================
*/

-- cr_to_cc_detail_tables
INSERT INTO "CR_TO_CC_DETAIL_TABLES" ("TABLE_NAME", "GL_JRNL_CATEGORY", "TIME_STAMP", "USER_ID") VALUES (8, ' ', to_date('2011-03-15 11:03:59', 'yyyy-mm-dd hh24:mi:ss'), 'PWRPLANT') ; 
INSERT INTO "CR_TO_CC_DETAIL_TABLES" ("TABLE_NAME", "GL_JRNL_CATEGORY", "TIME_STAMP", "USER_ID") VALUES (14, ' ', to_date('2011-03-15 11:03:59', 'yyyy-mm-dd hh24:mi:ss'), 'PWRPLANT') ; 

-- cr_to_cwip_table_list
INSERT INTO "CR_TO_CWIP_TABLE_LIST" ("TABLE_ID", "TIME_STAMP", "USER_ID", "TABLE_NAME", "TABLE_ALIAS") VALUES (1, to_date('2011-03-15 11:03:59', 'yyyy-mm-dd hh24:mi:ss'), 'PWRPLANT', 'cr_cost_repository', 'cr') ; 
INSERT INTO "CR_TO_CWIP_TABLE_LIST" ("TABLE_ID", "TIME_STAMP", "USER_ID", "TABLE_NAME", "TABLE_ALIAS") VALUES (2, to_date('2011-03-15 11:03:59', 'yyyy-mm-dd hh24:mi:ss'), 'PWRPLANT', 'department', 'd') ; 
INSERT INTO "CR_TO_CWIP_TABLE_LIST" ("TABLE_ID", "TIME_STAMP", "USER_ID", "TABLE_NAME", "TABLE_ALIAS") VALUES (3, to_date('2011-03-15 11:03:59', 'yyyy-mm-dd hh24:mi:ss'), 'PWRPLANT', 'cost_element', 'ce') ; 
INSERT INTO "CR_TO_CWIP_TABLE_LIST" ("TABLE_ID", "TIME_STAMP", "USER_ID", "TABLE_NAME", "TABLE_ALIAS") VALUES (4, to_date('2011-03-15 11:03:59', 'yyyy-mm-dd hh24:mi:ss'), 'PWRPLANT', 'gl_account', 'gla') ; 
INSERT INTO "CR_TO_CWIP_TABLE_LIST" ("TABLE_ID", "TIME_STAMP", "USER_ID", "TABLE_NAME", "TABLE_ALIAS") VALUES (5, to_date('2011-03-15 11:03:59', 'yyyy-mm-dd hh24:mi:ss'), 'PWRPLANT', 'work_order_control', 'woc') ; 
INSERT INTO "CR_TO_CWIP_TABLE_LIST" ("TABLE_ID", "TIME_STAMP", "USER_ID", "TABLE_NAME", "TABLE_ALIAS") VALUES (6, to_date('2011-03-15 11:03:59', 'yyyy-mm-dd hh24:mi:ss'), 'PWRPLANT', 'company_setup', 'cs') ; 
INSERT INTO "CR_TO_CWIP_TABLE_LIST" ("TABLE_ID", "TIME_STAMP", "USER_ID", "TABLE_NAME", "TABLE_ALIAS") VALUES (8, to_date('2011-03-15 11:03:59', 'yyyy-mm-dd hh24:mi:ss'), 'PWRPLANT', 'job_task_list', 'jtl') ; 
INSERT INTO "CR_TO_CWIP_TABLE_LIST" ("TABLE_ID", "TIME_STAMP", "USER_ID", "TABLE_NAME", "TABLE_ALIAS") VALUES (9, to_date('2011-03-15 11:03:59', 'yyyy-mm-dd hh24:mi:ss'), 'PWRPLANT', 'asset_location', 'al') ; 
INSERT INTO "CR_TO_CWIP_TABLE_LIST" ("TABLE_ID", "TIME_STAMP", "USER_ID", "TABLE_NAME", "TABLE_ALIAS") VALUES (10, to_date('2011-03-15 11:03:59', 'yyyy-mm-dd hh24:mi:ss'), 'PWRPLANT', 'sub_account', 'sa') ; 
INSERT INTO "CR_TO_CWIP_TABLE_LIST" ("TABLE_ID", "TIME_STAMP", "USER_ID", "TABLE_NAME", "TABLE_ALIAS") VALUES (11, to_date('2011-03-15 11:03:59', 'yyyy-mm-dd hh24:mi:ss'), 'PWRPLANT', 'retirement_unit', 'ru') ; 
INSERT INTO "CR_TO_CWIP_TABLE_LIST" ("TABLE_ID", "TIME_STAMP", "USER_ID", "TABLE_NAME", "TABLE_ALIAS") VALUES (12, to_date('2011-03-15 11:03:59', 'yyyy-mm-dd hh24:mi:ss'), 'PWRPLANT', 'business_segment', 'bs') ; 
INSERT INTO "CR_TO_CWIP_TABLE_LIST" ("TABLE_ID", "TIME_STAMP", "USER_ID", "TABLE_NAME", "TABLE_ALIAS") VALUES (13, to_date('2011-03-15 11:03:59', 'yyyy-mm-dd hh24:mi:ss'), 'PWRPLANT', 'utility_account', 'ua') ; 
INSERT INTO "CR_TO_CWIP_TABLE_LIST" ("TABLE_ID", "TIME_STAMP", "USER_ID", "TABLE_NAME", "TABLE_ALIAS") VALUES (14, to_date('2011-03-15 11:03:59', 'yyyy-mm-dd hh24:mi:ss'), 'PWRPLANT', 'company_bus_segment_control', 'cbs') ; 
INSERT INTO "CR_TO_CWIP_TABLE_LIST" ("TABLE_ID", "TIME_STAMP", "USER_ID", "TABLE_NAME", "TABLE_ALIAS") VALUES (15, to_date('2011-03-15 11:03:59', 'yyyy-mm-dd hh24:mi:ss'), 'PWRPLANT', 'division', 'div') ; 
INSERT INTO "CR_TO_CWIP_TABLE_LIST" ("TABLE_ID", "TIME_STAMP", "USER_ID", "TABLE_NAME", "TABLE_ALIAS") VALUES (16, to_date('2011-03-15 11:03:59', 'yyyy-mm-dd hh24:mi:ss'), 'PWRPLANT', 'expenditure_type', 'et') ; 
INSERT INTO "CR_TO_CWIP_TABLE_LIST" ("TABLE_ID", "TIME_STAMP", "USER_ID", "TABLE_NAME", "TABLE_ALIAS") VALUES (17, to_date('2011-03-15 11:03:59', 'yyyy-mm-dd hh24:mi:ss'), 'PWRPLANT', 'work_order_account', 'woa') ; 
INSERT INTO "CR_TO_CWIP_TABLE_LIST" ("TABLE_ID", "TIME_STAMP", "USER_ID", "TABLE_NAME", "TABLE_ALIAS") VALUES (18, to_date('2011-03-15 11:03:59', 'yyyy-mm-dd hh24:mi:ss'), 'PWRPLANT', 'cr_gl_journal_category', 'gljc') ; 
INSERT INTO "CR_TO_CWIP_TABLE_LIST" ("TABLE_ID", "TIME_STAMP", "USER_ID", "TABLE_NAME", "TABLE_ALIAS") VALUES (19, to_date('2011-03-15 11:03:59', 'yyyy-mm-dd hh24:mi:ss'), 'PWRPLANT', 'stck_keep_unit', 'sku') ; 
INSERT INTO "CR_TO_CWIP_TABLE_LIST" ("TABLE_ID", "TIME_STAMP", "USER_ID", "TABLE_NAME", "TABLE_ALIAS") VALUES (20, to_date('2011-03-15 11:03:59', 'yyyy-mm-dd hh24:mi:ss'), 'PWRPLANT', 'cr_accounts_payable', 'cap') ; 
INSERT INTO "CR_TO_CWIP_TABLE_LIST" ("TABLE_ID", "TIME_STAMP", "USER_ID", "TABLE_NAME", "TABLE_ALIAS") VALUES (21, to_date('2011-03-15 11:03:59', 'yyyy-mm-dd hh24:mi:ss'), 'PWRPLANT', 'cr_inventory', 'cin') ; 

-- cr_to_cwip_control
INSERT INTO "CR_TO_CWIP_CONTROL" ("CONTROL_ID", "CWIP_COL", "TRANSLATE_ID", "VAL_TO_INSERT", "TIME_STAMP", "USER_ID", "ORDER", "ACTIVE_MAPPING", "VALIDATE_EXTERNAL", "EXTERNAL_MAPPING", "VALIDATE_ID", "ID_MAPPING", "MAP_FROM_CR", "EDITABLE", "SOURCE_ID") VALUES (114, 'EXTERNAL_GL_ACCOUNT', null, 'cr."ACCOUNT"', to_date('2011-03-15 11:03:59', 'yyyy-mm-dd hh24:mi:ss'), 'PWRPLANT', 14, 1, 0, -1, 0, -1, 1, 1, 14) ; 
INSERT INTO "CR_TO_CWIP_CONTROL" ("CONTROL_ID", "CWIP_COL", "TRANSLATE_ID", "VAL_TO_INSERT", "TIME_STAMP", "USER_ID", "ORDER", "ACTIVE_MAPPING", "VALIDATE_EXTERNAL", "EXTERNAL_MAPPING", "VALIDATE_ID", "ID_MAPPING", "MAP_FROM_CR", "EDITABLE", "SOURCE_ID") VALUES (115, 'GL_ACCOUNT_ID', 6, 'cr."ACCOUNT"', to_date('2011-03-15 11:03:59', 'yyyy-mm-dd hh24:mi:ss'), 'PWRPLANT', 15, 1, 1, 6, 0, 56, 1, 1, 14) ; 
INSERT INTO "CR_TO_CWIP_CONTROL" ("CONTROL_ID", "CWIP_COL", "TRANSLATE_ID", "VAL_TO_INSERT", "TIME_STAMP", "USER_ID", "ORDER", "ACTIVE_MAPPING", "VALIDATE_EXTERNAL", "EXTERNAL_MAPPING", "VALIDATE_ID", "ID_MAPPING", "MAP_FROM_CR", "EDITABLE", "SOURCE_ID") VALUES (116, 'CHARGE_TYPE_ID', 4, 'cr."COST_ELEMENT"', to_date('2011-03-15 11:03:59', 'yyyy-mm-dd hh24:mi:ss'), 'PWRPLANT', 16, 1, 1, 4, 0, 54, 1, 1, 14) ; 
INSERT INTO "CR_TO_CWIP_CONTROL" ("CONTROL_ID", "CWIP_COL", "TRANSLATE_ID", "VAL_TO_INSERT", "TIME_STAMP", "USER_ID", "ORDER", "ACTIVE_MAPPING", "VALIDATE_EXTERNAL", "EXTERNAL_MAPPING", "VALIDATE_ID", "ID_MAPPING", "MAP_FROM_CR", "EDITABLE", "SOURCE_ID") VALUES (117, 'DESCRIPTION', null, 'cr."COST_ELEMENT"', to_date('2011-03-15 11:03:59', 'yyyy-mm-dd hh24:mi:ss'), 'PWRPLANT', 17, 1, 0, 5, 0, 55, 1, 1, 14) ; 
INSERT INTO "CR_TO_CWIP_CONTROL" ("CONTROL_ID", "CWIP_COL", "TRANSLATE_ID", "VAL_TO_INSERT", "TIME_STAMP", "USER_ID", "ORDER", "ACTIVE_MAPPING", "VALIDATE_EXTERNAL", "EXTERNAL_MAPPING", "VALIDATE_ID", "ID_MAPPING", "MAP_FROM_CR", "EDITABLE", "SOURCE_ID") VALUES (118, 'JOB_TASK_ID', null, 'cr."ORDER_NUMBER"', to_date('2011-03-15 17:20:02', 'yyyy-mm-dd hh24:mi:ss'), 'PWRPLANT', 18, 1, 0, 7, 0, 57, 1, 1, 14) ; 
INSERT INTO "CR_TO_CWIP_CONTROL" ("CONTROL_ID", "CWIP_COL", "TRANSLATE_ID", "VAL_TO_INSERT", "TIME_STAMP", "USER_ID", "ORDER", "ACTIVE_MAPPING", "VALIDATE_EXTERNAL", "EXTERNAL_MAPPING", "VALIDATE_ID", "ID_MAPPING", "MAP_FROM_CR", "EDITABLE", "SOURCE_ID") VALUES (119, 'CHARGE_MO_YR', null, 'to_date(cr.MONTH_NUMBER, ''yyyymm'')', to_date('2011-03-15 11:03:59', 'yyyy-mm-dd hh24:mi:ss'), 'PWRPLANT', 19, 1, 1, 103, 0, -1, 0, 1, 14) ; 
INSERT INTO "CR_TO_CWIP_CONTROL" ("CONTROL_ID", "CWIP_COL", "TRANSLATE_ID", "VAL_TO_INSERT", "TIME_STAMP", "USER_ID", "ORDER", "ACTIVE_MAPPING", "VALIDATE_EXTERNAL", "EXTERNAL_MAPPING", "VALIDATE_ID", "ID_MAPPING", "MAP_FROM_CR", "EDITABLE", "SOURCE_ID") VALUES (120, 'ASSET_LOCATION_ID', null, null, to_date('2011-03-15 11:03:59', 'yyyy-mm-dd hh24:mi:ss'), 'PWRPLANT', 20, 0, 1, 8, 0, 58, 1, 1, 14) ; 
INSERT INTO "CR_TO_CWIP_CONTROL" ("CONTROL_ID", "CWIP_COL", "TRANSLATE_ID", "VAL_TO_INSERT", "TIME_STAMP", "USER_ID", "ORDER", "ACTIVE_MAPPING", "VALIDATE_EXTERNAL", "EXTERNAL_MAPPING", "VALIDATE_ID", "ID_MAPPING", "MAP_FROM_CR", "EDITABLE", "SOURCE_ID") VALUES (121, 'SUB_ACCOUNT_ID', null, null, to_date('2011-03-15 11:03:59', 'yyyy-mm-dd hh24:mi:ss'), 'PWRPLANT', 21, 0, 1, -1, 0, -1, 1, 1, 14) ; 
INSERT INTO "CR_TO_CWIP_CONTROL" ("CONTROL_ID", "CWIP_COL", "TRANSLATE_ID", "VAL_TO_INSERT", "TIME_STAMP", "USER_ID", "ORDER", "ACTIVE_MAPPING", "VALIDATE_EXTERNAL", "EXTERNAL_MAPPING", "VALIDATE_ID", "ID_MAPPING", "MAP_FROM_CR", "EDITABLE", "SOURCE_ID") VALUES (122, 'RETIREMENT_UNIT_ID', null, null, to_date('2011-03-15 11:03:59', 'yyyy-mm-dd hh24:mi:ss'), 'PWRPLANT', 22, 0, 1, 9, 0, 59, 1, 1, 14) ; 
INSERT INTO "CR_TO_CWIP_CONTROL" ("CONTROL_ID", "CWIP_COL", "TRANSLATE_ID", "VAL_TO_INSERT", "TIME_STAMP", "USER_ID", "ORDER", "ACTIVE_MAPPING", "VALIDATE_EXTERNAL", "EXTERNAL_MAPPING", "VALIDATE_ID", "ID_MAPPING", "MAP_FROM_CR", "EDITABLE", "SOURCE_ID") VALUES (123, 'BUS_SEGMENT_ID', null, null, to_date('2011-03-15 11:03:59', 'yyyy-mm-dd hh24:mi:ss'), 'PWRPLANT', 23, 0, 1, 10, 0, 60, 1, 1, 14) ; 
INSERT INTO "CR_TO_CWIP_CONTROL" ("CONTROL_ID", "CWIP_COL", "TRANSLATE_ID", "VAL_TO_INSERT", "TIME_STAMP", "USER_ID", "ORDER", "ACTIVE_MAPPING", "VALIDATE_EXTERNAL", "EXTERNAL_MAPPING", "VALIDATE_ID", "ID_MAPPING", "MAP_FROM_CR", "EDITABLE", "SOURCE_ID") VALUES (124, 'UTILITY_ACCOUNT_ID', null, null, to_date('2011-03-15 11:03:59', 'yyyy-mm-dd hh24:mi:ss'), 'PWRPLANT', 24, 0, 1, -1, 0, -1, 1, 1, 14) ; 
INSERT INTO "CR_TO_CWIP_CONTROL" ("CONTROL_ID", "CWIP_COL", "TRANSLATE_ID", "VAL_TO_INSERT", "TIME_STAMP", "USER_ID", "ORDER", "ACTIVE_MAPPING", "VALIDATE_EXTERNAL", "EXTERNAL_MAPPING", "VALIDATE_ID", "ID_MAPPING", "MAP_FROM_CR", "EDITABLE", "SOURCE_ID") VALUES (125, 'SERIAL_NUMBER', null, null, to_date('2011-03-15 11:03:59', 'yyyy-mm-dd hh24:mi:ss'), 'PWRPLANT', 25, 0, 0, -1, 0, -1, 1, 1, 14) ; 
INSERT INTO "CR_TO_CWIP_CONTROL" ("CONTROL_ID", "CWIP_COL", "TRANSLATE_ID", "VAL_TO_INSERT", "TIME_STAMP", "USER_ID", "ORDER", "ACTIVE_MAPPING", "VALIDATE_EXTERNAL", "EXTERNAL_MAPPING", "VALIDATE_ID", "ID_MAPPING", "MAP_FROM_CR", "EDITABLE", "SOURCE_ID") VALUES (126, 'ID_NUMBER', null, null, to_date('2011-03-15 11:03:59', 'yyyy-mm-dd hh24:mi:ss'), 'PWRPLANT', 26, 0, 0, -1, 0, -1, 1, 1, 14) ; 
INSERT INTO "CR_TO_CWIP_CONTROL" ("CONTROL_ID", "CWIP_COL", "TRANSLATE_ID", "VAL_TO_INSERT", "TIME_STAMP", "USER_ID", "ORDER", "ACTIVE_MAPPING", "VALIDATE_EXTERNAL", "EXTERNAL_MAPPING", "VALIDATE_ID", "ID_MAPPING", "MAP_FROM_CR", "EDITABLE", "SOURCE_ID") VALUES (127, 'LOADING_AMOUNT', null, null, to_date('2011-03-15 11:03:59', 'yyyy-mm-dd hh24:mi:ss'), 'PWRPLANT', 27, 0, 0, -1, 0, -1, 1, 1, 14) ; 
INSERT INTO "CR_TO_CWIP_CONTROL" ("CONTROL_ID", "CWIP_COL", "TRANSLATE_ID", "VAL_TO_INSERT", "TIME_STAMP", "USER_ID", "ORDER", "ACTIVE_MAPPING", "VALIDATE_EXTERNAL", "EXTERNAL_MAPPING", "VALIDATE_ID", "ID_MAPPING", "MAP_FROM_CR", "EDITABLE", "SOURCE_ID") VALUES (128, 'VENDOR_INFORMATION', null, null, to_date('2011-03-15 11:03:59', 'yyyy-mm-dd hh24:mi:ss'), 'PWRPLANT', 28, 0, 1, 104, 0, -1, 0, 1, 14) ; 
INSERT INTO "CR_TO_CWIP_CONTROL" ("CONTROL_ID", "CWIP_COL", "TRANSLATE_ID", "VAL_TO_INSERT", "TIME_STAMP", "USER_ID", "ORDER", "ACTIVE_MAPPING", "VALIDATE_EXTERNAL", "EXTERNAL_MAPPING", "VALIDATE_ID", "ID_MAPPING", "MAP_FROM_CR", "EDITABLE", "SOURCE_ID") VALUES (129, 'ORIGINAL_AMOUNT', null, null, to_date('2011-03-15 11:03:59', 'yyyy-mm-dd hh24:mi:ss'), 'PWRPLANT', 29, 0, 0, -1, 0, -1, 1, 1, 14) ; 
INSERT INTO "CR_TO_CWIP_CONTROL" ("CONTROL_ID", "CWIP_COL", "TRANSLATE_ID", "VAL_TO_INSERT", "TIME_STAMP", "USER_ID", "ORDER", "ACTIVE_MAPPING", "VALIDATE_EXTERNAL", "EXTERNAL_MAPPING", "VALIDATE_ID", "ID_MAPPING", "MAP_FROM_CR", "EDITABLE", "SOURCE_ID") VALUES (130, 'ORIGINAL_CURRENCY', null, null, to_date('2011-03-15 11:03:59', 'yyyy-mm-dd hh24:mi:ss'), 'PWRPLANT', 30, 0, 0, -1, 0, -1, 1, 1, 14) ; 
INSERT INTO "CR_TO_CWIP_CONTROL" ("CONTROL_ID", "CWIP_COL", "TRANSLATE_ID", "VAL_TO_INSERT", "TIME_STAMP", "USER_ID", "ORDER", "ACTIVE_MAPPING", "VALIDATE_EXTERNAL", "EXTERNAL_MAPPING", "VALIDATE_ID", "ID_MAPPING", "MAP_FROM_CR", "EDITABLE", "SOURCE_ID") VALUES (131, 'CLOSED_MONTH_NUMBER', null, null, to_date('2011-03-15 11:03:59', 'yyyy-mm-dd hh24:mi:ss'), 'PWRPLANT', 31, 0, 0, -1, 0, -1, 1, 0, 14) ; 
INSERT INTO "CR_TO_CWIP_CONTROL" ("CONTROL_ID", "CWIP_COL", "TRANSLATE_ID", "VAL_TO_INSERT", "TIME_STAMP", "USER_ID", "ORDER", "ACTIVE_MAPPING", "VALIDATE_EXTERNAL", "EXTERNAL_MAPPING", "VALIDATE_ID", "ID_MAPPING", "MAP_FROM_CR", "EDITABLE", "SOURCE_ID") VALUES (132, 'EXCLUDE_FROM_OVERHEADS', null, null, to_date('2011-03-15 11:03:59', 'yyyy-mm-dd hh24:mi:ss'), 'PWRPLANT', 32, 0, 0, -1, 0, -1, 1, 1, 14) ; 
INSERT INTO "CR_TO_CWIP_CONTROL" ("CONTROL_ID", "CWIP_COL", "TRANSLATE_ID", "VAL_TO_INSERT", "TIME_STAMP", "USER_ID", "ORDER", "ACTIVE_MAPPING", "VALIDATE_EXTERNAL", "EXTERNAL_MAPPING", "VALIDATE_ID", "ID_MAPPING", "MAP_FROM_CR", "EDITABLE", "SOURCE_ID") VALUES (133, 'NON_UNITIZED_STATUS', null, null, to_date('2011-03-15 11:03:59', 'yyyy-mm-dd hh24:mi:ss'), 'PWRPLANT', 33, 0, 0, -1, 0, -1, 1, 0, 14) ; 
INSERT INTO "CR_TO_CWIP_CONTROL" ("CONTROL_ID", "CWIP_COL", "TRANSLATE_ID", "VAL_TO_INSERT", "TIME_STAMP", "USER_ID", "ORDER", "ACTIVE_MAPPING", "VALIDATE_EXTERNAL", "EXTERNAL_MAPPING", "VALIDATE_ID", "ID_MAPPING", "MAP_FROM_CR", "EDITABLE", "SOURCE_ID") VALUES (134, 'REFERENCE_NUMBER', null, 'cr."MATERIAL_NUMBER"', to_date('2011-03-15 11:03:59', 'yyyy-mm-dd hh24:mi:ss'), 'PWRPLANT', 34, 1, 0, -1, 0, -1, 1, 1, 14) ; 
INSERT INTO "CR_TO_CWIP_CONTROL" ("CONTROL_ID", "CWIP_COL", "TRANSLATE_ID", "VAL_TO_INSERT", "TIME_STAMP", "USER_ID", "ORDER", "ACTIVE_MAPPING", "VALIDATE_EXTERNAL", "EXTERNAL_MAPPING", "VALIDATE_ID", "ID_MAPPING", "MAP_FROM_CR", "EDITABLE", "SOURCE_ID") VALUES (135, 'UNITS', null, 'cr."ORDER_NUMBER"', to_date('2011-03-15 11:03:59', 'yyyy-mm-dd hh24:mi:ss'), 'PWRPLANT', 35, 0, 0, -1, 0, -1, 1, 1, 14) ; 
INSERT INTO "CR_TO_CWIP_CONTROL" ("CONTROL_ID", "CWIP_COL", "TRANSLATE_ID", "VAL_TO_INSERT", "TIME_STAMP", "USER_ID", "ORDER", "ACTIVE_MAPPING", "VALIDATE_EXTERNAL", "EXTERNAL_MAPPING", "VALIDATE_ID", "ID_MAPPING", "MAP_FROM_CR", "EDITABLE", "SOURCE_ID") VALUES (136, 'NOTES', null, 'cr."MATERIAL_DESCRIPTION"', to_date('2011-03-15 11:03:59', 'yyyy-mm-dd hh24:mi:ss'), 'PWRPLANT', 36, 1, 0, -1, 0, -1, 1, 1, 14) ; 
INSERT INTO "CR_TO_CWIP_CONTROL" ("CONTROL_ID", "CWIP_COL", "TRANSLATE_ID", "VAL_TO_INSERT", "TIME_STAMP", "USER_ID", "ORDER", "ACTIVE_MAPPING", "VALIDATE_EXTERNAL", "EXTERNAL_MAPPING", "VALIDATE_ID", "ID_MAPPING", "MAP_FROM_CR", "EDITABLE", "SOURCE_ID") VALUES (137, 'PO_NUMBER', null, 'cr."PO_ITEM_NUMBER"', to_date('2011-03-15 11:03:59', 'yyyy-mm-dd hh24:mi:ss'), 'PWRPLANT', 37, 1, 0, -1, 0, -1, 1, 1, 14) ; 
INSERT INTO "CR_TO_CWIP_CONTROL" ("CONTROL_ID", "CWIP_COL", "TRANSLATE_ID", "VAL_TO_INSERT", "TIME_STAMP", "USER_ID", "ORDER", "ACTIVE_MAPPING", "VALIDATE_EXTERNAL", "EXTERNAL_MAPPING", "VALIDATE_ID", "ID_MAPPING", "MAP_FROM_CR", "EDITABLE", "SOURCE_ID") VALUES (138, 'STCK_KEEP_UNIT_ID', null, 'cr."MATERIAL_NUMBER"', to_date('2011-03-15 11:03:59', 'yyyy-mm-dd hh24:mi:ss'), 'PWRPLANT', 38, 0, 1, 106, 0, -1, 1, 1, 14) ; 
INSERT INTO "CR_TO_CWIP_CONTROL" ("CONTROL_ID", "CWIP_COL", "TRANSLATE_ID", "VAL_TO_INSERT", "TIME_STAMP", "USER_ID", "ORDER", "ACTIVE_MAPPING", "VALIDATE_EXTERNAL", "EXTERNAL_MAPPING", "VALIDATE_ID", "ID_MAPPING", "MAP_FROM_CR", "EDITABLE", "SOURCE_ID") VALUES (139, 'PAYMENT_DATE', null, null, to_date('2011-03-15 11:03:59', 'yyyy-mm-dd hh24:mi:ss'), 'PWRPLANT', 39, 0, 0, -1, 0, -1, 1, 1, 14) ; 
INSERT INTO "CR_TO_CWIP_CONTROL" ("CONTROL_ID", "CWIP_COL", "TRANSLATE_ID", "VAL_TO_INSERT", "TIME_STAMP", "USER_ID", "ORDER", "ACTIVE_MAPPING", "VALIDATE_EXTERNAL", "EXTERNAL_MAPPING", "VALIDATE_ID", "ID_MAPPING", "MAP_FROM_CR", "EDITABLE", "SOURCE_ID") VALUES (140, 'UNIT_CLOSED_MONTH_NUMBER', null, null, to_date('2011-03-15 11:03:59', 'yyyy-mm-dd hh24:mi:ss'), 'PWRPLANT', 40, 0, 0, -1, 0, -1, 1, 0, 14) ; 
INSERT INTO "CR_TO_CWIP_CONTROL" ("CONTROL_ID", "CWIP_COL", "TRANSLATE_ID", "VAL_TO_INSERT", "TIME_STAMP", "USER_ID", "ORDER", "ACTIVE_MAPPING", "VALIDATE_EXTERNAL", "EXTERNAL_MAPPING", "VALIDATE_ID", "ID_MAPPING", "MAP_FROM_CR", "EDITABLE", "SOURCE_ID") VALUES (201, 'CHARGE_ID', null, 'cr.id', to_date('2011-03-16 10:02:10', 'yyyy-mm-dd hh24:mi:ss'), 'PWRPLANT', 1, 1, 0, -1, 0, -1, 1, 0, 8) ; 
INSERT INTO "CR_TO_CWIP_CONTROL" ("CONTROL_ID", "CWIP_COL", "TRANSLATE_ID", "VAL_TO_INSERT", "TIME_STAMP", "USER_ID", "ORDER", "ACTIVE_MAPPING", "VALIDATE_EXTERNAL", "EXTERNAL_MAPPING", "VALIDATE_ID", "ID_MAPPING", "MAP_FROM_CR", "EDITABLE", "SOURCE_ID") VALUES (202, 'CHARGE_AUDIT_ID', null, '0', to_date('2011-03-15 11:03:59', 'yyyy-mm-dd hh24:mi:ss'), 'PWRPLANT', 2, 1, 0, -1, 0, -1, 0, 0, 8) ; 
INSERT INTO "CR_TO_CWIP_CONTROL" ("CONTROL_ID", "CWIP_COL", "TRANSLATE_ID", "VAL_TO_INSERT", "TIME_STAMP", "USER_ID", "ORDER", "ACTIVE_MAPPING", "VALIDATE_EXTERNAL", "EXTERNAL_MAPPING", "VALIDATE_ID", "ID_MAPPING", "MAP_FROM_CR", "EDITABLE", "SOURCE_ID") VALUES (203, 'QUANTITY', null, 'cr."QUANTITY"', to_date('2011-03-15 11:03:59', 'yyyy-mm-dd hh24:mi:ss'), 'PWRPLANT', 3, 1, 0, -1, 0, -1, 1, 1, 8) ; 
INSERT INTO "CR_TO_CWIP_CONTROL" ("CONTROL_ID", "CWIP_COL", "TRANSLATE_ID", "VAL_TO_INSERT", "TIME_STAMP", "USER_ID", "ORDER", "ACTIVE_MAPPING", "VALIDATE_EXTERNAL", "EXTERNAL_MAPPING", "VALIDATE_ID", "ID_MAPPING", "MAP_FROM_CR", "EDITABLE", "SOURCE_ID") VALUES (204, 'AMOUNT', null, 'cr."AMOUNT"', to_date('2011-03-15 11:03:59', 'yyyy-mm-dd hh24:mi:ss'), 'PWRPLANT', 4, 1, 0, -1, 0, -1, 1, 1, 8) ; 
INSERT INTO "CR_TO_CWIP_CONTROL" ("CONTROL_ID", "CWIP_COL", "TRANSLATE_ID", "VAL_TO_INSERT", "TIME_STAMP", "USER_ID", "ORDER", "ACTIVE_MAPPING", "VALIDATE_EXTERNAL", "EXTERNAL_MAPPING", "VALIDATE_ID", "ID_MAPPING", "MAP_FROM_CR", "EDITABLE", "SOURCE_ID") VALUES (205, 'EXPENDITURE_TYPE_ID', null, '0', to_date('2011-03-15 18:11:26', 'yyyy-mm-dd hh24:mi:ss'), 'PWRPLANT', 5, 1, 0, 102, 0, 102, 0, 1, 8) ; 
INSERT INTO "CR_TO_CWIP_CONTROL" ("CONTROL_ID", "CWIP_COL", "TRANSLATE_ID", "VAL_TO_INSERT", "TIME_STAMP", "USER_ID", "ORDER", "ACTIVE_MAPPING", "VALIDATE_EXTERNAL", "EXTERNAL_MAPPING", "VALIDATE_ID", "ID_MAPPING", "MAP_FROM_CR", "EDITABLE", "SOURCE_ID") VALUES (206, 'HOURS', null, '0', to_date('2011-03-15 11:03:59', 'yyyy-mm-dd hh24:mi:ss'), 'PWRPLANT', 6, 1, 0, -1, 0, -1, 0, 1, 8) ; 
INSERT INTO "CR_TO_CWIP_CONTROL" ("CONTROL_ID", "CWIP_COL", "TRANSLATE_ID", "VAL_TO_INSERT", "TIME_STAMP", "USER_ID", "ORDER", "ACTIVE_MAPPING", "VALIDATE_EXTERNAL", "EXTERNAL_MAPPING", "VALIDATE_ID", "ID_MAPPING", "MAP_FROM_CR", "EDITABLE", "SOURCE_ID") VALUES (207, 'MONTH_NUMBER', null, 'cr."MONTH_NUMBER"', to_date('2011-03-15 11:03:59', 'yyyy-mm-dd hh24:mi:ss'), 'PWRPLANT', 7, 1, 0, -1, 0, -1, 1, 1, 8) ; 
INSERT INTO "CR_TO_CWIP_CONTROL" ("CONTROL_ID", "CWIP_COL", "TRANSLATE_ID", "VAL_TO_INSERT", "TIME_STAMP", "USER_ID", "ORDER", "ACTIVE_MAPPING", "VALIDATE_EXTERNAL", "EXTERNAL_MAPPING", "VALIDATE_ID", "ID_MAPPING", "MAP_FROM_CR", "EDITABLE", "SOURCE_ID") VALUES (208, 'STATUS', null, null, to_date('2011-03-15 11:03:59', 'yyyy-mm-dd hh24:mi:ss'), 'PWRPLANT', 8, 0, 0, -1, 0, -1, 1, 1, 8) ; 
INSERT INTO "CR_TO_CWIP_CONTROL" ("CONTROL_ID", "CWIP_COL", "TRANSLATE_ID", "VAL_TO_INSERT", "TIME_STAMP", "USER_ID", "ORDER", "ACTIVE_MAPPING", "VALIDATE_EXTERNAL", "EXTERNAL_MAPPING", "VALIDATE_ID", "ID_MAPPING", "MAP_FROM_CR", "EDITABLE", "SOURCE_ID") VALUES (209, 'JOURNAL_CODE', null, 'cr."GL_JOURNAL_CATEGORY"', to_date('2011-03-15 11:03:59', 'yyyy-mm-dd hh24:mi:ss'), 'PWRPLANT', 9, 1, 0, -1, 0, -1, 1, 1, 8) ; 
INSERT INTO "CR_TO_CWIP_CONTROL" ("CONTROL_ID", "CWIP_COL", "TRANSLATE_ID", "VAL_TO_INSERT", "TIME_STAMP", "USER_ID", "ORDER", "ACTIVE_MAPPING", "VALIDATE_EXTERNAL", "EXTERNAL_MAPPING", "VALIDATE_ID", "ID_MAPPING", "MAP_FROM_CR", "EDITABLE", "SOURCE_ID") VALUES (210, 'COMPANY_ID', 1, 'cr."COMPANY"', to_date('2011-03-15 11:03:59', 'yyyy-mm-dd hh24:mi:ss'), 'PWRPLANT', 10, 1, 1, 1, 0, 51, 1, 1, 8) ; 
INSERT INTO "CR_TO_CWIP_CONTROL" ("CONTROL_ID", "CWIP_COL", "TRANSLATE_ID", "VAL_TO_INSERT", "TIME_STAMP", "USER_ID", "ORDER", "ACTIVE_MAPPING", "VALIDATE_EXTERNAL", "EXTERNAL_MAPPING", "VALIDATE_ID", "ID_MAPPING", "MAP_FROM_CR", "EDITABLE", "SOURCE_ID") VALUES (211, 'WORK_ORDER_ID', 11, 'cr."WORK_ORDER_NUMBER"', to_date('2011-03-15 11:03:59', 'yyyy-mm-dd hh24:mi:ss'), 'PWRPLANT', 11, 1, 1, 11, 0, 11, 1, 1, 8) ; 
INSERT INTO "CR_TO_CWIP_CONTROL" ("CONTROL_ID", "CWIP_COL", "TRANSLATE_ID", "VAL_TO_INSERT", "TIME_STAMP", "USER_ID", "ORDER", "ACTIVE_MAPPING", "VALIDATE_EXTERNAL", "EXTERNAL_MAPPING", "VALIDATE_ID", "ID_MAPPING", "MAP_FROM_CR", "EDITABLE", "SOURCE_ID") VALUES (212, 'DEPARTMENT_ID', 2, 'cr."COST_CENTER"', to_date('2011-03-15 11:03:59', 'yyyy-mm-dd hh24:mi:ss'), 'PWRPLANT', 12, 1, 1, 2, 0, 52, 1, 1, 8) ; 
INSERT INTO "CR_TO_CWIP_CONTROL" ("CONTROL_ID", "CWIP_COL", "TRANSLATE_ID", "VAL_TO_INSERT", "TIME_STAMP", "USER_ID", "ORDER", "ACTIVE_MAPPING", "VALIDATE_EXTERNAL", "EXTERNAL_MAPPING", "VALIDATE_ID", "ID_MAPPING", "MAP_FROM_CR", "EDITABLE", "SOURCE_ID") VALUES (213, 'COST_ELEMENT_ID', 3, 'cr."COST_ELEMENT"', to_date('2011-03-15 11:03:59', 'yyyy-mm-dd hh24:mi:ss'), 'PWRPLANT', 13, 1, 1, 3, 0, 53, 1, 1, 8) ; 
INSERT INTO "CR_TO_CWIP_CONTROL" ("CONTROL_ID", "CWIP_COL", "TRANSLATE_ID", "VAL_TO_INSERT", "TIME_STAMP", "USER_ID", "ORDER", "ACTIVE_MAPPING", "VALIDATE_EXTERNAL", "EXTERNAL_MAPPING", "VALIDATE_ID", "ID_MAPPING", "MAP_FROM_CR", "EDITABLE", "SOURCE_ID") VALUES (214, 'EXTERNAL_GL_ACCOUNT', null, 'cr."ACCOUNT"', to_date('2011-03-15 11:03:59', 'yyyy-mm-dd hh24:mi:ss'), 'PWRPLANT', 14, 1, 0, -1, 0, -1, 1, 1, 8) ; 
INSERT INTO "CR_TO_CWIP_CONTROL" ("CONTROL_ID", "CWIP_COL", "TRANSLATE_ID", "VAL_TO_INSERT", "TIME_STAMP", "USER_ID", "ORDER", "ACTIVE_MAPPING", "VALIDATE_EXTERNAL", "EXTERNAL_MAPPING", "VALIDATE_ID", "ID_MAPPING", "MAP_FROM_CR", "EDITABLE", "SOURCE_ID") VALUES (215, 'GL_ACCOUNT_ID', 6, 'cr."ACCOUNT"', to_date('2011-03-15 11:03:59', 'yyyy-mm-dd hh24:mi:ss'), 'PWRPLANT', 15, 1, 1, 6, 0, 56, 1, 1, 8) ; 
INSERT INTO "CR_TO_CWIP_CONTROL" ("CONTROL_ID", "CWIP_COL", "TRANSLATE_ID", "VAL_TO_INSERT", "TIME_STAMP", "USER_ID", "ORDER", "ACTIVE_MAPPING", "VALIDATE_EXTERNAL", "EXTERNAL_MAPPING", "VALIDATE_ID", "ID_MAPPING", "MAP_FROM_CR", "EDITABLE", "SOURCE_ID") VALUES (216, 'CHARGE_TYPE_ID', 4, 'cr."COST_ELEMENT"', to_date('2011-03-15 11:03:59', 'yyyy-mm-dd hh24:mi:ss'), 'PWRPLANT', 16, 1, 1, 4, 0, 54, 1, 1, 8) ; 
INSERT INTO "CR_TO_CWIP_CONTROL" ("CONTROL_ID", "CWIP_COL", "TRANSLATE_ID", "VAL_TO_INSERT", "TIME_STAMP", "USER_ID", "ORDER", "ACTIVE_MAPPING", "VALIDATE_EXTERNAL", "EXTERNAL_MAPPING", "VALIDATE_ID", "ID_MAPPING", "MAP_FROM_CR", "EDITABLE", "SOURCE_ID") VALUES (217, 'DESCRIPTION', 5, 'cr."COST_ELEMENT"', to_date('2011-03-15 11:03:59', 'yyyy-mm-dd hh24:mi:ss'), 'PWRPLANT', 17, 1, 1, 5, 0, 55, 1, 1, 8) ; 
INSERT INTO "CR_TO_CWIP_CONTROL" ("CONTROL_ID", "CWIP_COL", "TRANSLATE_ID", "VAL_TO_INSERT", "TIME_STAMP", "USER_ID", "ORDER", "ACTIVE_MAPPING", "VALIDATE_EXTERNAL", "EXTERNAL_MAPPING", "VALIDATE_ID", "ID_MAPPING", "MAP_FROM_CR", "EDITABLE", "SOURCE_ID") VALUES (218, 'JOB_TASK_ID', null, 'cr."ORDER_NUMBER"', to_date('2011-03-15 17:20:02', 'yyyy-mm-dd hh24:mi:ss'), 'PWRPLANT', 18, 1, 0, 7, 0, 57, 1, 1, 8) ; 
INSERT INTO "CR_TO_CWIP_CONTROL" ("CONTROL_ID", "CWIP_COL", "TRANSLATE_ID", "VAL_TO_INSERT", "TIME_STAMP", "USER_ID", "ORDER", "ACTIVE_MAPPING", "VALIDATE_EXTERNAL", "EXTERNAL_MAPPING", "VALIDATE_ID", "ID_MAPPING", "MAP_FROM_CR", "EDITABLE", "SOURCE_ID") VALUES (219, 'CHARGE_MO_YR', null, 'to_date(cr.MONTH_NUMBER,''yyyymm'')', to_date('2011-03-15 11:03:59', 'yyyy-mm-dd hh24:mi:ss'), 'PWRPLANT', 19, 1, 1, 103, 0, -1, 0, 1, 8) ; 
INSERT INTO "CR_TO_CWIP_CONTROL" ("CONTROL_ID", "CWIP_COL", "TRANSLATE_ID", "VAL_TO_INSERT", "TIME_STAMP", "USER_ID", "ORDER", "ACTIVE_MAPPING", "VALIDATE_EXTERNAL", "EXTERNAL_MAPPING", "VALIDATE_ID", "ID_MAPPING", "MAP_FROM_CR", "EDITABLE", "SOURCE_ID") VALUES (220, 'ASSET_LOCATION_ID', null, null, to_date('2011-03-15 11:03:59', 'yyyy-mm-dd hh24:mi:ss'), 'PWRPLANT', 20, 0, 1, 8, 0, 58, 1, 1, 8) ; 
INSERT INTO "CR_TO_CWIP_CONTROL" ("CONTROL_ID", "CWIP_COL", "TRANSLATE_ID", "VAL_TO_INSERT", "TIME_STAMP", "USER_ID", "ORDER", "ACTIVE_MAPPING", "VALIDATE_EXTERNAL", "EXTERNAL_MAPPING", "VALIDATE_ID", "ID_MAPPING", "MAP_FROM_CR", "EDITABLE", "SOURCE_ID") VALUES (221, 'SUB_ACCOUNT_ID', null, null, to_date('2011-03-15 11:03:59', 'yyyy-mm-dd hh24:mi:ss'), 'PWRPLANT', 21, 0, 1, -1, 0, -1, 1, 1, 8) ; 
INSERT INTO "CR_TO_CWIP_CONTROL" ("CONTROL_ID", "CWIP_COL", "TRANSLATE_ID", "VAL_TO_INSERT", "TIME_STAMP", "USER_ID", "ORDER", "ACTIVE_MAPPING", "VALIDATE_EXTERNAL", "EXTERNAL_MAPPING", "VALIDATE_ID", "ID_MAPPING", "MAP_FROM_CR", "EDITABLE", "SOURCE_ID") VALUES (222, 'RETIREMENT_UNIT_ID', null, null, to_date('2011-03-15 11:03:59', 'yyyy-mm-dd hh24:mi:ss'), 'PWRPLANT', 22, 0, 1, 9, 0, 59, 1, 1, 8) ; 
INSERT INTO "CR_TO_CWIP_CONTROL" ("CONTROL_ID", "CWIP_COL", "TRANSLATE_ID", "VAL_TO_INSERT", "TIME_STAMP", "USER_ID", "ORDER", "ACTIVE_MAPPING", "VALIDATE_EXTERNAL", "EXTERNAL_MAPPING", "VALIDATE_ID", "ID_MAPPING", "MAP_FROM_CR", "EDITABLE", "SOURCE_ID") VALUES (223, 'BUS_SEGMENT_ID', null, null, to_date('2011-03-15 11:03:59', 'yyyy-mm-dd hh24:mi:ss'), 'PWRPLANT', 23, 0, 1, 10, 0, 60, 1, 1, 8) ; 
INSERT INTO "CR_TO_CWIP_CONTROL" ("CONTROL_ID", "CWIP_COL", "TRANSLATE_ID", "VAL_TO_INSERT", "TIME_STAMP", "USER_ID", "ORDER", "ACTIVE_MAPPING", "VALIDATE_EXTERNAL", "EXTERNAL_MAPPING", "VALIDATE_ID", "ID_MAPPING", "MAP_FROM_CR", "EDITABLE", "SOURCE_ID") VALUES (224, 'UTILITY_ACCOUNT_ID', null, null, to_date('2011-03-15 11:03:59', 'yyyy-mm-dd hh24:mi:ss'), 'PWRPLANT', 24, 0, 1, -1, 0, -1, 1, 1, 8) ; 
INSERT INTO "CR_TO_CWIP_CONTROL" ("CONTROL_ID", "CWIP_COL", "TRANSLATE_ID", "VAL_TO_INSERT", "TIME_STAMP", "USER_ID", "ORDER", "ACTIVE_MAPPING", "VALIDATE_EXTERNAL", "EXTERNAL_MAPPING", "VALIDATE_ID", "ID_MAPPING", "MAP_FROM_CR", "EDITABLE", "SOURCE_ID") VALUES (225, 'SERIAL_NUMBER', null, null, to_date('2011-03-15 11:03:59', 'yyyy-mm-dd hh24:mi:ss'), 'PWRPLANT', 25, 0, 0, -1, 0, -1, 1, 1, 8) ; 
INSERT INTO "CR_TO_CWIP_CONTROL" ("CONTROL_ID", "CWIP_COL", "TRANSLATE_ID", "VAL_TO_INSERT", "TIME_STAMP", "USER_ID", "ORDER", "ACTIVE_MAPPING", "VALIDATE_EXTERNAL", "EXTERNAL_MAPPING", "VALIDATE_ID", "ID_MAPPING", "MAP_FROM_CR", "EDITABLE", "SOURCE_ID") VALUES (226, 'ID_NUMBER', null, 'cr."VENDOR"', to_date('2011-03-15 11:03:59', 'yyyy-mm-dd hh24:mi:ss'), 'PWRPLANT', 26, 1, 0, -1, 0, -1, 1, 1, 8) ; 
INSERT INTO "CR_TO_CWIP_CONTROL" ("CONTROL_ID", "CWIP_COL", "TRANSLATE_ID", "VAL_TO_INSERT", "TIME_STAMP", "USER_ID", "ORDER", "ACTIVE_MAPPING", "VALIDATE_EXTERNAL", "EXTERNAL_MAPPING", "VALIDATE_ID", "ID_MAPPING", "MAP_FROM_CR", "EDITABLE", "SOURCE_ID") VALUES (227, 'LOADING_AMOUNT', null, null, to_date('2011-03-15 11:03:59', 'yyyy-mm-dd hh24:mi:ss'), 'PWRPLANT', 27, 0, 0, -1, 0, -1, 1, 1, 8) ; 
INSERT INTO "CR_TO_CWIP_CONTROL" ("CONTROL_ID", "CWIP_COL", "TRANSLATE_ID", "VAL_TO_INSERT", "TIME_STAMP", "USER_ID", "ORDER", "ACTIVE_MAPPING", "VALIDATE_EXTERNAL", "EXTERNAL_MAPPING", "VALIDATE_ID", "ID_MAPPING", "MAP_FROM_CR", "EDITABLE", "SOURCE_ID") VALUES (228, 'VENDOR_INFORMATION', null, 'cr."VENDOR_NAME"', to_date('2011-03-15 11:03:59', 'yyyy-mm-dd hh24:mi:ss'), 'PWRPLANT', 28, 1, 0, 104, 0, -1, 1, 1, 8) ; 
INSERT INTO "CR_TO_CWIP_CONTROL" ("CONTROL_ID", "CWIP_COL", "TRANSLATE_ID", "VAL_TO_INSERT", "TIME_STAMP", "USER_ID", "ORDER", "ACTIVE_MAPPING", "VALIDATE_EXTERNAL", "EXTERNAL_MAPPING", "VALIDATE_ID", "ID_MAPPING", "MAP_FROM_CR", "EDITABLE", "SOURCE_ID") VALUES (229, 'ORIGINAL_AMOUNT', null, null, to_date('2011-03-15 11:03:59', 'yyyy-mm-dd hh24:mi:ss'), 'PWRPLANT', 29, 0, 0, -1, 0, -1, 1, 1, 8) ; 
INSERT INTO "CR_TO_CWIP_CONTROL" ("CONTROL_ID", "CWIP_COL", "TRANSLATE_ID", "VAL_TO_INSERT", "TIME_STAMP", "USER_ID", "ORDER", "ACTIVE_MAPPING", "VALIDATE_EXTERNAL", "EXTERNAL_MAPPING", "VALIDATE_ID", "ID_MAPPING", "MAP_FROM_CR", "EDITABLE", "SOURCE_ID") VALUES (230, 'ORIGINAL_CURRENCY', null, null, to_date('2011-03-15 11:03:59', 'yyyy-mm-dd hh24:mi:ss'), 'PWRPLANT', 30, 0, 0, -1, 0, -1, 1, 1, 8) ; 
INSERT INTO "CR_TO_CWIP_CONTROL" ("CONTROL_ID", "CWIP_COL", "TRANSLATE_ID", "VAL_TO_INSERT", "TIME_STAMP", "USER_ID", "ORDER", "ACTIVE_MAPPING", "VALIDATE_EXTERNAL", "EXTERNAL_MAPPING", "VALIDATE_ID", "ID_MAPPING", "MAP_FROM_CR", "EDITABLE", "SOURCE_ID") VALUES (231, 'CLOSED_MONTH_NUMBER', null, null, to_date('2011-03-15 11:03:59', 'yyyy-mm-dd hh24:mi:ss'), 'PWRPLANT', 31, 0, 0, -1, 0, -1, 1, 0, 8) ; 
INSERT INTO "CR_TO_CWIP_CONTROL" ("CONTROL_ID", "CWIP_COL", "TRANSLATE_ID", "VAL_TO_INSERT", "TIME_STAMP", "USER_ID", "ORDER", "ACTIVE_MAPPING", "VALIDATE_EXTERNAL", "EXTERNAL_MAPPING", "VALIDATE_ID", "ID_MAPPING", "MAP_FROM_CR", "EDITABLE", "SOURCE_ID") VALUES (232, 'EXCLUDE_FROM_OVERHEADS', null, null, to_date('2011-03-15 11:03:59', 'yyyy-mm-dd hh24:mi:ss'), 'PWRPLANT', 32, 0, 0, -1, 0, -1, 1, 1, 8) ; 
INSERT INTO "CR_TO_CWIP_CONTROL" ("CONTROL_ID", "CWIP_COL", "TRANSLATE_ID", "VAL_TO_INSERT", "TIME_STAMP", "USER_ID", "ORDER", "ACTIVE_MAPPING", "VALIDATE_EXTERNAL", "EXTERNAL_MAPPING", "VALIDATE_ID", "ID_MAPPING", "MAP_FROM_CR", "EDITABLE", "SOURCE_ID") VALUES (233, 'NON_UNITIZED_STATUS', null, null, to_date('2011-03-15 11:03:59', 'yyyy-mm-dd hh24:mi:ss'), 'PWRPLANT', 33, 0, 0, -1, 0, -1, 1, 0, 8) ; 
INSERT INTO "CR_TO_CWIP_CONTROL" ("CONTROL_ID", "CWIP_COL", "TRANSLATE_ID", "VAL_TO_INSERT", "TIME_STAMP", "USER_ID", "ORDER", "ACTIVE_MAPPING", "VALIDATE_EXTERNAL", "EXTERNAL_MAPPING", "VALIDATE_ID", "ID_MAPPING", "MAP_FROM_CR", "EDITABLE", "SOURCE_ID") VALUES (234, 'REFERENCE_NUMBER', null, 'cr."MATERIAL_NUMBER"', to_date('2011-03-15 11:03:59', 'yyyy-mm-dd hh24:mi:ss'), 'PWRPLANT', 34, 1, 0, -1, 0, -1, 1, 1, 8) ; 
INSERT INTO "CR_TO_CWIP_CONTROL" ("CONTROL_ID", "CWIP_COL", "TRANSLATE_ID", "VAL_TO_INSERT", "TIME_STAMP", "USER_ID", "ORDER", "ACTIVE_MAPPING", "VALIDATE_EXTERNAL", "EXTERNAL_MAPPING", "VALIDATE_ID", "ID_MAPPING", "MAP_FROM_CR", "EDITABLE", "SOURCE_ID") VALUES (235, 'UNITS', null, null, to_date('2011-03-15 11:03:59', 'yyyy-mm-dd hh24:mi:ss'), 'PWRPLANT', 35, 0, 0, -1, 0, -1, 0, 1, 8) ; 
INSERT INTO "CR_TO_CWIP_CONTROL" ("CONTROL_ID", "CWIP_COL", "TRANSLATE_ID", "VAL_TO_INSERT", "TIME_STAMP", "USER_ID", "ORDER", "ACTIVE_MAPPING", "VALIDATE_EXTERNAL", "EXTERNAL_MAPPING", "VALIDATE_ID", "ID_MAPPING", "MAP_FROM_CR", "EDITABLE", "SOURCE_ID") VALUES (236, 'NOTES', null, 'cr."MATERIAL_DESCRIPTION"', to_date('2011-03-15 11:03:59', 'yyyy-mm-dd hh24:mi:ss'), 'PWRPLANT', 36, 1, 0, -1, 0, -1, 1, 1, 8) ; 
INSERT INTO "CR_TO_CWIP_CONTROL" ("CONTROL_ID", "CWIP_COL", "TRANSLATE_ID", "VAL_TO_INSERT", "TIME_STAMP", "USER_ID", "ORDER", "ACTIVE_MAPPING", "VALIDATE_EXTERNAL", "EXTERNAL_MAPPING", "VALIDATE_ID", "ID_MAPPING", "MAP_FROM_CR", "EDITABLE", "SOURCE_ID") VALUES (237, 'PO_NUMBER', null, 'cr."PO_ITEM_NUMBER"', to_date('2011-03-15 11:03:59', 'yyyy-mm-dd hh24:mi:ss'), 'PWRPLANT', 37, 1, 0, -1, 0, -1, 1, 1, 8) ; 
INSERT INTO "CR_TO_CWIP_CONTROL" ("CONTROL_ID", "CWIP_COL", "TRANSLATE_ID", "VAL_TO_INSERT", "TIME_STAMP", "USER_ID", "ORDER", "ACTIVE_MAPPING", "VALIDATE_EXTERNAL", "EXTERNAL_MAPPING", "VALIDATE_ID", "ID_MAPPING", "MAP_FROM_CR", "EDITABLE", "SOURCE_ID") VALUES (238, 'STCK_KEEP_UNIT_ID', null, null, to_date('2011-03-15 11:03:59', 'yyyy-mm-dd hh24:mi:ss'), 'PWRPLANT', 38, 0, 0, -1, 0, -1, 1, 1, 8) ; 
INSERT INTO "CR_TO_CWIP_CONTROL" ("CONTROL_ID", "CWIP_COL", "TRANSLATE_ID", "VAL_TO_INSERT", "TIME_STAMP", "USER_ID", "ORDER", "ACTIVE_MAPPING", "VALIDATE_EXTERNAL", "EXTERNAL_MAPPING", "VALIDATE_ID", "ID_MAPPING", "MAP_FROM_CR", "EDITABLE", "SOURCE_ID") VALUES (239, 'PAYMENT_DATE', null, null, to_date('2011-03-15 11:03:59', 'yyyy-mm-dd hh24:mi:ss'), 'PWRPLANT', 39, 0, 0, -1, 0, -1, 1, 1, 8) ; 
INSERT INTO "CR_TO_CWIP_CONTROL" ("CONTROL_ID", "CWIP_COL", "TRANSLATE_ID", "VAL_TO_INSERT", "TIME_STAMP", "USER_ID", "ORDER", "ACTIVE_MAPPING", "VALIDATE_EXTERNAL", "EXTERNAL_MAPPING", "VALIDATE_ID", "ID_MAPPING", "MAP_FROM_CR", "EDITABLE", "SOURCE_ID") VALUES (240, 'UNIT_CLOSED_MONTH_NUMBER', null, null, to_date('2011-03-15 11:03:59', 'yyyy-mm-dd hh24:mi:ss'), 'PWRPLANT', 40, 0, 0, -1, 0, -1, 1, 0, 8) ; 
INSERT INTO "CR_TO_CWIP_CONTROL" ("CONTROL_ID", "CWIP_COL", "TRANSLATE_ID", "VAL_TO_INSERT", "TIME_STAMP", "USER_ID", "ORDER", "ACTIVE_MAPPING", "VALIDATE_EXTERNAL", "EXTERNAL_MAPPING", "VALIDATE_ID", "ID_MAPPING", "MAP_FROM_CR", "EDITABLE", "SOURCE_ID") VALUES (1, 'CHARGE_ID', null, 'cr.id', to_date('2011-03-15 11:03:59', 'yyyy-mm-dd hh24:mi:ss'), 'PWRPLANT', 1, 1, 0, -1, 0, -1, 1, 0, 0) ; 
INSERT INTO "CR_TO_CWIP_CONTROL" ("CONTROL_ID", "CWIP_COL", "TRANSLATE_ID", "VAL_TO_INSERT", "TIME_STAMP", "USER_ID", "ORDER", "ACTIVE_MAPPING", "VALIDATE_EXTERNAL", "EXTERNAL_MAPPING", "VALIDATE_ID", "ID_MAPPING", "MAP_FROM_CR", "EDITABLE", "SOURCE_ID") VALUES (2, 'CHARGE_AUDIT_ID', null, '0', to_date('2011-03-15 11:03:59', 'yyyy-mm-dd hh24:mi:ss'), 'PWRPLANT', 2, 1, 0, -1, 0, -1, 0, 0, 0) ; 
INSERT INTO "CR_TO_CWIP_CONTROL" ("CONTROL_ID", "CWIP_COL", "TRANSLATE_ID", "VAL_TO_INSERT", "TIME_STAMP", "USER_ID", "ORDER", "ACTIVE_MAPPING", "VALIDATE_EXTERNAL", "EXTERNAL_MAPPING", "VALIDATE_ID", "ID_MAPPING", "MAP_FROM_CR", "EDITABLE", "SOURCE_ID") VALUES (3, 'QUANTITY', null, 'cr."QUANTITY"', to_date('2011-03-15 11:03:59', 'yyyy-mm-dd hh24:mi:ss'), 'PWRPLANT', 3, 1, 0, -1, 0, -1, 1, 1, 0) ; 
INSERT INTO "CR_TO_CWIP_CONTROL" ("CONTROL_ID", "CWIP_COL", "TRANSLATE_ID", "VAL_TO_INSERT", "TIME_STAMP", "USER_ID", "ORDER", "ACTIVE_MAPPING", "VALIDATE_EXTERNAL", "EXTERNAL_MAPPING", "VALIDATE_ID", "ID_MAPPING", "MAP_FROM_CR", "EDITABLE", "SOURCE_ID") VALUES (4, 'AMOUNT', null, 'cr."AMOUNT"', to_date('2011-03-15 11:03:59', 'yyyy-mm-dd hh24:mi:ss'), 'PWRPLANT', 4, 1, 0, -1, 0, -1, 1, 1, 0) ; 
INSERT INTO "CR_TO_CWIP_CONTROL" ("CONTROL_ID", "CWIP_COL", "TRANSLATE_ID", "VAL_TO_INSERT", "TIME_STAMP", "USER_ID", "ORDER", "ACTIVE_MAPPING", "VALIDATE_EXTERNAL", "EXTERNAL_MAPPING", "VALIDATE_ID", "ID_MAPPING", "MAP_FROM_CR", "EDITABLE", "SOURCE_ID") VALUES (5, 'EXPENDITURE_TYPE_ID', null, '0', to_date('2011-03-15 18:11:26', 'yyyy-mm-dd hh24:mi:ss'), 'PWRPLANT', 5, 1, 0, 102, 0, 102, 0, 1, 0) ; 
INSERT INTO "CR_TO_CWIP_CONTROL" ("CONTROL_ID", "CWIP_COL", "TRANSLATE_ID", "VAL_TO_INSERT", "TIME_STAMP", "USER_ID", "ORDER", "ACTIVE_MAPPING", "VALIDATE_EXTERNAL", "EXTERNAL_MAPPING", "VALIDATE_ID", "ID_MAPPING", "MAP_FROM_CR", "EDITABLE", "SOURCE_ID") VALUES (6, 'HOURS', null, 'decode(cr.source_id, 11, cr.quantity, 0)', to_date('2011-03-15 11:03:59', 'yyyy-mm-dd hh24:mi:ss'), 'PWRPLANT', 6, 1, 0, -1, 0, -1, 0, 1, 0) ; 
INSERT INTO "CR_TO_CWIP_CONTROL" ("CONTROL_ID", "CWIP_COL", "TRANSLATE_ID", "VAL_TO_INSERT", "TIME_STAMP", "USER_ID", "ORDER", "ACTIVE_MAPPING", "VALIDATE_EXTERNAL", "EXTERNAL_MAPPING", "VALIDATE_ID", "ID_MAPPING", "MAP_FROM_CR", "EDITABLE", "SOURCE_ID") VALUES (7, 'MONTH_NUMBER', null, 'cr."MONTH_NUMBER"', to_date('2011-03-15 11:03:59', 'yyyy-mm-dd hh24:mi:ss'), 'PWRPLANT', 7, 1, 0, 107, 0, -1, 1, 1, 0) ; 
INSERT INTO "CR_TO_CWIP_CONTROL" ("CONTROL_ID", "CWIP_COL", "TRANSLATE_ID", "VAL_TO_INSERT", "TIME_STAMP", "USER_ID", "ORDER", "ACTIVE_MAPPING", "VALIDATE_EXTERNAL", "EXTERNAL_MAPPING", "VALIDATE_ID", "ID_MAPPING", "MAP_FROM_CR", "EDITABLE", "SOURCE_ID") VALUES (8, 'STATUS', null, null, to_date('2011-03-15 11:03:59', 'yyyy-mm-dd hh24:mi:ss'), 'PWRPLANT', 8, 0, 0, -1, 0, -1, 1, 1, 0) ; 
INSERT INTO "CR_TO_CWIP_CONTROL" ("CONTROL_ID", "CWIP_COL", "TRANSLATE_ID", "VAL_TO_INSERT", "TIME_STAMP", "USER_ID", "ORDER", "ACTIVE_MAPPING", "VALIDATE_EXTERNAL", "EXTERNAL_MAPPING", "VALIDATE_ID", "ID_MAPPING", "MAP_FROM_CR", "EDITABLE", "SOURCE_ID") VALUES (9, 'JOURNAL_CODE', null, 'cr."GL_JOURNAL_CATEGORY"', to_date('2011-03-15 11:03:59', 'yyyy-mm-dd hh24:mi:ss'), 'PWRPLANT', 9, 1, 0, -1, 0, -1, 1, 1, 0) ; 
INSERT INTO "CR_TO_CWIP_CONTROL" ("CONTROL_ID", "CWIP_COL", "TRANSLATE_ID", "VAL_TO_INSERT", "TIME_STAMP", "USER_ID", "ORDER", "ACTIVE_MAPPING", "VALIDATE_EXTERNAL", "EXTERNAL_MAPPING", "VALIDATE_ID", "ID_MAPPING", "MAP_FROM_CR", "EDITABLE", "SOURCE_ID") VALUES (10, 'COMPANY_ID', 1, 'cr."COMPANY"', to_date('2011-03-15 11:03:59', 'yyyy-mm-dd hh24:mi:ss'), 'PWRPLANT', 10, 1, 1, 1, 0, 51, 1, 1, 0) ; 
INSERT INTO "CR_TO_CWIP_CONTROL" ("CONTROL_ID", "CWIP_COL", "TRANSLATE_ID", "VAL_TO_INSERT", "TIME_STAMP", "USER_ID", "ORDER", "ACTIVE_MAPPING", "VALIDATE_EXTERNAL", "EXTERNAL_MAPPING", "VALIDATE_ID", "ID_MAPPING", "MAP_FROM_CR", "EDITABLE", "SOURCE_ID") VALUES (11, 'WORK_ORDER_ID', 11, 'cr."WORK_ORDER_NUMBER"', to_date('2011-04-26 08:05:00', 'yyyy-mm-dd hh24:mi:ss'), 'PWRPLANT', 11, 1, 1, 11, 0, 11, 1, 1, 0) ; 
INSERT INTO "CR_TO_CWIP_CONTROL" ("CONTROL_ID", "CWIP_COL", "TRANSLATE_ID", "VAL_TO_INSERT", "TIME_STAMP", "USER_ID", "ORDER", "ACTIVE_MAPPING", "VALIDATE_EXTERNAL", "EXTERNAL_MAPPING", "VALIDATE_ID", "ID_MAPPING", "MAP_FROM_CR", "EDITABLE", "SOURCE_ID") VALUES (12, 'DEPARTMENT_ID', 2, 'cr."COST_CENTER"', to_date('2011-03-15 11:03:59', 'yyyy-mm-dd hh24:mi:ss'), 'PWRPLANT', 12, 1, 1, 2, 0, 52, 1, 1, 0) ; 
INSERT INTO "CR_TO_CWIP_CONTROL" ("CONTROL_ID", "CWIP_COL", "TRANSLATE_ID", "VAL_TO_INSERT", "TIME_STAMP", "USER_ID", "ORDER", "ACTIVE_MAPPING", "VALIDATE_EXTERNAL", "EXTERNAL_MAPPING", "VALIDATE_ID", "ID_MAPPING", "MAP_FROM_CR", "EDITABLE", "SOURCE_ID") VALUES (13, 'COST_ELEMENT_ID', 3, 'cr."COST_ELEMENT"', to_date('2011-03-15 11:03:59', 'yyyy-mm-dd hh24:mi:ss'), 'PWRPLANT', 13, 1, 1, 3, 0, 53, 1, 1, 0) ; 
INSERT INTO "CR_TO_CWIP_CONTROL" ("CONTROL_ID", "CWIP_COL", "TRANSLATE_ID", "VAL_TO_INSERT", "TIME_STAMP", "USER_ID", "ORDER", "ACTIVE_MAPPING", "VALIDATE_EXTERNAL", "EXTERNAL_MAPPING", "VALIDATE_ID", "ID_MAPPING", "MAP_FROM_CR", "EDITABLE", "SOURCE_ID") VALUES (14, 'EXTERNAL_GL_ACCOUNT', null, 'cr."ACCOUNT"', to_date('2011-03-15 11:03:59', 'yyyy-mm-dd hh24:mi:ss'), 'PWRPLANT', 14, 1, 0, 108, 0, -1, 1, 1, 0) ; 
INSERT INTO "CR_TO_CWIP_CONTROL" ("CONTROL_ID", "CWIP_COL", "TRANSLATE_ID", "VAL_TO_INSERT", "TIME_STAMP", "USER_ID", "ORDER", "ACTIVE_MAPPING", "VALIDATE_EXTERNAL", "EXTERNAL_MAPPING", "VALIDATE_ID", "ID_MAPPING", "MAP_FROM_CR", "EDITABLE", "SOURCE_ID") VALUES (15, 'GL_ACCOUNT_ID', 6, 'cr."ACCOUNT"', to_date('2011-03-15 11:03:59', 'yyyy-mm-dd hh24:mi:ss'), 'PWRPLANT', 15, 1, 1, 6, 0, 56, 1, 1, 0) ; 
INSERT INTO "CR_TO_CWIP_CONTROL" ("CONTROL_ID", "CWIP_COL", "TRANSLATE_ID", "VAL_TO_INSERT", "TIME_STAMP", "USER_ID", "ORDER", "ACTIVE_MAPPING", "VALIDATE_EXTERNAL", "EXTERNAL_MAPPING", "VALIDATE_ID", "ID_MAPPING", "MAP_FROM_CR", "EDITABLE", "SOURCE_ID") VALUES (16, 'CHARGE_TYPE_ID', 4, 'cr."COST_ELEMENT"', to_date('2011-03-15 11:03:59', 'yyyy-mm-dd hh24:mi:ss'), 'PWRPLANT', 16, 1, 1, 4, 0, 54, 1, 1, 0) ; 
INSERT INTO "CR_TO_CWIP_CONTROL" ("CONTROL_ID", "CWIP_COL", "TRANSLATE_ID", "VAL_TO_INSERT", "TIME_STAMP", "USER_ID", "ORDER", "ACTIVE_MAPPING", "VALIDATE_EXTERNAL", "EXTERNAL_MAPPING", "VALIDATE_ID", "ID_MAPPING", "MAP_FROM_CR", "EDITABLE", "SOURCE_ID") VALUES (17, 'DESCRIPTION', 5, 'cr."COST_ELEMENT"', to_date('2011-03-15 11:03:59', 'yyyy-mm-dd hh24:mi:ss'), 'PWRPLANT', 17, 1, 1, 5, 0, 55, 1, 1, 0) ; 
INSERT INTO "CR_TO_CWIP_CONTROL" ("CONTROL_ID", "CWIP_COL", "TRANSLATE_ID", "VAL_TO_INSERT", "TIME_STAMP", "USER_ID", "ORDER", "ACTIVE_MAPPING", "VALIDATE_EXTERNAL", "EXTERNAL_MAPPING", "VALIDATE_ID", "ID_MAPPING", "MAP_FROM_CR", "EDITABLE", "SOURCE_ID") VALUES (18, 'JOB_TASK_ID', null, 'cr."ORDER_NUMBER"', to_date('2011-03-15 11:03:59', 'yyyy-mm-dd hh24:mi:ss'), 'PWRPLANT', 18, 1, 0, 7, 0, 57, 1, 1, 0) ; 
INSERT INTO "CR_TO_CWIP_CONTROL" ("CONTROL_ID", "CWIP_COL", "TRANSLATE_ID", "VAL_TO_INSERT", "TIME_STAMP", "USER_ID", "ORDER", "ACTIVE_MAPPING", "VALIDATE_EXTERNAL", "EXTERNAL_MAPPING", "VALIDATE_ID", "ID_MAPPING", "MAP_FROM_CR", "EDITABLE", "SOURCE_ID") VALUES (19, 'CHARGE_MO_YR', null, 'to_date(cr.MONTH_NUMBER,''yyyymm'')', to_date('2011-03-15 11:03:59', 'yyyy-mm-dd hh24:mi:ss'), 'PWRPLANT', 19, 1, 1, 103, 0, -1, 0, 1, 0) ; 
INSERT INTO "CR_TO_CWIP_CONTROL" ("CONTROL_ID", "CWIP_COL", "TRANSLATE_ID", "VAL_TO_INSERT", "TIME_STAMP", "USER_ID", "ORDER", "ACTIVE_MAPPING", "VALIDATE_EXTERNAL", "EXTERNAL_MAPPING", "VALIDATE_ID", "ID_MAPPING", "MAP_FROM_CR", "EDITABLE", "SOURCE_ID") VALUES (20, 'ASSET_LOCATION_ID', null, null, to_date('2011-03-15 11:03:59', 'yyyy-mm-dd hh24:mi:ss'), 'PWRPLANT', 20, 0, 1, 8, 0, 58, 1, 1, 0) ; 
INSERT INTO "CR_TO_CWIP_CONTROL" ("CONTROL_ID", "CWIP_COL", "TRANSLATE_ID", "VAL_TO_INSERT", "TIME_STAMP", "USER_ID", "ORDER", "ACTIVE_MAPPING", "VALIDATE_EXTERNAL", "EXTERNAL_MAPPING", "VALIDATE_ID", "ID_MAPPING", "MAP_FROM_CR", "EDITABLE", "SOURCE_ID") VALUES (21, 'SUB_ACCOUNT_ID', null, null, to_date('2011-03-15 11:03:59', 'yyyy-mm-dd hh24:mi:ss'), 'PWRPLANT', 21, 0, 1, -1, 0, -1, 1, 1, 0) ; 
INSERT INTO "CR_TO_CWIP_CONTROL" ("CONTROL_ID", "CWIP_COL", "TRANSLATE_ID", "VAL_TO_INSERT", "TIME_STAMP", "USER_ID", "ORDER", "ACTIVE_MAPPING", "VALIDATE_EXTERNAL", "EXTERNAL_MAPPING", "VALIDATE_ID", "ID_MAPPING", "MAP_FROM_CR", "EDITABLE", "SOURCE_ID") VALUES (22, 'RETIREMENT_UNIT_ID', null, null, to_date('2011-03-15 11:03:59', 'yyyy-mm-dd hh24:mi:ss'), 'PWRPLANT', 22, 0, 1, 9, 0, 59, 1, 1, 0) ; 
INSERT INTO "CR_TO_CWIP_CONTROL" ("CONTROL_ID", "CWIP_COL", "TRANSLATE_ID", "VAL_TO_INSERT", "TIME_STAMP", "USER_ID", "ORDER", "ACTIVE_MAPPING", "VALIDATE_EXTERNAL", "EXTERNAL_MAPPING", "VALIDATE_ID", "ID_MAPPING", "MAP_FROM_CR", "EDITABLE", "SOURCE_ID") VALUES (23, 'BUS_SEGMENT_ID', null, null, to_date('2011-03-15 11:03:59', 'yyyy-mm-dd hh24:mi:ss'), 'PWRPLANT', 23, 0, 1, 10, 0, 60, 1, 1, 0) ; 
INSERT INTO "CR_TO_CWIP_CONTROL" ("CONTROL_ID", "CWIP_COL", "TRANSLATE_ID", "VAL_TO_INSERT", "TIME_STAMP", "USER_ID", "ORDER", "ACTIVE_MAPPING", "VALIDATE_EXTERNAL", "EXTERNAL_MAPPING", "VALIDATE_ID", "ID_MAPPING", "MAP_FROM_CR", "EDITABLE", "SOURCE_ID") VALUES (24, 'UTILITY_ACCOUNT_ID', null, null, to_date('2011-03-15 11:03:59', 'yyyy-mm-dd hh24:mi:ss'), 'PWRPLANT', 24, 0, 1, -1, 0, -1, 1, 1, 0) ; 
INSERT INTO "CR_TO_CWIP_CONTROL" ("CONTROL_ID", "CWIP_COL", "TRANSLATE_ID", "VAL_TO_INSERT", "TIME_STAMP", "USER_ID", "ORDER", "ACTIVE_MAPPING", "VALIDATE_EXTERNAL", "EXTERNAL_MAPPING", "VALIDATE_ID", "ID_MAPPING", "MAP_FROM_CR", "EDITABLE", "SOURCE_ID") VALUES (25, 'SERIAL_NUMBER', null, null, to_date('2011-03-15 11:03:59', 'yyyy-mm-dd hh24:mi:ss'), 'PWRPLANT', 25, 0, 0, -1, 0, -1, 1, 1, 0) ; 
INSERT INTO "CR_TO_CWIP_CONTROL" ("CONTROL_ID", "CWIP_COL", "TRANSLATE_ID", "VAL_TO_INSERT", "TIME_STAMP", "USER_ID", "ORDER", "ACTIVE_MAPPING", "VALIDATE_EXTERNAL", "EXTERNAL_MAPPING", "VALIDATE_ID", "ID_MAPPING", "MAP_FROM_CR", "EDITABLE", "SOURCE_ID") VALUES (26, 'ID_NUMBER', null, null, to_date('2011-03-15 11:04:00', 'yyyy-mm-dd hh24:mi:ss'), 'PWRPLANT', 26, 0, 0, -1, 0, -1, 1, 1, 0) ; 
INSERT INTO "CR_TO_CWIP_CONTROL" ("CONTROL_ID", "CWIP_COL", "TRANSLATE_ID", "VAL_TO_INSERT", "TIME_STAMP", "USER_ID", "ORDER", "ACTIVE_MAPPING", "VALIDATE_EXTERNAL", "EXTERNAL_MAPPING", "VALIDATE_ID", "ID_MAPPING", "MAP_FROM_CR", "EDITABLE", "SOURCE_ID") VALUES (27, 'LOADING_AMOUNT', null, null, to_date('2011-03-15 11:04:00', 'yyyy-mm-dd hh24:mi:ss'), 'PWRPLANT', 27, 0, 0, -1, 0, -1, 1, 1, 0) ; 
INSERT INTO "CR_TO_CWIP_CONTROL" ("CONTROL_ID", "CWIP_COL", "TRANSLATE_ID", "VAL_TO_INSERT", "TIME_STAMP", "USER_ID", "ORDER", "ACTIVE_MAPPING", "VALIDATE_EXTERNAL", "EXTERNAL_MAPPING", "VALIDATE_ID", "ID_MAPPING", "MAP_FROM_CR", "EDITABLE", "SOURCE_ID") VALUES (28, 'VENDOR_INFORMATION', null, null, to_date('2011-03-15 11:04:00', 'yyyy-mm-dd hh24:mi:ss'), 'PWRPLANT', 28, 0, 1, 104, 0, -1, 1, 1, 0) ; 
INSERT INTO "CR_TO_CWIP_CONTROL" ("CONTROL_ID", "CWIP_COL", "TRANSLATE_ID", "VAL_TO_INSERT", "TIME_STAMP", "USER_ID", "ORDER", "ACTIVE_MAPPING", "VALIDATE_EXTERNAL", "EXTERNAL_MAPPING", "VALIDATE_ID", "ID_MAPPING", "MAP_FROM_CR", "EDITABLE", "SOURCE_ID") VALUES (29, 'ORIGINAL_AMOUNT', null, null, to_date('2011-03-15 11:04:00', 'yyyy-mm-dd hh24:mi:ss'), 'PWRPLANT', 29, 0, 0, -1, 0, -1, 1, 1, 0) ; 
INSERT INTO "CR_TO_CWIP_CONTROL" ("CONTROL_ID", "CWIP_COL", "TRANSLATE_ID", "VAL_TO_INSERT", "TIME_STAMP", "USER_ID", "ORDER", "ACTIVE_MAPPING", "VALIDATE_EXTERNAL", "EXTERNAL_MAPPING", "VALIDATE_ID", "ID_MAPPING", "MAP_FROM_CR", "EDITABLE", "SOURCE_ID") VALUES (30, 'ORIGINAL_CURRENCY', null, null, to_date('2011-03-15 11:04:00', 'yyyy-mm-dd hh24:mi:ss'), 'PWRPLANT', 30, 0, 0, -1, 0, -1, 1, 1, 0) ; 
INSERT INTO "CR_TO_CWIP_CONTROL" ("CONTROL_ID", "CWIP_COL", "TRANSLATE_ID", "VAL_TO_INSERT", "TIME_STAMP", "USER_ID", "ORDER", "ACTIVE_MAPPING", "VALIDATE_EXTERNAL", "EXTERNAL_MAPPING", "VALIDATE_ID", "ID_MAPPING", "MAP_FROM_CR", "EDITABLE", "SOURCE_ID") VALUES (31, 'CLOSED_MONTH_NUMBER', null, null, to_date('2011-03-15 11:04:00', 'yyyy-mm-dd hh24:mi:ss'), 'PWRPLANT', 31, 0, 0, -1, 0, -1, 1, 0, 0) ; 
INSERT INTO "CR_TO_CWIP_CONTROL" ("CONTROL_ID", "CWIP_COL", "TRANSLATE_ID", "VAL_TO_INSERT", "TIME_STAMP", "USER_ID", "ORDER", "ACTIVE_MAPPING", "VALIDATE_EXTERNAL", "EXTERNAL_MAPPING", "VALIDATE_ID", "ID_MAPPING", "MAP_FROM_CR", "EDITABLE", "SOURCE_ID") VALUES (32, 'EXCLUDE_FROM_OVERHEADS', null, null, to_date('2011-03-15 11:04:00', 'yyyy-mm-dd hh24:mi:ss'), 'PWRPLANT', 32, 0, 0, -1, 0, -1, 1, 1, 0) ; 
INSERT INTO "CR_TO_CWIP_CONTROL" ("CONTROL_ID", "CWIP_COL", "TRANSLATE_ID", "VAL_TO_INSERT", "TIME_STAMP", "USER_ID", "ORDER", "ACTIVE_MAPPING", "VALIDATE_EXTERNAL", "EXTERNAL_MAPPING", "VALIDATE_ID", "ID_MAPPING", "MAP_FROM_CR", "EDITABLE", "SOURCE_ID") VALUES (33, 'NON_UNITIZED_STATUS', null, null, to_date('2011-03-15 11:04:00', 'yyyy-mm-dd hh24:mi:ss'), 'PWRPLANT', 33, 0, 0, -1, 0, -1, 1, 0, 0) ; 
INSERT INTO "CR_TO_CWIP_CONTROL" ("CONTROL_ID", "CWIP_COL", "TRANSLATE_ID", "VAL_TO_INSERT", "TIME_STAMP", "USER_ID", "ORDER", "ACTIVE_MAPPING", "VALIDATE_EXTERNAL", "EXTERNAL_MAPPING", "VALIDATE_ID", "ID_MAPPING", "MAP_FROM_CR", "EDITABLE", "SOURCE_ID") VALUES (34, 'REFERENCE_NUMBER', null, null, to_date('2011-03-15 11:04:00', 'yyyy-mm-dd hh24:mi:ss'), 'PWRPLANT', 34, 0, 0, -1, 0, -1, 1, 1, 0) ; 
INSERT INTO "CR_TO_CWIP_CONTROL" ("CONTROL_ID", "CWIP_COL", "TRANSLATE_ID", "VAL_TO_INSERT", "TIME_STAMP", "USER_ID", "ORDER", "ACTIVE_MAPPING", "VALIDATE_EXTERNAL", "EXTERNAL_MAPPING", "VALIDATE_ID", "ID_MAPPING", "MAP_FROM_CR", "EDITABLE", "SOURCE_ID") VALUES (35, 'UNITS', null, null, to_date('2011-03-15 11:04:00', 'yyyy-mm-dd hh24:mi:ss'), 'PWRPLANT', 35, 0, 0, -1, 0, -1, 0, 1, 0) ; 
INSERT INTO "CR_TO_CWIP_CONTROL" ("CONTROL_ID", "CWIP_COL", "TRANSLATE_ID", "VAL_TO_INSERT", "TIME_STAMP", "USER_ID", "ORDER", "ACTIVE_MAPPING", "VALIDATE_EXTERNAL", "EXTERNAL_MAPPING", "VALIDATE_ID", "ID_MAPPING", "MAP_FROM_CR", "EDITABLE", "SOURCE_ID") VALUES (36, 'NOTES', null, null, to_date('2011-03-15 11:04:00', 'yyyy-mm-dd hh24:mi:ss'), 'PWRPLANT', 36, 0, 0, -1, 0, -1, 1, 1, 0) ; 
INSERT INTO "CR_TO_CWIP_CONTROL" ("CONTROL_ID", "CWIP_COL", "TRANSLATE_ID", "VAL_TO_INSERT", "TIME_STAMP", "USER_ID", "ORDER", "ACTIVE_MAPPING", "VALIDATE_EXTERNAL", "EXTERNAL_MAPPING", "VALIDATE_ID", "ID_MAPPING", "MAP_FROM_CR", "EDITABLE", "SOURCE_ID") VALUES (37, 'PO_NUMBER', null, null, to_date('2011-03-15 11:04:00', 'yyyy-mm-dd hh24:mi:ss'), 'PWRPLANT', 37, 0, 0, -1, 0, -1, 1, 1, 0) ; 
INSERT INTO "CR_TO_CWIP_CONTROL" ("CONTROL_ID", "CWIP_COL", "TRANSLATE_ID", "VAL_TO_INSERT", "TIME_STAMP", "USER_ID", "ORDER", "ACTIVE_MAPPING", "VALIDATE_EXTERNAL", "EXTERNAL_MAPPING", "VALIDATE_ID", "ID_MAPPING", "MAP_FROM_CR", "EDITABLE", "SOURCE_ID") VALUES (38, 'STCK_KEEP_UNIT_ID', null, null, to_date('2011-03-15 11:04:00', 'yyyy-mm-dd hh24:mi:ss'), 'PWRPLANT', 38, 0, 0, -1, 0, -1, 1, 1, 0) ; 
INSERT INTO "CR_TO_CWIP_CONTROL" ("CONTROL_ID", "CWIP_COL", "TRANSLATE_ID", "VAL_TO_INSERT", "TIME_STAMP", "USER_ID", "ORDER", "ACTIVE_MAPPING", "VALIDATE_EXTERNAL", "EXTERNAL_MAPPING", "VALIDATE_ID", "ID_MAPPING", "MAP_FROM_CR", "EDITABLE", "SOURCE_ID") VALUES (39, 'PAYMENT_DATE', null, null, to_date('2011-03-15 11:04:00', 'yyyy-mm-dd hh24:mi:ss'), 'PWRPLANT', 39, 0, 0, -1, 0, -1, 1, 1, 0) ; 
INSERT INTO "CR_TO_CWIP_CONTROL" ("CONTROL_ID", "CWIP_COL", "TRANSLATE_ID", "VAL_TO_INSERT", "TIME_STAMP", "USER_ID", "ORDER", "ACTIVE_MAPPING", "VALIDATE_EXTERNAL", "EXTERNAL_MAPPING", "VALIDATE_ID", "ID_MAPPING", "MAP_FROM_CR", "EDITABLE", "SOURCE_ID") VALUES (40, 'UNIT_CLOSED_MONTH_NUMBER', null, null, to_date('2011-03-15 11:04:00', 'yyyy-mm-dd hh24:mi:ss'), 'PWRPLANT', 40, 0, 0, -1, 0, -1, 1, 0, 0) ; 
INSERT INTO "CR_TO_CWIP_CONTROL" ("CONTROL_ID", "CWIP_COL", "TRANSLATE_ID", "VAL_TO_INSERT", "TIME_STAMP", "USER_ID", "ORDER", "ACTIVE_MAPPING", "VALIDATE_EXTERNAL", "EXTERNAL_MAPPING", "VALIDATE_ID", "ID_MAPPING", "MAP_FROM_CR", "EDITABLE", "SOURCE_ID") VALUES (101, 'CHARGE_ID', null, 'cr.id', to_date('2011-03-16 10:02:10', 'yyyy-mm-dd hh24:mi:ss'), 'PWRPLANT', 1, 1, 0, -1, 0, -1, 1, 0, 14) ; 
INSERT INTO "CR_TO_CWIP_CONTROL" ("CONTROL_ID", "CWIP_COL", "TRANSLATE_ID", "VAL_TO_INSERT", "TIME_STAMP", "USER_ID", "ORDER", "ACTIVE_MAPPING", "VALIDATE_EXTERNAL", "EXTERNAL_MAPPING", "VALIDATE_ID", "ID_MAPPING", "MAP_FROM_CR", "EDITABLE", "SOURCE_ID") VALUES (102, 'CHARGE_AUDIT_ID', null, '0', to_date('2011-03-15 11:04:00', 'yyyy-mm-dd hh24:mi:ss'), 'PWRPLANT', 2, 1, 0, -1, 0, -1, 0, 0, 14) ; 
INSERT INTO "CR_TO_CWIP_CONTROL" ("CONTROL_ID", "CWIP_COL", "TRANSLATE_ID", "VAL_TO_INSERT", "TIME_STAMP", "USER_ID", "ORDER", "ACTIVE_MAPPING", "VALIDATE_EXTERNAL", "EXTERNAL_MAPPING", "VALIDATE_ID", "ID_MAPPING", "MAP_FROM_CR", "EDITABLE", "SOURCE_ID") VALUES (103, 'QUANTITY', null, 'cr."QUANTITY"', to_date('2011-03-15 11:04:00', 'yyyy-mm-dd hh24:mi:ss'), 'PWRPLANT', 3, 1, 0, -1, 0, -1, 1, 1, 14) ; 
INSERT INTO "CR_TO_CWIP_CONTROL" ("CONTROL_ID", "CWIP_COL", "TRANSLATE_ID", "VAL_TO_INSERT", "TIME_STAMP", "USER_ID", "ORDER", "ACTIVE_MAPPING", "VALIDATE_EXTERNAL", "EXTERNAL_MAPPING", "VALIDATE_ID", "ID_MAPPING", "MAP_FROM_CR", "EDITABLE", "SOURCE_ID") VALUES (104, 'AMOUNT', null, 'cr."AMOUNT"', to_date('2011-03-15 11:04:00', 'yyyy-mm-dd hh24:mi:ss'), 'PWRPLANT', 4, 1, 0, -1, 0, -1, 1, 1, 14) ; 
INSERT INTO "CR_TO_CWIP_CONTROL" ("CONTROL_ID", "CWIP_COL", "TRANSLATE_ID", "VAL_TO_INSERT", "TIME_STAMP", "USER_ID", "ORDER", "ACTIVE_MAPPING", "VALIDATE_EXTERNAL", "EXTERNAL_MAPPING", "VALIDATE_ID", "ID_MAPPING", "MAP_FROM_CR", "EDITABLE", "SOURCE_ID") VALUES (105, 'EXPENDITURE_TYPE_ID', null, '0', to_date('2011-03-15 18:11:26', 'yyyy-mm-dd hh24:mi:ss'), 'PWRPLANT', 5, 1, 1, 102, 0, 102, 0, 1, 14) ; 
INSERT INTO "CR_TO_CWIP_CONTROL" ("CONTROL_ID", "CWIP_COL", "TRANSLATE_ID", "VAL_TO_INSERT", "TIME_STAMP", "USER_ID", "ORDER", "ACTIVE_MAPPING", "VALIDATE_EXTERNAL", "EXTERNAL_MAPPING", "VALIDATE_ID", "ID_MAPPING", "MAP_FROM_CR", "EDITABLE", "SOURCE_ID") VALUES (106, 'HOURS', null, '0', to_date('2011-03-15 11:04:00', 'yyyy-mm-dd hh24:mi:ss'), 'PWRPLANT', 6, 1, 0, -1, 0, -1, 0, 1, 14) ; 
INSERT INTO "CR_TO_CWIP_CONTROL" ("CONTROL_ID", "CWIP_COL", "TRANSLATE_ID", "VAL_TO_INSERT", "TIME_STAMP", "USER_ID", "ORDER", "ACTIVE_MAPPING", "VALIDATE_EXTERNAL", "EXTERNAL_MAPPING", "VALIDATE_ID", "ID_MAPPING", "MAP_FROM_CR", "EDITABLE", "SOURCE_ID") VALUES (107, 'MONTH_NUMBER', null, 'cr."MONTH_NUMBER"', to_date('2011-03-15 11:04:00', 'yyyy-mm-dd hh24:mi:ss'), 'PWRPLANT', 7, 1, 0, -1, 0, -1, 1, 1, 14) ; 
INSERT INTO "CR_TO_CWIP_CONTROL" ("CONTROL_ID", "CWIP_COL", "TRANSLATE_ID", "VAL_TO_INSERT", "TIME_STAMP", "USER_ID", "ORDER", "ACTIVE_MAPPING", "VALIDATE_EXTERNAL", "EXTERNAL_MAPPING", "VALIDATE_ID", "ID_MAPPING", "MAP_FROM_CR", "EDITABLE", "SOURCE_ID") VALUES (108, 'STATUS', null, null, to_date('2011-03-15 11:04:00', 'yyyy-mm-dd hh24:mi:ss'), 'PWRPLANT', 8, 0, 0, -1, 0, -1, 1, 1, 14) ; 
INSERT INTO "CR_TO_CWIP_CONTROL" ("CONTROL_ID", "CWIP_COL", "TRANSLATE_ID", "VAL_TO_INSERT", "TIME_STAMP", "USER_ID", "ORDER", "ACTIVE_MAPPING", "VALIDATE_EXTERNAL", "EXTERNAL_MAPPING", "VALIDATE_ID", "ID_MAPPING", "MAP_FROM_CR", "EDITABLE", "SOURCE_ID") VALUES (109, 'JOURNAL_CODE', null, 'cr."GL_JOURNAL_CATEGORY"', to_date('2011-03-15 11:04:00', 'yyyy-mm-dd hh24:mi:ss'), 'PWRPLANT', 9, 1, 0, -1, 0, -1, 1, 1, 14) ; 
INSERT INTO "CR_TO_CWIP_CONTROL" ("CONTROL_ID", "CWIP_COL", "TRANSLATE_ID", "VAL_TO_INSERT", "TIME_STAMP", "USER_ID", "ORDER", "ACTIVE_MAPPING", "VALIDATE_EXTERNAL", "EXTERNAL_MAPPING", "VALIDATE_ID", "ID_MAPPING", "MAP_FROM_CR", "EDITABLE", "SOURCE_ID") VALUES (110, 'COMPANY_ID', 1, 'cr."COMPANY"', to_date('2011-03-15 11:04:00', 'yyyy-mm-dd hh24:mi:ss'), 'PWRPLANT', 10, 1, 1, 1, 0, 51, 1, 1, 14) ; 
INSERT INTO "CR_TO_CWIP_CONTROL" ("CONTROL_ID", "CWIP_COL", "TRANSLATE_ID", "VAL_TO_INSERT", "TIME_STAMP", "USER_ID", "ORDER", "ACTIVE_MAPPING", "VALIDATE_EXTERNAL", "EXTERNAL_MAPPING", "VALIDATE_ID", "ID_MAPPING", "MAP_FROM_CR", "EDITABLE", "SOURCE_ID") VALUES (111, 'WORK_ORDER_ID', 11, 'cr."WORK_ORDER_NUMBER"', to_date('2011-03-15 11:04:00', 'yyyy-mm-dd hh24:mi:ss'), 'PWRPLANT', 11, 1, 1, 11, 0, 11, 1, 1, 14) ; 
INSERT INTO "CR_TO_CWIP_CONTROL" ("CONTROL_ID", "CWIP_COL", "TRANSLATE_ID", "VAL_TO_INSERT", "TIME_STAMP", "USER_ID", "ORDER", "ACTIVE_MAPPING", "VALIDATE_EXTERNAL", "EXTERNAL_MAPPING", "VALIDATE_ID", "ID_MAPPING", "MAP_FROM_CR", "EDITABLE", "SOURCE_ID") VALUES (112, 'DEPARTMENT_ID', 2, 'cr."COST_CENTER"', to_date('2011-03-15 11:04:00', 'yyyy-mm-dd hh24:mi:ss'), 'PWRPLANT', 12, 1, 1, 2, 0, 52, 1, 1, 14) ; 
INSERT INTO "CR_TO_CWIP_CONTROL" ("CONTROL_ID", "CWIP_COL", "TRANSLATE_ID", "VAL_TO_INSERT", "TIME_STAMP", "USER_ID", "ORDER", "ACTIVE_MAPPING", "VALIDATE_EXTERNAL", "EXTERNAL_MAPPING", "VALIDATE_ID", "ID_MAPPING", "MAP_FROM_CR", "EDITABLE", "SOURCE_ID") VALUES (113, 'COST_ELEMENT_ID', 3, 'cr."COST_ELEMENT"', to_date('2011-03-15 11:04:00', 'yyyy-mm-dd hh24:mi:ss'), 'PWRPLANT', 13, 1, 1, 3, 0, 53, 1, 1, 14) ; 

-- cr_to_cwip_translate
INSERT INTO "CR_TO_CWIP_TRANSLATE" ("TRANSLATE_ID", "WHERE_ID", "VAL_TO_INSERT", "TIME_STAMP", "USER_ID", "DESCRIPTION", "LONG_DESCRIPTION", "ERROR_CODE", "ERROR_ORDER") VALUES (1, 1, 'cs.company_id', null, null, 'External Company', 'External Company ID', null, null) ; 
INSERT INTO "CR_TO_CWIP_TRANSLATE" ("TRANSLATE_ID", "WHERE_ID", "VAL_TO_INSERT", "TIME_STAMP", "USER_ID", "DESCRIPTION", "LONG_DESCRIPTION", "ERROR_CODE", "ERROR_ORDER") VALUES (2, 2, 'd.department_id', null, null, 'External Department', 'External Department ID', 903, 3) ; 
INSERT INTO "CR_TO_CWIP_TRANSLATE" ("TRANSLATE_ID", "WHERE_ID", "VAL_TO_INSERT", "TIME_STAMP", "USER_ID", "DESCRIPTION", "LONG_DESCRIPTION", "ERROR_CODE", "ERROR_ORDER") VALUES (3, 3, 'ce.cost_element_id', null, null, 'External Cost Element', 'External Cost Element ID', 904, 4) ; 
INSERT INTO "CR_TO_CWIP_TRANSLATE" ("TRANSLATE_ID", "WHERE_ID", "VAL_TO_INSERT", "TIME_STAMP", "USER_ID", "DESCRIPTION", "LONG_DESCRIPTION", "ERROR_CODE", "ERROR_ORDER") VALUES (4, 4, 'ce.charge_type_id', null, null, 'External Charge Type', 'External Charge Type ID', null, null) ; 
INSERT INTO "CR_TO_CWIP_TRANSLATE" ("TRANSLATE_ID", "WHERE_ID", "VAL_TO_INSERT", "TIME_STAMP", "USER_ID", "DESCRIPTION", "LONG_DESCRIPTION", "ERROR_CODE", "ERROR_ORDER") VALUES (5, 5, 'ce.description', null, null, 'External Description', 'External Description', null, null) ; 
INSERT INTO "CR_TO_CWIP_TRANSLATE" ("TRANSLATE_ID", "WHERE_ID", "VAL_TO_INSERT", "TIME_STAMP", "USER_ID", "DESCRIPTION", "LONG_DESCRIPTION", "ERROR_CODE", "ERROR_ORDER") VALUES (6, 6, 'gla.gl_account_id', null, null, 'External GL Account', 'External GL Account ID', 905, 5) ; 
INSERT INTO "CR_TO_CWIP_TRANSLATE" ("TRANSLATE_ID", "WHERE_ID", "VAL_TO_INSERT", "TIME_STAMP", "USER_ID", "DESCRIPTION", "LONG_DESCRIPTION", "ERROR_CODE", "ERROR_ORDER") VALUES (7, 7, 'jtl.job_task_id', null, null, 'External Job Task', 'External Job Task ID', 902, 2) ; 
INSERT INTO "CR_TO_CWIP_TRANSLATE" ("TRANSLATE_ID", "WHERE_ID", "VAL_TO_INSERT", "TIME_STAMP", "USER_ID", "DESCRIPTION", "LONG_DESCRIPTION", "ERROR_CODE", "ERROR_ORDER") VALUES (8, 8, 'al.asset_location_id', null, null, 'External Asset Loc', 'External Asset Location ID', null, null) ; 
INSERT INTO "CR_TO_CWIP_TRANSLATE" ("TRANSLATE_ID", "WHERE_ID", "VAL_TO_INSERT", "TIME_STAMP", "USER_ID", "DESCRIPTION", "LONG_DESCRIPTION", "ERROR_CODE", "ERROR_ORDER") VALUES (9, 9, 'ru.retirement_unit_id', null, null, 'External Retire Unit', 'External Retire Unit ID', null, null) ; 
INSERT INTO "CR_TO_CWIP_TRANSLATE" ("TRANSLATE_ID", "WHERE_ID", "VAL_TO_INSERT", "TIME_STAMP", "USER_ID", "DESCRIPTION", "LONG_DESCRIPTION", "ERROR_CODE", "ERROR_ORDER") VALUES (10, 10, 'bs.bus_segment_id', null, null, 'External Bus Segment', 'External Business Segment ID', null, null) ; 
INSERT INTO "CR_TO_CWIP_TRANSLATE" ("TRANSLATE_ID", "WHERE_ID", "VAL_TO_INSERT", "TIME_STAMP", "USER_ID", "DESCRIPTION", "LONG_DESCRIPTION", "ERROR_CODE", "ERROR_ORDER") VALUES (11, 11, 'woc.work_order_id', null, null, 'Work Order ID', 'Work Order ID', 901, 1) ; 
INSERT INTO "CR_TO_CWIP_TRANSLATE" ("TRANSLATE_ID", "WHERE_ID", "VAL_TO_INSERT", "TIME_STAMP", "USER_ID", "DESCRIPTION", "LONG_DESCRIPTION", "ERROR_CODE", "ERROR_ORDER") VALUES (51, 51, 'cs.company_id', null, null, 'Company', 'Company ID', null, null) ; 
INSERT INTO "CR_TO_CWIP_TRANSLATE" ("TRANSLATE_ID", "WHERE_ID", "VAL_TO_INSERT", "TIME_STAMP", "USER_ID", "DESCRIPTION", "LONG_DESCRIPTION", "ERROR_CODE", "ERROR_ORDER") VALUES (52, 52, 'd.department_id', null, null, 'Department', 'Department ID', 903, 3) ; 
INSERT INTO "CR_TO_CWIP_TRANSLATE" ("TRANSLATE_ID", "WHERE_ID", "VAL_TO_INSERT", "TIME_STAMP", "USER_ID", "DESCRIPTION", "LONG_DESCRIPTION", "ERROR_CODE", "ERROR_ORDER") VALUES (53, 53, 'ce.cost_element_id', null, null, 'Cost Element', 'Cost Element ID', 904, 4) ; 
INSERT INTO "CR_TO_CWIP_TRANSLATE" ("TRANSLATE_ID", "WHERE_ID", "VAL_TO_INSERT", "TIME_STAMP", "USER_ID", "DESCRIPTION", "LONG_DESCRIPTION", "ERROR_CODE", "ERROR_ORDER") VALUES (54, 54, 'ce.charge_type_id', null, null, 'Charge Type', 'Charge Type ID', null, null) ; 
INSERT INTO "CR_TO_CWIP_TRANSLATE" ("TRANSLATE_ID", "WHERE_ID", "VAL_TO_INSERT", "TIME_STAMP", "USER_ID", "DESCRIPTION", "LONG_DESCRIPTION", "ERROR_CODE", "ERROR_ORDER") VALUES (55, 55, 'ce.description', null, null, 'Description', 'Description', null, null) ; 
INSERT INTO "CR_TO_CWIP_TRANSLATE" ("TRANSLATE_ID", "WHERE_ID", "VAL_TO_INSERT", "TIME_STAMP", "USER_ID", "DESCRIPTION", "LONG_DESCRIPTION", "ERROR_CODE", "ERROR_ORDER") VALUES (56, 56, 'gla.gl_account_id', null, null, 'GL Account', 'GL Account ID', 905, 5) ; 
INSERT INTO "CR_TO_CWIP_TRANSLATE" ("TRANSLATE_ID", "WHERE_ID", "VAL_TO_INSERT", "TIME_STAMP", "USER_ID", "DESCRIPTION", "LONG_DESCRIPTION", "ERROR_CODE", "ERROR_ORDER") VALUES (57, 57, 'cr.bsb', null, null, 'Job Task', 'Job Task ID', 902, 2) ; 
INSERT INTO "CR_TO_CWIP_TRANSLATE" ("TRANSLATE_ID", "WHERE_ID", "VAL_TO_INSERT", "TIME_STAMP", "USER_ID", "DESCRIPTION", "LONG_DESCRIPTION", "ERROR_CODE", "ERROR_ORDER") VALUES (58, 58, 'al.asset_location_id', null, null, 'Asset Loc', 'Asset Location ID', null, null) ; 
INSERT INTO "CR_TO_CWIP_TRANSLATE" ("TRANSLATE_ID", "WHERE_ID", "VAL_TO_INSERT", "TIME_STAMP", "USER_ID", "DESCRIPTION", "LONG_DESCRIPTION", "ERROR_CODE", "ERROR_ORDER") VALUES (59, 59, 'ru.retirement_unit_id', null, null, 'Retire Unit', 'Retire Unit ID', null, null) ; 
INSERT INTO "CR_TO_CWIP_TRANSLATE" ("TRANSLATE_ID", "WHERE_ID", "VAL_TO_INSERT", "TIME_STAMP", "USER_ID", "DESCRIPTION", "LONG_DESCRIPTION", "ERROR_CODE", "ERROR_ORDER") VALUES (60, 60, 'bs.bus_segment_id', null, null, 'Bus Segment', 'Business Segment ID', null, null) ; 

-- cr_to_cwip_translate_clause
INSERT INTO "CR_TO_CWIP_TRANSLATE_CLAUSE" ("WHERE_ID", "ROW_ID", "TIME_STAMP", "USER_ID", "LEFT_PAREN", "TABLE1", "COLUMN_NAME", "OPERATOR", "TABLE2", "VALUE1", "BETWEEN_AND", "VALUE2", "RIGHT_PAREN", "AND_OR") VALUES (1, 1, to_date('2011-03-15 11:04:00', 'yyyy-mm-dd hh24:mi:ss'), 'PWRPLANT', null, 1, 'cr."COMPANY"', '=', 6, 'cs.gl_company_no', null, null, null, null) ; 
INSERT INTO "CR_TO_CWIP_TRANSLATE_CLAUSE" ("WHERE_ID", "ROW_ID", "TIME_STAMP", "USER_ID", "LEFT_PAREN", "TABLE1", "COLUMN_NAME", "OPERATOR", "TABLE2", "VALUE1", "BETWEEN_AND", "VALUE2", "RIGHT_PAREN", "AND_OR") VALUES (2, 1, to_date('2011-03-15 11:04:00', 'yyyy-mm-dd hh24:mi:ss'), 'PWRPLANT', null, 1, 'cr."COST_CENTER"', '=', 2, 'd.external_department_code', null, null, null, null) ; 
INSERT INTO "CR_TO_CWIP_TRANSLATE_CLAUSE" ("WHERE_ID", "ROW_ID", "TIME_STAMP", "USER_ID", "LEFT_PAREN", "TABLE1", "COLUMN_NAME", "OPERATOR", "TABLE2", "VALUE1", "BETWEEN_AND", "VALUE2", "RIGHT_PAREN", "AND_OR") VALUES (3, 1, to_date('2011-03-15 11:04:00', 'yyyy-mm-dd hh24:mi:ss'), 'PWRPLANT', null, 1, 'cr."COST_ELEMENT"', '=', 3, 'ce.external_cost_element', null, null, null, null) ; 
INSERT INTO "CR_TO_CWIP_TRANSLATE_CLAUSE" ("WHERE_ID", "ROW_ID", "TIME_STAMP", "USER_ID", "LEFT_PAREN", "TABLE1", "COLUMN_NAME", "OPERATOR", "TABLE2", "VALUE1", "BETWEEN_AND", "VALUE2", "RIGHT_PAREN", "AND_OR") VALUES (4, 1, to_date('2011-03-15 11:04:00', 'yyyy-mm-dd hh24:mi:ss'), 'PWRPLANT', null, 1, 'cr."COST_ELEMENT"', '=', 3, 'ce.external_cost_element', null, null, null, null) ; 
INSERT INTO "CR_TO_CWIP_TRANSLATE_CLAUSE" ("WHERE_ID", "ROW_ID", "TIME_STAMP", "USER_ID", "LEFT_PAREN", "TABLE1", "COLUMN_NAME", "OPERATOR", "TABLE2", "VALUE1", "BETWEEN_AND", "VALUE2", "RIGHT_PAREN", "AND_OR") VALUES (5, 1, to_date('2011-03-15 11:04:00', 'yyyy-mm-dd hh24:mi:ss'), 'PWRPLANT', null, 1, 'cr."COST_ELEMENT"', '=', 3, 'ce.external_cost_element', null, null, null, null) ; 
INSERT INTO "CR_TO_CWIP_TRANSLATE_CLAUSE" ("WHERE_ID", "ROW_ID", "TIME_STAMP", "USER_ID", "LEFT_PAREN", "TABLE1", "COLUMN_NAME", "OPERATOR", "TABLE2", "VALUE1", "BETWEEN_AND", "VALUE2", "RIGHT_PAREN", "AND_OR") VALUES (6, 1, to_date('2011-03-16 08:40:21', 'yyyy-mm-dd hh24:mi:ss'), 'PWRPLANT', null, 1, 'decode(substr(cr."ACCOUNT",1,1),''1'',cr.account,''999999'')', '=', 4, 'gla.external_account_code', null, null, null, null) ; 
INSERT INTO "CR_TO_CWIP_TRANSLATE_CLAUSE" ("WHERE_ID", "ROW_ID", "TIME_STAMP", "USER_ID", "LEFT_PAREN", "TABLE1", "COLUMN_NAME", "OPERATOR", "TABLE2", "VALUE1", "BETWEEN_AND", "VALUE2", "RIGHT_PAREN", "AND_OR") VALUES (7, 2, to_date('2011-03-15 11:04:00', 'yyyy-mm-dd hh24:mi:ss'), 'PWRPLANT', null, 1, 'cr."ORDER_NUMBER"', '=', 8, 'jtl.external_job_task', null, null, null, null) ; 
INSERT INTO "CR_TO_CWIP_TRANSLATE_CLAUSE" ("WHERE_ID", "ROW_ID", "TIME_STAMP", "USER_ID", "LEFT_PAREN", "TABLE1", "COLUMN_NAME", "OPERATOR", "TABLE2", "VALUE1", "BETWEEN_AND", "VALUE2", "RIGHT_PAREN", "AND_OR") VALUES (8, 1, to_date('2011-03-15 11:04:00', 'yyyy-mm-dd hh24:mi:ss'), 'PWRPLANT', null, 1, 'cr.bsb', '=', 9, 'al.ext_asset_location', null, null, null, null) ; 
INSERT INTO "CR_TO_CWIP_TRANSLATE_CLAUSE" ("WHERE_ID", "ROW_ID", "TIME_STAMP", "USER_ID", "LEFT_PAREN", "TABLE1", "COLUMN_NAME", "OPERATOR", "TABLE2", "VALUE1", "BETWEEN_AND", "VALUE2", "RIGHT_PAREN", "AND_OR") VALUES (9, 1, to_date('2011-03-15 11:04:00', 'yyyy-mm-dd hh24:mi:ss'), 'PWRPLANT', null, 1, 'cr.bsb', '=', 11, 'ru.external_retire_unit', null, null, null, null) ; 
INSERT INTO "CR_TO_CWIP_TRANSLATE_CLAUSE" ("WHERE_ID", "ROW_ID", "TIME_STAMP", "USER_ID", "LEFT_PAREN", "TABLE1", "COLUMN_NAME", "OPERATOR", "TABLE2", "VALUE1", "BETWEEN_AND", "VALUE2", "RIGHT_PAREN", "AND_OR") VALUES (10, 1, to_date('2011-03-15 11:04:00', 'yyyy-mm-dd hh24:mi:ss'), 'PWRPLANT', null, 1, 'cr.bsb', '=', 12, 'bs.external_bus_segment', null, null, null, null) ; 
INSERT INTO "CR_TO_CWIP_TRANSLATE_CLAUSE" ("WHERE_ID", "ROW_ID", "TIME_STAMP", "USER_ID", "LEFT_PAREN", "TABLE1", "COLUMN_NAME", "OPERATOR", "TABLE2", "VALUE1", "BETWEEN_AND", "VALUE2", "RIGHT_PAREN", "AND_OR") VALUES (11, 1, to_date('2011-03-15 11:04:00', 'yyyy-mm-dd hh24:mi:ss'), 'PWRPLANT', '(', 1, 'cr."COMPANY"', '=', 6, 'cs.gl_company_no', null, null, null, 'AND') ; 
INSERT INTO "CR_TO_CWIP_TRANSLATE_CLAUSE" ("WHERE_ID", "ROW_ID", "TIME_STAMP", "USER_ID", "LEFT_PAREN", "TABLE1", "COLUMN_NAME", "OPERATOR", "TABLE2", "VALUE1", "BETWEEN_AND", "VALUE2", "RIGHT_PAREN", "AND_OR") VALUES (11, 2, to_date('2011-04-26 08:08:55', 'yyyy-mm-dd hh24:mi:ss'), 'PWRPLANT', null, 1, 'cr."WORK_ORDER_NUMBER"', '=', 5, 'woc.work_order_number', null, null, null, 'AND') ; 
INSERT INTO "CR_TO_CWIP_TRANSLATE_CLAUSE" ("WHERE_ID", "ROW_ID", "TIME_STAMP", "USER_ID", "LEFT_PAREN", "TABLE1", "COLUMN_NAME", "OPERATOR", "TABLE2", "VALUE1", "BETWEEN_AND", "VALUE2", "RIGHT_PAREN", "AND_OR") VALUES (11, 3, to_date('2011-03-15 11:04:00', 'yyyy-mm-dd hh24:mi:ss'), 'PWRPLANT', null, 5, 'woc.company_id', '=', 6, 'cs.company_id', null, null, null, 'AND') ; 
INSERT INTO "CR_TO_CWIP_TRANSLATE_CLAUSE" ("WHERE_ID", "ROW_ID", "TIME_STAMP", "USER_ID", "LEFT_PAREN", "TABLE1", "COLUMN_NAME", "OPERATOR", "TABLE2", "VALUE1", "BETWEEN_AND", "VALUE2", "RIGHT_PAREN", "AND_OR") VALUES (11, 4, to_date('2011-03-15 11:04:00', 'yyyy-mm-dd hh24:mi:ss'), 'PWRPLANT', null, 5, 'woc.funding_wo_indicator', '=', null, '0', null, null, ')', null) ; 
INSERT INTO "CR_TO_CWIP_TRANSLATE_CLAUSE" ("WHERE_ID", "ROW_ID", "TIME_STAMP", "USER_ID", "LEFT_PAREN", "TABLE1", "COLUMN_NAME", "OPERATOR", "TABLE2", "VALUE1", "BETWEEN_AND", "VALUE2", "RIGHT_PAREN", "AND_OR") VALUES (51, 1, to_date('2011-03-15 11:04:00', 'yyyy-mm-dd hh24:mi:ss'), 'PWRPLANT', null, 1, null, '=', 6, 'cs.company_id', null, null, null, null) ; 
INSERT INTO "CR_TO_CWIP_TRANSLATE_CLAUSE" ("WHERE_ID", "ROW_ID", "TIME_STAMP", "USER_ID", "LEFT_PAREN", "TABLE1", "COLUMN_NAME", "OPERATOR", "TABLE2", "VALUE1", "BETWEEN_AND", "VALUE2", "RIGHT_PAREN", "AND_OR") VALUES (52, 1, to_date('2011-03-15 11:04:00', 'yyyy-mm-dd hh24:mi:ss'), 'PWRPLANT', null, 1, 'cr."COST_CENTER"', '=', 2, 'd.department_id', null, null, null, null) ; 
INSERT INTO "CR_TO_CWIP_TRANSLATE_CLAUSE" ("WHERE_ID", "ROW_ID", "TIME_STAMP", "USER_ID", "LEFT_PAREN", "TABLE1", "COLUMN_NAME", "OPERATOR", "TABLE2", "VALUE1", "BETWEEN_AND", "VALUE2", "RIGHT_PAREN", "AND_OR") VALUES (53, 1, to_date('2011-03-15 11:04:00', 'yyyy-mm-dd hh24:mi:ss'), 'PWRPLANT', null, 1, null, '=', 3, 'ce.cost_element_id', null, null, null, null) ; 
INSERT INTO "CR_TO_CWIP_TRANSLATE_CLAUSE" ("WHERE_ID", "ROW_ID", "TIME_STAMP", "USER_ID", "LEFT_PAREN", "TABLE1", "COLUMN_NAME", "OPERATOR", "TABLE2", "VALUE1", "BETWEEN_AND", "VALUE2", "RIGHT_PAREN", "AND_OR") VALUES (54, 1, to_date('2011-03-15 11:04:00', 'yyyy-mm-dd hh24:mi:ss'), 'PWRPLANT', null, 1, null, '=', 3, 'ce.cost_element_id', null, null, null, null) ; 
INSERT INTO "CR_TO_CWIP_TRANSLATE_CLAUSE" ("WHERE_ID", "ROW_ID", "TIME_STAMP", "USER_ID", "LEFT_PAREN", "TABLE1", "COLUMN_NAME", "OPERATOR", "TABLE2", "VALUE1", "BETWEEN_AND", "VALUE2", "RIGHT_PAREN", "AND_OR") VALUES (55, 1, to_date('2011-03-15 11:04:00', 'yyyy-mm-dd hh24:mi:ss'), 'PWRPLANT', null, 1, null, '=', 3, 'ce.cost_element_id', null, null, null, null) ; 
INSERT INTO "CR_TO_CWIP_TRANSLATE_CLAUSE" ("WHERE_ID", "ROW_ID", "TIME_STAMP", "USER_ID", "LEFT_PAREN", "TABLE1", "COLUMN_NAME", "OPERATOR", "TABLE2", "VALUE1", "BETWEEN_AND", "VALUE2", "RIGHT_PAREN", "AND_OR") VALUES (56, 1, to_date('2011-03-15 11:04:00', 'yyyy-mm-dd hh24:mi:ss'), 'PWRPLANT', null, 1, null, '=', 4, 'gla.gl_account_id', null, null, null, null) ; 
INSERT INTO "CR_TO_CWIP_TRANSLATE_CLAUSE" ("WHERE_ID", "ROW_ID", "TIME_STAMP", "USER_ID", "LEFT_PAREN", "TABLE1", "COLUMN_NAME", "OPERATOR", "TABLE2", "VALUE1", "BETWEEN_AND", "VALUE2", "RIGHT_PAREN", "AND_OR") VALUES (57, 1, to_date('2011-03-15 11:04:00', 'yyyy-mm-dd hh24:mi:ss'), 'PWRPLANT', null, 1, 'cr."POSTING_WBS_ELEMENT"', 'in', null, '(select jtjt.job_task_id from job_task jtjt, work_order_control wocwoc, company_setup cscs  where jtjt.work_order_id = wocwoc.work_order_id and cscs.company_id = wocwoc.company_id and cr.bsbcomp = cscs.gl_company_no and  cr.bsbwo = wocwoc.work_order_number union select '' '' from dual)', null, null, null, null) ; 
INSERT INTO "CR_TO_CWIP_TRANSLATE_CLAUSE" ("WHERE_ID", "ROW_ID", "TIME_STAMP", "USER_ID", "LEFT_PAREN", "TABLE1", "COLUMN_NAME", "OPERATOR", "TABLE2", "VALUE1", "BETWEEN_AND", "VALUE2", "RIGHT_PAREN", "AND_OR") VALUES (58, 1, to_date('2011-03-15 11:04:00', 'yyyy-mm-dd hh24:mi:ss'), 'PWRPLANT', null, 1, 'cr.bsb', '=', 9, 'al.asset_location_id', null, null, null, null) ; 
INSERT INTO "CR_TO_CWIP_TRANSLATE_CLAUSE" ("WHERE_ID", "ROW_ID", "TIME_STAMP", "USER_ID", "LEFT_PAREN", "TABLE1", "COLUMN_NAME", "OPERATOR", "TABLE2", "VALUE1", "BETWEEN_AND", "VALUE2", "RIGHT_PAREN", "AND_OR") VALUES (59, 1, to_date('2011-03-15 11:04:00', 'yyyy-mm-dd hh24:mi:ss'), 'PWRPLANT', null, 1, 'cr.bsb', '=', 11, 'ru.retirement_unit_id', null, null, null, null) ; 
INSERT INTO "CR_TO_CWIP_TRANSLATE_CLAUSE" ("WHERE_ID", "ROW_ID", "TIME_STAMP", "USER_ID", "LEFT_PAREN", "TABLE1", "COLUMN_NAME", "OPERATOR", "TABLE2", "VALUE1", "BETWEEN_AND", "VALUE2", "RIGHT_PAREN", "AND_OR") VALUES (60, 1, to_date('2011-03-15 11:04:00', 'yyyy-mm-dd hh24:mi:ss'), 'PWRPLANT', null, 1, 'cr.bsb', '=', 12, 'bs.bus_segment_id', null, null, null, null) ; 
INSERT INTO "CR_TO_CWIP_TRANSLATE_CLAUSE" ("WHERE_ID", "ROW_ID", "TIME_STAMP", "USER_ID", "LEFT_PAREN", "TABLE1", "COLUMN_NAME", "OPERATOR", "TABLE2", "VALUE1", "BETWEEN_AND", "VALUE2", "RIGHT_PAREN", "AND_OR") VALUES (102, 1, to_date('2011-03-15 11:04:00', 'yyyy-mm-dd hh24:mi:ss'), 'PWRPLANT', null, 1, 'cr."ACCOUNT"', '=', 4, 'gla."EXTERNAL_ACCOUNT_CODE"', null, null, null, 'AND') ; 
INSERT INTO "CR_TO_CWIP_TRANSLATE_CLAUSE" ("WHERE_ID", "ROW_ID", "TIME_STAMP", "USER_ID", "LEFT_PAREN", "TABLE1", "COLUMN_NAME", "OPERATOR", "TABLE2", "VALUE1", "BETWEEN_AND", "VALUE2", "RIGHT_PAREN", "AND_OR") VALUES (102, 2, to_date('2011-03-15 11:04:00', 'yyyy-mm-dd hh24:mi:ss'), 'PWRPLANT', '(', null, '1', '=', null, '1', null, null, null, 'AND') ; 
INSERT INTO "CR_TO_CWIP_TRANSLATE_CLAUSE" ("WHERE_ID", "ROW_ID", "TIME_STAMP", "USER_ID", "LEFT_PAREN", "TABLE1", "COLUMN_NAME", "OPERATOR", "TABLE2", "VALUE1", "BETWEEN_AND", "VALUE2", "RIGHT_PAREN", "AND_OR") VALUES (102, 3, to_date('2011-03-15 11:04:00', 'yyyy-mm-dd hh24:mi:ss'), 'PWRPLANT', '(', 4, 'gla."GL_ACCOUNT_ID"', '=', 17, 'woa."CWIP_GL_ACCOUNT"', null, null, null, 'AND') ; 
INSERT INTO "CR_TO_CWIP_TRANSLATE_CLAUSE" ("WHERE_ID", "ROW_ID", "TIME_STAMP", "USER_ID", "LEFT_PAREN", "TABLE1", "COLUMN_NAME", "OPERATOR", "TABLE2", "VALUE1", "BETWEEN_AND", "VALUE2", "RIGHT_PAREN", "AND_OR") VALUES (102, 4, to_date('2011-03-15 11:04:00', 'yyyy-mm-dd hh24:mi:ss'), 'PWRPLANT', null, 16, 'et."EXPENDITURE_TYPE_ID"', '=', null, '1', null, null, ')', 'OR') ; 
INSERT INTO "CR_TO_CWIP_TRANSLATE_CLAUSE" ("WHERE_ID", "ROW_ID", "TIME_STAMP", "USER_ID", "LEFT_PAREN", "TABLE1", "COLUMN_NAME", "OPERATOR", "TABLE2", "VALUE1", "BETWEEN_AND", "VALUE2", "RIGHT_PAREN", "AND_OR") VALUES (102, 5, to_date('2011-03-15 11:04:00', 'yyyy-mm-dd hh24:mi:ss'), 'PWRPLANT', '(', 4, 'gla."GL_ACCOUNT_ID"', '=', 17, 'woa."REMOVAL_GL_ACCOUNT"', null, null, null, 'AND') ; 
INSERT INTO "CR_TO_CWIP_TRANSLATE_CLAUSE" ("WHERE_ID", "ROW_ID", "TIME_STAMP", "USER_ID", "LEFT_PAREN", "TABLE1", "COLUMN_NAME", "OPERATOR", "TABLE2", "VALUE1", "BETWEEN_AND", "VALUE2", "RIGHT_PAREN", "AND_OR") VALUES (102, 6, to_date('2011-03-15 11:04:00', 'yyyy-mm-dd hh24:mi:ss'), 'PWRPLANT', null, 16, 'et."EXPENDITURE_TYPE_ID"', '=', null, '2', null, null, ')', 'OR') ; 
INSERT INTO "CR_TO_CWIP_TRANSLATE_CLAUSE" ("WHERE_ID", "ROW_ID", "TIME_STAMP", "USER_ID", "LEFT_PAREN", "TABLE1", "COLUMN_NAME", "OPERATOR", "TABLE2", "VALUE1", "BETWEEN_AND", "VALUE2", "RIGHT_PAREN", "AND_OR") VALUES (102, 7, to_date('2011-03-15 11:04:00', 'yyyy-mm-dd hh24:mi:ss'), 'PWRPLANT', '(', 4, 'gla."GL_ACCOUNT_ID"', '=', 17, 'woa."SALVAGE_GL_ACCOUNT"', null, null, null, 'AND') ; 
INSERT INTO "CR_TO_CWIP_TRANSLATE_CLAUSE" ("WHERE_ID", "ROW_ID", "TIME_STAMP", "USER_ID", "LEFT_PAREN", "TABLE1", "COLUMN_NAME", "OPERATOR", "TABLE2", "VALUE1", "BETWEEN_AND", "VALUE2", "RIGHT_PAREN", "AND_OR") VALUES (102, 8, to_date('2011-03-15 11:04:00', 'yyyy-mm-dd hh24:mi:ss'), 'PWRPLANT', null, 16, 'et."EXPENDITURE_TYPE_ID"', '=', null, '2', null, null, ')', 'OR') ; 
INSERT INTO "CR_TO_CWIP_TRANSLATE_CLAUSE" ("WHERE_ID", "ROW_ID", "TIME_STAMP", "USER_ID", "LEFT_PAREN", "TABLE1", "COLUMN_NAME", "OPERATOR", "TABLE2", "VALUE1", "BETWEEN_AND", "VALUE2", "RIGHT_PAREN", "AND_OR") VALUES (102, 9, to_date('2011-03-15 11:04:00', 'yyyy-mm-dd hh24:mi:ss'), 'PWRPLANT', '(', 4, 'gla."GL_ACCOUNT_ID"', '=', 17, 'woa."NON_UNITIZED_GL_ACCOUNT"', null, null, null, 'AND') ; 
INSERT INTO "CR_TO_CWIP_TRANSLATE_CLAUSE" ("WHERE_ID", "ROW_ID", "TIME_STAMP", "USER_ID", "LEFT_PAREN", "TABLE1", "COLUMN_NAME", "OPERATOR", "TABLE2", "VALUE1", "BETWEEN_AND", "VALUE2", "RIGHT_PAREN", "AND_OR") VALUES (102, 10, to_date('2011-03-15 11:04:00', 'yyyy-mm-dd hh24:mi:ss'), 'PWRPLANT', null, 16, 'et."EXPENDITURE_TYPE_ID"', '=', null, '1', null, null, ')', 'OR') ; 
INSERT INTO "CR_TO_CWIP_TRANSLATE_CLAUSE" ("WHERE_ID", "ROW_ID", "TIME_STAMP", "USER_ID", "LEFT_PAREN", "TABLE1", "COLUMN_NAME", "OPERATOR", "TABLE2", "VALUE1", "BETWEEN_AND", "VALUE2", "RIGHT_PAREN", "AND_OR") VALUES (102, 11, to_date('2011-03-15 11:04:00', 'yyyy-mm-dd hh24:mi:ss'), 'PWRPLANT', '(', 4, 'gla."GL_ACCOUNT_ID"', '=', 17, 'woa."EXPENSE_GL_ACCOUNT"', null, null, null, 'AND') ; 
INSERT INTO "CR_TO_CWIP_TRANSLATE_CLAUSE" ("WHERE_ID", "ROW_ID", "TIME_STAMP", "USER_ID", "LEFT_PAREN", "TABLE1", "COLUMN_NAME", "OPERATOR", "TABLE2", "VALUE1", "BETWEEN_AND", "VALUE2", "RIGHT_PAREN", "AND_OR") VALUES (102, 12, to_date('2011-03-15 11:04:00', 'yyyy-mm-dd hh24:mi:ss'), 'PWRPLANT', null, 16, 'et."EXPENDITURE_TYPE_ID"', '=', null, '3', null, null, ')', 'AND') ; 
INSERT INTO "CR_TO_CWIP_TRANSLATE_CLAUSE" ("WHERE_ID", "ROW_ID", "TIME_STAMP", "USER_ID", "LEFT_PAREN", "TABLE1", "COLUMN_NAME", "OPERATOR", "TABLE2", "VALUE1", "BETWEEN_AND", "VALUE2", "RIGHT_PAREN", "AND_OR") VALUES (102, 13, to_date('2011-03-15 11:04:00', 'yyyy-mm-dd hh24:mi:ss'), 'PWRPLANT', null, null, '1', '=', null, '1', null, null, ')', 'AND') ; 
INSERT INTO "CR_TO_CWIP_TRANSLATE_CLAUSE" ("WHERE_ID", "ROW_ID", "TIME_STAMP", "USER_ID", "LEFT_PAREN", "TABLE1", "COLUMN_NAME", "OPERATOR", "TABLE2", "VALUE1", "BETWEEN_AND", "VALUE2", "RIGHT_PAREN", "AND_OR") VALUES (102, 14, to_date('2011-03-15 11:04:00', 'yyyy-mm-dd hh24:mi:ss'), 'PWRPLANT', null, 1, 'cr."MASTER_ORDER"', '=', 5, 'woc."WORK_ORDER_NUMBER"', null, null, null, 'AND') ; 
INSERT INTO "CR_TO_CWIP_TRANSLATE_CLAUSE" ("WHERE_ID", "ROW_ID", "TIME_STAMP", "USER_ID", "LEFT_PAREN", "TABLE1", "COLUMN_NAME", "OPERATOR", "TABLE2", "VALUE1", "BETWEEN_AND", "VALUE2", "RIGHT_PAREN", "AND_OR") VALUES (102, 15, to_date('2011-03-15 11:04:00', 'yyyy-mm-dd hh24:mi:ss'), 'PWRPLANT', null, 1, 'cr."COMPANY"', '=', 6, 'cs."GL_COMPANY_NO"', null, null, null, 'AND') ; 
INSERT INTO "CR_TO_CWIP_TRANSLATE_CLAUSE" ("WHERE_ID", "ROW_ID", "TIME_STAMP", "USER_ID", "LEFT_PAREN", "TABLE1", "COLUMN_NAME", "OPERATOR", "TABLE2", "VALUE1", "BETWEEN_AND", "VALUE2", "RIGHT_PAREN", "AND_OR") VALUES (102, 16, to_date('2011-03-15 11:04:00', 'yyyy-mm-dd hh24:mi:ss'), 'PWRPLANT', null, 6, 'cs."COMPANY_ID"', '=', 5, 'woc."COMPANY_ID"', null, null, null, 'AND') ; 
INSERT INTO "CR_TO_CWIP_TRANSLATE_CLAUSE" ("WHERE_ID", "ROW_ID", "TIME_STAMP", "USER_ID", "LEFT_PAREN", "TABLE1", "COLUMN_NAME", "OPERATOR", "TABLE2", "VALUE1", "BETWEEN_AND", "VALUE2", "RIGHT_PAREN", "AND_OR") VALUES (102, 17, to_date('2011-03-15 11:04:00', 'yyyy-mm-dd hh24:mi:ss'), 'PWRPLANT', null, 5, 'woc."WORK_ORDER_ID"', '=', 17, 'woa."WORK_ORDER_ID"', null, null, null, 'AND') ; 
INSERT INTO "CR_TO_CWIP_TRANSLATE_CLAUSE" ("WHERE_ID", "ROW_ID", "TIME_STAMP", "USER_ID", "LEFT_PAREN", "TABLE1", "COLUMN_NAME", "OPERATOR", "TABLE2", "VALUE1", "BETWEEN_AND", "VALUE2", "RIGHT_PAREN", "AND_OR") VALUES (102, 18, to_date('2011-03-15 11:04:00', 'yyyy-mm-dd hh24:mi:ss'), 'PWRPLANT', null, 5, 'woc."FUNDING_WO_INDICATOR"', '=', null, '0', null, null, null, null) ; 
INSERT INTO "CR_TO_CWIP_TRANSLATE_CLAUSE" ("WHERE_ID", "ROW_ID", "TIME_STAMP", "USER_ID", "LEFT_PAREN", "TABLE1", "COLUMN_NAME", "OPERATOR", "TABLE2", "VALUE1", "BETWEEN_AND", "VALUE2", "RIGHT_PAREN", "AND_OR") VALUES (103, 1, to_date('2011-03-15 11:04:00', 'yyyy-mm-dd hh24:mi:ss'), 'PWRPLANT', null, null, null, null, null, null, null, null, null, null) ; 
INSERT INTO "CR_TO_CWIP_TRANSLATE_CLAUSE" ("WHERE_ID", "ROW_ID", "TIME_STAMP", "USER_ID", "LEFT_PAREN", "TABLE1", "COLUMN_NAME", "OPERATOR", "TABLE2", "VALUE1", "BETWEEN_AND", "VALUE2", "RIGHT_PAREN", "AND_OR") VALUES (104, 1, to_date('2011-03-15 11:04:00', 'yyyy-mm-dd hh24:mi:ss'), 'PWRPLANT', null, null, null, null, null, null, null, null, null, null) ; 
INSERT INTO "CR_TO_CWIP_TRANSLATE_CLAUSE" ("WHERE_ID", "ROW_ID", "TIME_STAMP", "USER_ID", "LEFT_PAREN", "TABLE1", "COLUMN_NAME", "OPERATOR", "TABLE2", "VALUE1", "BETWEEN_AND", "VALUE2", "RIGHT_PAREN", "AND_OR") VALUES (105, 1, to_date('2011-03-15 11:04:00', 'yyyy-mm-dd hh24:mi:ss'), 'PWRPLANT', null, 1, 'cr."MATERIAL_NUMBER"', '=', 19, 'sku."STOCK_UNIT"(+)', null, null, null, null) ; 


/*
||===============================================================================================================
||
||  CR_POSTING.EXE:
||
||===============================================================================================================
*/


/*
||===============================================================================================================
||
||  OTHER:
||
||===============================================================================================================
*/

update cr_sources
set table_exists = 0;

update cr_system_control
set control_value = 'Account'
where control_id =8;

update cr_system_control
set control_value = 'Work Order Number'
where control_id = 5;

update cr_system_control
set control_value = 'Trading Partner'
where control_id = 62;

update cr_system_control
set control_value ='COMPANY'
where upper(trim(control_name)) = 'COMPANY FIELD';
commit;

-- -- Will get errors the first time these drops run, but want this script to be
-- -- re-runnable in case of config changes during pilot or testing.
drop table cr_sap_txn_stg;
drop table cr_sap_txn_arc;


create table cr_sap_txn_stg (
id number(22,0),
client varchar2(3),
company varchar2(10),
cost_center varchar2(10),
responsible_cost_center varchar2(10),
cost_element varchar2(10),
work_order_number varchar2(35),
order_number varchar2(12),
wbs_element varchar2(24),
operation varchar2(35),
profit_center varchar2(10),
account varchar2(10),
assignment varchar2(18),
business_area varchar2(4),
document_type varchar2(2),
trading_partner varchar2(10),
object_number varchar2(22),
tax_jurisdiction varchar2(15),
tax_code varchar2(2),
fiscal_year varchar2(4),
period varchar2(3),
posting_date varchar2(8),
document_date varchar2(8),
amount number(22,2),
quantity_entered number(22,4),
total_quantity number(22,4),
debit_credit_ind varchar2(1),
source_id number(22,0),
work_order_id number(22,0),
document_number varchar2(10),
doc_line_number varchar2(3),
doc_hdr_text varchar2(50), 
date_created varchar2(8),
time_created varchar2(6),
currency_code varchar2(5),
unit_of_measure varchar2(3),
material_number varchar2(18),
material_description varchar2(40),
material_tax_ind varchar2(1),
matl_valuation_class varchar2(4),
departure_country varchar2(3),
movement_type varchar2(3),
po_doc_number varchar2(10),
po_item_number varchar2(5),
po_item_text varchar2(40),
vendor_number varchar2(10),
vendor_name varchar2(35),
customer_number varchar2(10),
plant varchar2(4),
personnel_number varchar2(8),
personnel_sub_area varchar2(4),
employee_group varchar2(1),
employee_subgroup varchar2(2),
internal_characteristic varchar2(10),
characteristic_value varchar2(30),
ref_company varchar2(10),
ref_doc_number_cobk varchar2(10),
ref_line_number varchar2(3),
ref_transaction varchar2(5),
ref_fiscal_year varchar2(4),
ref_org_units varchar2(10),
ref_doc_number_bkpf varchar2(16),
fi_doc_number varchar2(10),
fi_doc_description varchar2(25),
fi_ref_key varchar2(20),
fi_line_number varchar2(3),
fi_line_description varchar2(50),
source_document varchar2(10),
source_company varchar2(10),
invoice_number varchar2(10),
svc_entry_sheet_num varchar2(10),
svc_entry_sheet_descr varchar2(40),
svc_entry_line_num number(22,0),
svc_entry_line_descr varchar2(40),
sap_name varchar2(80),
sap_user varchar2(12),
source_object varchar2(22),
partner_object varchar2(22),
business_transaction varchar2(4),
cr_derivation_rollup varchar2(35),
cr_deriver_type_estimate varchar2(35),
cr_derivation_string varchar2(254),
FIRST_NAME VARCHAR2(40), 
MIDDLE_NAME VARCHAR2(40), 
LAST_NAME VARCHAR2(40),
interface_batch_id varchar2(35),
upload_indicator varchar2(1),
ppc_err_msg varchar2(254),
orig_date date,
archive_date date) tablespace pwrplant;

alter table cr_sap_txn_stg add (
constraint cr_sap_txn_stg_pk primary key (id) using index tablespace pwrplant_idx);

create index cr_sap_txn_stg_src_id_ix on cr_sap_txn_stg (source_id) tablespace pwrplant_idx;

create or replace public synonym cr_sap_txn_stg for pwrplant.cr_sap_txn_stg;
grant all on cr_sap_txn_stg to pwrplant_role_dev;

create table cr_sap_txn_arc (
id number(22,0),
client varchar2(3),
company varchar2(10),
cost_center varchar2(10),
responsible_cost_center varchar2(10),
cost_element varchar2(10),
work_order_number varchar2(35),
order_number varchar2(12),
wbs_element varchar2(24),
operation varchar2(35),
profit_center varchar2(10),
account varchar2(10),
assignment varchar2(18),
business_area varchar2(4),
document_type varchar2(2),
trading_partner varchar2(10),
object_number varchar2(22),
tax_jurisdiction varchar2(15),
tax_code varchar2(2),
fiscal_year varchar2(4),
period varchar2(3),
posting_date varchar2(8),
document_date varchar2(8),
amount number(22,2),
quantity_entered number(22,4),
total_quantity number(22,4),
debit_credit_ind varchar2(1),
source_id number(22,0),
work_order_id number(22,0),
document_number varchar2(10),
doc_line_number varchar2(3),
doc_hdr_text varchar2(50), 
date_created varchar2(8),
time_created varchar2(6),
currency_code varchar2(5),
unit_of_measure varchar2(3),
material_number varchar2(18),
material_description varchar2(40),
material_tax_ind varchar2(1),
matl_valuation_class varchar2(4),
departure_country varchar2(3),
movement_type varchar2(3),
po_doc_number varchar2(10),
po_item_number varchar2(5),
po_item_text varchar2(40),
vendor_number varchar2(10),
vendor_name varchar2(35),
customer_number varchar2(10),
plant varchar2(4),
personnel_number varchar2(8),
personnel_sub_area varchar2(4),
employee_group varchar2(1),
employee_subgroup varchar2(2),
internal_characteristic varchar2(10),
characteristic_value varchar2(30),
ref_company varchar2(10),
ref_doc_number_cobk varchar2(10),
ref_line_number varchar2(3),
ref_transaction varchar2(5),
ref_fiscal_year varchar2(4),
ref_org_units varchar2(10),
ref_doc_number_bkpf varchar2(16),
fi_doc_number varchar2(16),
fi_doc_description varchar2(25),
fi_ref_key varchar2(20),
fi_line_number varchar2(3),
fi_line_description varchar2(50),
source_document varchar2(10),
source_company varchar2(10),
invoice_number varchar2(10),
svc_entry_sheet_num varchar2(10),
svc_entry_sheet_descr varchar2(40),
svc_entry_line_num number(22,0),
svc_entry_line_descr varchar2(40),
sap_name varchar2(80),
sap_user varchar2(12),
source_object varchar2(22),
partner_object varchar2(22),
business_transaction varchar2(4),
cr_derivation_rollup varchar2(35),
cr_deriver_type_estimate varchar2(35),
cr_derivation_string varchar2(254),
FIRST_NAME VARCHAR2(40), 
MIDDLE_NAME VARCHAR2(40), 
LAST_NAME VARCHAR2(40),
interface_batch_id varchar2(35),
upload_indicator varchar2(1),
ppc_err_msg varchar2(254),
orig_date date,
archive_date date) tablespace pwrplant;

alter table cr_sap_txn_arc add (
constraint cr_sap_txn_arc_pk primary key (id) using index tablespace pwrplant_idx);

create or replace public synonym cr_sap_txn_arc for pwrplant.cr_sap_txn_arc;
grant all on cr_sap_txn_arc to pwrplant_role_dev;